txn_id,user_id,amount_inr,ip_risk_score,distance_from_home_km,is_vpn,status,true_label
txn_9969f380,user_8630,48119.15,90,6535,True,BLOCKED,FRAUD
txn_be2d3888,user_7757,41246.55,91,1037,True,BLOCKED,FRAUD
txn_1aaa5939,user_7017,45373.92,77,469,True,BLOCKED,LEGITIMATE
txn_66a317fd,user_3135,14398.67,85,4616,True,BLOCKED,FRAUD
txn_58f6abae,user_9845,13149.32,93,5364,True,BLOCKED,FRAUD
txn_4290486d,user_6134,2296.57,90,6177,True,BLOCKED,FRAUD
txn_bbfbe883,user_6707,45131.39,62,332,False,BLOCKED,LEGITIMATE
txn_e379ac5f,user_5103,30849.22,62,379,True,BLOCKED,LEGITIMATE
txn_2f8aaf23,user_1041,18182.16,93,7510,True,BLOCKED,FRAUD
txn_9466f310,user_4654,28454.89,93,7533,True,BLOCKED,FRAUD
txn_a7f4f305,user_1107,11003.67,96,1771,True,BLOCKED,FRAUD
txn_db5d1c6b,user_5014,39233.11,85,8153,True,BLOCKED,FRAUD
txn_636431f8,user_7936,7224.9,97,7672,True,BLOCKED,FRAUD
txn_00e347a0,user_3670,28310.83,94,4911,True,BLOCKED,FRAUD
txn_dfb7da5a,user_8488,16136.15,86,2888,True,BLOCKED,FRAUD
txn_28d94e31,user_1910,34612.56,92,1055,True,BLOCKED,FRAUD
txn_fbedd1bf,user_8969,7063.33,90,7960,True,BLOCKED,FRAUD
txn_d2ef7702,user_2565,4646.56,62,498,True,BLOCKED,LEGITIMATE
txn_0df307e3,user_8736,34211.66,89,1253,True,BLOCKED,FRAUD
txn_df0cd005,user_5195,49139.09,61,331,True,BLOCKED,LEGITIMATE
txn_9a2bdf23,user_8471,45901.22,98,1403,True,BLOCKED,FRAUD
txn_ff178088,user_5002,44484.34,90,3504,True,BLOCKED,FRAUD
txn_e8a5fb5b,user_8264,33770.06,95,1793,True,BLOCKED,FRAUD
txn_fe3a2d17,user_7875,5303.25,91,8557,True,BLOCKED,FRAUD
txn_062b53c0,user_7885,31459.28,93,1294,True,BLOCKED,FRAUD
txn_8259f04c,user_6320,37323.04,95,5507,True,BLOCKED,FRAUD
txn_1fef226e,user_3899,20607.22,92,8616,True,BLOCKED,FRAUD
txn_d9842867,user_1749,12473.34,88,2723,True,BLOCKED,FRAUD
txn_d0d8c475,user_7946,24304.47,72,301,True,BLOCKED,LEGITIMATE
txn_524e4b7b,user_7977,44104.92,89,1693,True,BLOCKED,FRAUD
txn_d1f6c1ac,user_6871,7735.28,87,6286,True,BLOCKED,FRAUD
txn_c1917021,user_5454,11991.04,64,486,True,BLOCKED,LEGITIMATE
txn_ec1a73a4,user_4375,37346.2,99,8732,True,BLOCKED,FRAUD
txn_bc21ad91,user_1448,39085.28,93,3431,True,BLOCKED,FRAUD
txn_79385dd5,user_9200,19004.85,98,4009,True,BLOCKED,FRAUD
txn_09f8d002,user_7363,45510.93,93,5240,True,BLOCKED,FRAUD
txn_bfc344ff,user_4850,38981.21,89,4644,True,BLOCKED,FRAUD
txn_062e7270,user_8899,19333.24,96,1015,True,BLOCKED,FRAUD
txn_9d0426e8,user_3192,36582.14,76,130,False,BLOCKED,LEGITIMATE
txn_72dc46e8,user_5249,48913.87,92,2137,True,BLOCKED,FRAUD
txn_f893f9ba,user_9128,39998.81,85,7620,True,BLOCKED,FRAUD
txn_6e219c8c,user_5364,8093.48,60,144,False,BLOCKED,LEGITIMATE
txn_31ac23a7,user_5068,28747.79,76,305,True,BLOCKED,LEGITIMATE
txn_7575f30f,user_6706,13473.9,99,6074,True,BLOCKED,FRAUD
txn_5a396445,user_6414,43679.38,77,487,False,BLOCKED,LEGITIMATE
txn_5c324324,user_9426,11960.69,99,6162,True,BLOCKED,FRAUD
txn_9f6f7993,user_1209,21342.42,81,199,True,BLOCKED,LEGITIMATE
txn_ae735453,user_6624,31365.55,86,9219,True,BLOCKED,FRAUD
txn_de7dc747,user_5737,19575.37,96,2046,True,BLOCKED,FRAUD
txn_8aea1299,user_6397,44659.17,61,276,False,BLOCKED,LEGITIMATE
txn_3175e55c,user_5464,3608.6,98,6144,True,BLOCKED,FRAUD
txn_8026ee37,user_6300,27099.55,98,2797,True,BLOCKED,FRAUD
txn_806852d5,user_2344,13532.54,87,8711,True,BLOCKED,FRAUD
txn_2454a6e0,user_8223,16180.37,64,130,True,BLOCKED,LEGITIMATE
txn_c4393fdd,user_6673,10504.02,93,2427,True,BLOCKED,FRAUD
txn_8c90a4d1,user_4073,9430.87,95,1550,True,BLOCKED,FRAUD
txn_1f4ce481,user_3727,1303.71,86,5266,True,BLOCKED,FRAUD
txn_a913b2ce,user_4655,19805.81,96,6307,True,BLOCKED,FRAUD
txn_62c85b9d,user_9933,43048.28,82,487,False,BLOCKED,LEGITIMATE
txn_43b9d756,user_3149,34200.58,60,495,False,BLOCKED,LEGITIMATE
txn_3ddc3865,user_7321,40639.8,97,3566,True,BLOCKED,FRAUD
txn_4e00868e,user_1257,41424.95,94,3446,True,BLOCKED,FRAUD
txn_ae483551,user_7983,19471.22,99,2185,True,BLOCKED,FRAUD
txn_4164e246,user_5678,3747.84,90,2036,True,BLOCKED,FRAUD
txn_c1487a11,user_3498,47987.39,73,82,True,BLOCKED,LEGITIMATE
txn_a54f4bd1,user_4089,38341.84,91,1156,True,BLOCKED,FRAUD
txn_4cba1505,user_7836,35765.97,82,188,True,BLOCKED,LEGITIMATE
txn_93f72d2a,user_9031,2908.39,91,4035,True,BLOCKED,FRAUD
txn_50e62bf9,user_8305,26574.72,69,311,True,BLOCKED,LEGITIMATE
txn_d6135de3,user_9848,19351.35,99,1127,True,BLOCKED,FRAUD
txn_b6c3c912,user_2367,27982.3,91,4087,True,BLOCKED,FRAUD
txn_af1cb342,user_7751,33529.45,85,203,False,BLOCKED,LEGITIMATE
txn_c1b5da0f,user_1449,32751.37,99,4033,True,BLOCKED,FRAUD
txn_c5aeaa13,user_7270,37976.61,95,8304,True,BLOCKED,FRAUD
txn_9e182a1f,user_2763,32468.02,92,4625,True,BLOCKED,FRAUD
txn_2237e20b,user_7988,49560.3,96,2581,True,BLOCKED,FRAUD
txn_75c5faa1,user_7990,27823.0,95,2367,True,BLOCKED,FRAUD
txn_172a009a,user_5678,11638.13,94,3125,True,BLOCKED,FRAUD
txn_e22c679c,user_8312,8720.68,65,265,True,BLOCKED,LEGITIMATE
txn_f130a4ed,user_4420,18026.13,98,8590,True,BLOCKED,FRAUD
txn_1fc11ba3,user_6106,14173.54,89,8667,True,BLOCKED,FRAUD
txn_cb32f452,user_7477,7091.23,91,4256,True,BLOCKED,FRAUD
txn_85ed7460,user_2656,49308.59,98,2740,True,BLOCKED,FRAUD
txn_f1109d5a,user_7609,20020.49,90,9981,True,BLOCKED,FRAUD
txn_ae1619b1,user_9553,14024.73,91,1805,True,BLOCKED,FRAUD
txn_78b0b3f5,user_6535,49289.61,88,2413,True,BLOCKED,FRAUD
txn_7a56721a,user_8758,30140.58,79,189,True,BLOCKED,LEGITIMATE
txn_fb4166f6,user_7625,29033.98,63,115,True,BLOCKED,LEGITIMATE
txn_41cde32c,user_5802,10976.31,77,384,False,BLOCKED,LEGITIMATE
txn_36fa9cdb,user_4680,8577.38,95,2196,True,BLOCKED,FRAUD
txn_e16027f4,user_6452,42228.48,87,1908,True,BLOCKED,FRAUD
txn_b7ba9119,user_9673,2700.63,88,2825,True,BLOCKED,FRAUD
txn_622cf6d4,user_4061,21734.68,99,2336,True,BLOCKED,FRAUD
txn_bda3ae6a,user_4629,2736.67,60,474,False,BLOCKED,LEGITIMATE
txn_ad83c897,user_2179,35860.84,86,5696,True,BLOCKED,FRAUD
txn_4ac72a46,user_8604,42350.09,92,4845,True,BLOCKED,FRAUD
txn_0572cf32,user_4160,19532.84,97,6548,True,BLOCKED,FRAUD
txn_7faf23d3,user_3541,32618.96,97,2420,True,BLOCKED,FRAUD
txn_0e6b08e0,user_3625,14196.1,78,52,True,BLOCKED,LEGITIMATE
txn_8af71ba1,user_5593,41158.54,87,3455,True,BLOCKED,FRAUD
txn_a0159221,user_3099,19747.64,85,301,False,BLOCKED,LEGITIMATE
txn_529be524,user_4046,23987.92,86,4274,True,BLOCKED,FRAUD
txn_4b7d1017,user_8493,44869.02,85,1135,True,BLOCKED,FRAUD
txn_929a5fba,user_6014,6174.89,77,239,False,BLOCKED,LEGITIMATE
txn_0d2f804d,user_7548,1793.6,93,2823,True,BLOCKED,FRAUD
txn_95641a7a,user_3633,38295.14,89,3595,True,BLOCKED,FRAUD
txn_f4641ad6,user_9791,12743.72,79,264,False,BLOCKED,LEGITIMATE
txn_539e3d0c,user_7497,15104.21,99,5026,True,BLOCKED,FRAUD
txn_ca8c7d37,user_2393,22032.82,65,499,True,BLOCKED,LEGITIMATE
txn_9db22fbe,user_9677,11227.85,99,1148,True,BLOCKED,FRAUD
txn_64e8875b,user_5182,6787.01,77,331,True,BLOCKED,LEGITIMATE
txn_c40ddbba,user_5455,22208.9,86,4587,True,BLOCKED,FRAUD
txn_8d1e3adf,user_9399,12738.91,87,3797,True,BLOCKED,FRAUD
txn_5c9ebcf8,user_7455,11266.09,92,1316,True,BLOCKED,FRAUD
txn_8f1c5068,user_7559,43567.56,96,8737,True,BLOCKED,FRAUD
txn_c8b6c299,user_5336,33779.9,93,5511,True,BLOCKED,FRAUD
txn_128a96a6,user_8411,5891.96,71,206,True,BLOCKED,LEGITIMATE
txn_333fbd3d,user_3365,21013.09,89,2683,True,BLOCKED,FRAUD
txn_95397006,user_3958,18507.98,97,7564,True,BLOCKED,FRAUD
txn_43e1aed4,user_1445,22971.04,79,67,True,BLOCKED,LEGITIMATE
txn_e22f9e9c,user_7973,1858.04,92,7543,True,BLOCKED,FRAUD
txn_243da104,user_7903,35557.67,86,2810,True,BLOCKED,FRAUD
txn_22b5163f,user_2335,17886.17,94,5615,True,BLOCKED,FRAUD
txn_5d089646,user_7903,33856.99,85,6397,True,BLOCKED,FRAUD
txn_15104eab,user_2905,10175.13,88,4842,True,BLOCKED,FRAUD
txn_6bd062d7,user_7275,35614.24,86,1329,True,BLOCKED,FRAUD
txn_1ae3a5c7,user_2020,18053.18,88,3718,True,BLOCKED,FRAUD
txn_63c77de7,user_5997,46863.32,63,377,False,BLOCKED,LEGITIMATE
txn_de5b8a9b,user_3435,26296.97,76,332,True,BLOCKED,LEGITIMATE
txn_4d991cfb,user_3754,10704.51,82,102,True,BLOCKED,LEGITIMATE
txn_4a826907,user_8461,25223.24,60,352,True,BLOCKED,LEGITIMATE
txn_e6d8ddfc,user_3512,29124.08,99,8005,True,BLOCKED,FRAUD
txn_e2d0c402,user_2903,29652.1,91,9137,True,BLOCKED,FRAUD
txn_515f0399,user_5084,28396.07,92,4093,True,BLOCKED,FRAUD
txn_7a75a1c0,user_4077,3872.65,87,4031,True,BLOCKED,FRAUD
txn_ada3821e,user_7423,22657.75,90,3216,True,BLOCKED,FRAUD
txn_ca4abff9,user_5637,30646.37,92,3184,True,BLOCKED,FRAUD
txn_fdb1b20f,user_6239,22778.87,65,256,False,BLOCKED,LEGITIMATE
txn_818c870f,user_8451,40987.64,82,105,False,BLOCKED,LEGITIMATE
txn_51ac643e,user_3329,42121.98,95,2133,True,BLOCKED,FRAUD
txn_9553547d,user_6725,23554.33,94,4140,True,BLOCKED,FRAUD
txn_e4c602ce,user_1000,17112.46,95,2068,True,BLOCKED,FRAUD
txn_5121ae30,user_5302,24997.97,85,9900,True,BLOCKED,FRAUD
txn_fbd6caef,user_7867,6343.91,72,438,True,BLOCKED,LEGITIMATE
txn_7a681e63,user_7193,10255.19,91,9722,True,BLOCKED,FRAUD
txn_c724987e,user_4363,30052.17,98,9138,True,BLOCKED,FRAUD
txn_79412fc4,user_1014,8082.83,95,8991,True,BLOCKED,FRAUD
txn_e787aec6,user_2312,12147.84,79,460,False,BLOCKED,LEGITIMATE
txn_e3d6dd86,user_8885,2232.43,98,4199,True,BLOCKED,FRAUD
txn_c3ba29d4,user_3475,24357.23,86,6740,True,BLOCKED,FRAUD
txn_d300e7bb,user_2264,9236.13,86,9899,True,BLOCKED,FRAUD
txn_78e075f9,user_6335,20535.55,86,2047,True,BLOCKED,FRAUD
txn_9c4819aa,user_4472,32073.2,95,6517,True,BLOCKED,FRAUD
txn_3931a3b5,user_5913,15887.49,99,3550,True,BLOCKED,FRAUD
txn_3834a950,user_2678,33441.48,90,6414,True,BLOCKED,FRAUD
txn_115c97e3,user_4496,24568.72,94,8746,True,BLOCKED,FRAUD
txn_4238343b,user_6896,21224.92,80,147,True,BLOCKED,LEGITIMATE
txn_5cf3b4d3,user_6280,3745.93,74,276,False,BLOCKED,LEGITIMATE
txn_bb1d4eae,user_2888,21663.79,79,83,False,BLOCKED,LEGITIMATE
txn_0158da8f,user_6829,32340.59,88,4079,True,BLOCKED,FRAUD
txn_4c725e76,user_4937,26175.6,88,1988,True,BLOCKED,FRAUD
txn_e1cd1ed8,user_6888,27323.9,76,348,False,BLOCKED,LEGITIMATE
txn_918c419c,user_5222,42964.1,91,5933,True,BLOCKED,FRAUD
txn_62bccdb7,user_4138,3436.73,94,5173,True,BLOCKED,FRAUD
txn_44213f53,user_4201,47266.51,91,4710,True,BLOCKED,FRAUD
txn_f0de1f27,user_9706,4253.89,93,8006,True,BLOCKED,FRAUD
txn_40526e0e,user_9842,31133.15,94,2306,True,BLOCKED,FRAUD
txn_db99a08a,user_3408,9395.21,80,107,True,BLOCKED,LEGITIMATE
txn_ab214608,user_6945,8881.9,62,215,False,BLOCKED,LEGITIMATE
txn_262677f6,user_4936,28789.01,85,459,True,BLOCKED,LEGITIMATE
txn_92e527fd,user_9456,4127.66,61,51,True,BLOCKED,LEGITIMATE
txn_0f522b10,user_7498,28768.34,94,7639,True,BLOCKED,FRAUD
txn_450144af,user_1659,46642.53,99,6975,True,BLOCKED,FRAUD
txn_a1cf2d78,user_4088,20200.79,88,9367,True,BLOCKED,FRAUD
txn_97d3a77e,user_5985,47234.42,97,5657,True,BLOCKED,FRAUD
txn_1403a1b1,user_1284,48611.25,96,1113,True,BLOCKED,FRAUD
txn_d940a8e9,user_2800,46772.13,90,8206,True,BLOCKED,FRAUD
txn_031ab6b2,user_3132,42996.8,90,1709,True,BLOCKED,FRAUD
txn_41d64907,user_5112,18610.4,81,447,False,BLOCKED,LEGITIMATE
txn_6a62c717,user_9735,36119.06,91,7592,True,BLOCKED,FRAUD
txn_4659ecb5,user_2536,9735.75,60,343,True,BLOCKED,LEGITIMATE
txn_335dfac5,user_8617,2578.07,70,79,False,BLOCKED,LEGITIMATE
txn_e4f81626,user_3428,7894.22,78,500,True,BLOCKED,LEGITIMATE
txn_04504a41,user_6464,36063.17,99,6142,True,BLOCKED,FRAUD
txn_07e61131,user_1366,42556.63,96,8693,True,BLOCKED,FRAUD
txn_1ce53e1f,user_9448,15210.1,93,7371,True,BLOCKED,FRAUD
txn_69c005fb,user_4327,37702.06,97,5102,True,BLOCKED,FRAUD
txn_443ae6fa,user_7651,4781.88,70,177,True,BLOCKED,LEGITIMATE
txn_d0cf2eed,user_3700,14035.31,86,8590,True,BLOCKED,FRAUD
txn_cf6e0053,user_6025,27832.17,95,8650,True,BLOCKED,FRAUD
txn_c2a72e52,user_5877,11256.63,90,6764,True,BLOCKED,FRAUD
txn_1bcf86d4,user_2117,10791.88,98,4151,True,BLOCKED,FRAUD
txn_e09edc3e,user_7826,30956.63,74,384,False,BLOCKED,LEGITIMATE
txn_494ca328,user_7497,20426.92,97,1189,True,BLOCKED,FRAUD
txn_685d2e86,user_6647,14068.83,72,145,True,BLOCKED,LEGITIMATE
txn_c8865d46,user_8350,36995.75,74,476,False,BLOCKED,LEGITIMATE
txn_433f6d7c,user_9245,9780.56,97,9140,True,BLOCKED,FRAUD
txn_89861409,user_5385,6506.78,94,5104,True,BLOCKED,FRAUD
txn_dcca24bb,user_6059,17028.63,96,2654,True,BLOCKED,FRAUD
txn_cdaa1e7d,user_9217,4820.17,97,1190,True,BLOCKED,FRAUD
txn_39c0a253,user_2798,11295.05,87,5803,True,BLOCKED,FRAUD
txn_8b706e4f,user_3379,14956.09,89,9827,True,BLOCKED,FRAUD
txn_4b93a068,user_2482,3177.72,98,7598,True,BLOCKED,FRAUD
txn_ca104d9d,user_3487,32518.13,90,7800,True,BLOCKED,FRAUD
txn_cc490e32,user_5356,25640.12,63,485,True,BLOCKED,LEGITIMATE
txn_f57c690c,user_4577,9781.86,96,2982,True,BLOCKED,FRAUD
txn_cf208434,user_6942,29884.55,91,2918,True,BLOCKED,FRAUD
txn_be19dbae,user_9436,2452.22,86,3442,True,BLOCKED,FRAUD
txn_87222642,user_8443,11687.31,60,219,True,BLOCKED,LEGITIMATE
txn_dad9d141,user_9553,12915.3,81,134,True,BLOCKED,LEGITIMATE
txn_7f07623f,user_8220,2088.31,86,2126,True,BLOCKED,FRAUD
txn_d4987064,user_7819,11454.51,90,1898,True,BLOCKED,FRAUD
txn_efd6b642,user_3862,10685.63,88,2137,True,BLOCKED,FRAUD
txn_33af662b,user_7531,1918.4,92,8030,True,BLOCKED,FRAUD
txn_a2b766fe,user_2433,18540.92,72,412,True,BLOCKED,LEGITIMATE
txn_72a98a5f,user_2727,15912.26,91,6325,True,BLOCKED,FRAUD
txn_3220edb2,user_6114,32201.99,73,129,False,BLOCKED,LEGITIMATE
txn_573d47b4,user_7541,24971.46,77,157,True,BLOCKED,LEGITIMATE
txn_5b972e5a,user_8372,32191.16,81,144,False,BLOCKED,LEGITIMATE
txn_5e7892f6,user_9580,6314.55,99,6497,True,BLOCKED,FRAUD
txn_6898b696,user_9695,16266.07,94,2657,True,BLOCKED,FRAUD
txn_9a861baf,user_1679,12733.63,95,9279,True,BLOCKED,FRAUD
txn_b4f3567e,user_2427,8758.03,93,7278,True,BLOCKED,FRAUD
txn_a684faaf,user_1614,30559.4,91,6211,True,BLOCKED,FRAUD
txn_1237649f,user_4137,21427.83,79,292,True,BLOCKED,LEGITIMATE
txn_188ba376,user_7667,22005.86,86,7701,True,BLOCKED,FRAUD
txn_7447d584,user_6143,18245.14,62,325,False,BLOCKED,LEGITIMATE
txn_610524d5,user_4433,22249.64,94,3879,True,BLOCKED,FRAUD
txn_555c117a,user_8581,23838.75,94,9645,True,BLOCKED,FRAUD
txn_7caa8caf,user_6154,22888.58,91,5649,True,BLOCKED,FRAUD
txn_b2b8a312,user_2036,38249.97,61,193,True,BLOCKED,LEGITIMATE
txn_522cb28f,user_6419,22624.25,92,2261,True,BLOCKED,FRAUD
txn_46be6132,user_2604,37336.47,85,2107,True,BLOCKED,FRAUD
txn_876b5853,user_4743,7610.26,97,7584,True,BLOCKED,FRAUD
txn_930fa612,user_2239,43404.38,65,68,True,BLOCKED,LEGITIMATE
txn_7ad0a23d,user_8220,18663.83,69,218,False,BLOCKED,LEGITIMATE
txn_96c74d64,user_3797,15217.67,91,8671,True,BLOCKED,FRAUD
txn_c23568c6,user_3392,25346.95,82,88,True,BLOCKED,LEGITIMATE
txn_38dd0ba4,user_6090,17396.59,95,7492,True,BLOCKED,FRAUD
txn_69683c92,user_7251,27209.32,96,5729,True,BLOCKED,FRAUD
txn_24199c1d,user_9016,22732.17,99,5870,True,BLOCKED,FRAUD
txn_8afb55b2,user_9303,554.25,98,5601,True,BLOCKED,FRAUD
txn_6a4f1565,user_1495,41648.7,86,5861,True,BLOCKED,FRAUD
txn_89e97f82,user_2414,35502.6,85,6523,True,BLOCKED,FRAUD
txn_51b08b02,user_8241,19895.6,98,6449,True,BLOCKED,FRAUD
txn_045eaec4,user_9079,41608.4,88,2896,True,BLOCKED,FRAUD
txn_85f89937,user_8740,24678.58,86,7584,True,BLOCKED,FRAUD
txn_5ab8cfba,user_4225,35853.58,98,5503,True,BLOCKED,FRAUD
txn_73b4ad0a,user_5789,38717.43,99,8764,True,BLOCKED,FRAUD
txn_b607cccb,user_5770,8071.55,89,4965,True,BLOCKED,FRAUD
txn_17b418fe,user_8239,13830.13,99,7196,True,BLOCKED,FRAUD
txn_c4ad2027,user_6553,7805.24,65,489,True,BLOCKED,LEGITIMATE
txn_577fe5a0,user_4922,19943.18,61,395,False,BLOCKED,LEGITIMATE
txn_d6ac4fe6,user_1810,6026.47,99,8110,True,BLOCKED,FRAUD
txn_dbe335d0,user_1418,10740.58,98,8578,True,BLOCKED,FRAUD
txn_f17ec945,user_1185,7522.7,95,9590,True,BLOCKED,FRAUD
txn_b4b45e58,user_4149,48685.83,63,253,True,BLOCKED,LEGITIMATE
txn_8b5d6416,user_1366,47012.43,90,8569,True,BLOCKED,FRAUD
txn_f3b6731d,user_5941,2889.38,86,1091,True,BLOCKED,FRAUD
txn_ca1a54df,user_5477,47926.07,81,393,True,BLOCKED,LEGITIMATE
txn_5c589bbf,user_5359,42745.93,60,145,False,BLOCKED,LEGITIMATE
txn_21ff89aa,user_8941,13789.45,96,6816,True,BLOCKED,FRAUD
txn_b580e877,user_8321,17192.28,85,7551,True,BLOCKED,FRAUD
txn_4109f3df,user_5618,5490.48,70,361,False,BLOCKED,LEGITIMATE
txn_60062ca1,user_8813,17780.79,69,295,True,BLOCKED,LEGITIMATE
txn_deb78873,user_7359,18722.97,94,2942,True,BLOCKED,FRAUD
txn_6a5e692e,user_3252,21386.03,98,2678,True,BLOCKED,FRAUD
txn_6b9ce2bd,user_1582,8364.26,83,113,True,BLOCKED,LEGITIMATE
txn_349bc399,user_9153,26566.3,88,2801,True,BLOCKED,FRAUD
txn_0028efa6,user_9120,35201.19,85,6859,True,BLOCKED,FRAUD
txn_14733b08,user_3721,28676.84,94,4284,True,BLOCKED,FRAUD
txn_a124afe7,user_3043,9980.36,75,425,True,BLOCKED,LEGITIMATE
txn_ee462e9a,user_2932,30843.67,84,82,True,BLOCKED,LEGITIMATE
txn_409bdb61,user_7269,33568.32,91,4727,True,BLOCKED,FRAUD
txn_b02fd682,user_4779,13353.32,76,147,True,BLOCKED,LEGITIMATE
txn_a19292ea,user_9081,18059.63,83,89,True,BLOCKED,LEGITIMATE
txn_1cadf17d,user_7974,1047.15,63,398,True,BLOCKED,LEGITIMATE
txn_8472dcac,user_8110,48205.82,66,81,True,BLOCKED,LEGITIMATE
txn_9891e177,user_8362,19321.57,87,9392,True,BLOCKED,FRAUD
txn_b203aa2a,user_1261,15864.89,86,9151,True,BLOCKED,FRAUD
txn_2a66a2f9,user_5972,26737.07,89,5081,True,BLOCKED,FRAUD
txn_fdd931ac,user_7760,44189.88,96,1674,True,BLOCKED,FRAUD
txn_50064734,user_4400,38257.2,91,7184,True,BLOCKED,FRAUD
txn_92955dea,user_5812,43918.15,93,7290,True,BLOCKED,FRAUD
txn_2dd14ff5,user_8172,42337.62,78,127,False,BLOCKED,LEGITIMATE
txn_fa3ea5bb,user_8257,11210.64,90,1969,True,BLOCKED,FRAUD
txn_509074e7,user_1359,38652.18,91,8323,True,BLOCKED,FRAUD
txn_6b76e2db,user_6427,28112.64,97,6594,True,BLOCKED,FRAUD
txn_41a380d1,user_5919,36854.13,95,9347,True,BLOCKED,FRAUD
txn_4631f4b2,user_7252,7574.44,65,51,True,BLOCKED,LEGITIMATE
txn_2f3af42e,user_9577,17206.56,99,7144,True,BLOCKED,FRAUD
txn_3ccd4ad0,user_2870,45881.4,94,1715,True,BLOCKED,FRAUD
txn_5f546c83,user_8007,32906.43,95,2383,True,BLOCKED,FRAUD
txn_2d828ef2,user_9971,41499.16,69,287,False,BLOCKED,LEGITIMATE
txn_bd08337b,user_3079,24496.68,91,7588,True,BLOCKED,FRAUD
txn_99c76d53,user_4159,1192.11,65,224,True,BLOCKED,LEGITIMATE
txn_46ffe7e6,user_7520,32604.33,64,424,False,BLOCKED,LEGITIMATE
txn_f322edd6,user_1930,1415.23,99,3486,True,BLOCKED,FRAUD
txn_7f0a89d9,user_5524,6524.73,62,92,True,BLOCKED,LEGITIMATE
txn_b62e9368,user_5749,5709.35,71,225,True,BLOCKED,LEGITIMATE
txn_8f375c94,user_2906,16261.06,86,7060,True,BLOCKED,FRAUD
txn_d4dd8c3e,user_1651,25430.2,98,5061,True,BLOCKED,FRAUD
txn_916d3b39,user_4390,23044.43,73,320,True,BLOCKED,LEGITIMATE
txn_12bab714,user_8098,32754.62,74,187,True,BLOCKED,LEGITIMATE
txn_24125641,user_7119,25612.76,86,4099,True,BLOCKED,FRAUD
txn_c51da22f,user_8956,36772.43,85,4245,True,BLOCKED,FRAUD
txn_57ed344b,user_6138,47400.49,95,1861,True,BLOCKED,FRAUD
txn_84cab6d0,user_3836,31273.72,97,5000,True,BLOCKED,FRAUD
txn_11440af2,user_7231,43974.75,91,2222,True,BLOCKED,FRAUD
txn_8c222ceb,user_3893,8562.97,80,90,True,BLOCKED,LEGITIMATE
txn_e5f80169,user_8746,30776.38,91,1385,True,BLOCKED,FRAUD
txn_9a7d6bb4,user_1285,32759.97,88,5434,True,BLOCKED,FRAUD
txn_14b2d70f,user_6435,25440.29,90,4838,True,BLOCKED,FRAUD
txn_37059dc3,user_5368,38928.33,86,8009,True,BLOCKED,FRAUD
txn_c0eac4db,user_4303,46533.29,69,57,True,BLOCKED,LEGITIMATE
txn_61ef324b,user_7263,3681.88,88,1258,True,BLOCKED,FRAUD
txn_dc5582fb,user_5056,19234.8,89,2907,True,BLOCKED,FRAUD
txn_937e7271,user_2455,1150.53,96,1223,True,BLOCKED,FRAUD
txn_f3f77dd3,user_9171,23300.61,90,1519,True,BLOCKED,FRAUD
txn_e6d99b96,user_1299,31881.59,88,4363,True,BLOCKED,FRAUD
txn_5887582b,user_8455,19049.81,90,8963,True,BLOCKED,FRAUD
txn_354b3910,user_3714,49288.21,87,5109,True,BLOCKED,FRAUD
txn_bacc8a2e,user_6915,31257.19,85,6403,True,BLOCKED,FRAUD
txn_6232e42f,user_7601,5965.03,72,81,True,BLOCKED,LEGITIMATE
txn_b641c909,user_9943,1920.55,88,4511,True,BLOCKED,FRAUD
txn_df0c583d,user_4386,14101.54,94,5874,True,BLOCKED,FRAUD
txn_e864b11e,user_8783,42755.53,75,103,True,BLOCKED,LEGITIMATE
txn_ca183180,user_2183,13607.83,67,489,True,BLOCKED,LEGITIMATE
txn_54e11691,user_7144,21734.29,97,2189,True,BLOCKED,FRAUD
txn_5ca335f2,user_7919,9144.26,79,272,True,BLOCKED,LEGITIMATE
txn_65081db7,user_2395,3714.87,94,9364,True,BLOCKED,FRAUD
txn_1cc7fdad,user_8181,13737.19,93,1637,True,BLOCKED,FRAUD
txn_d1ea6358,user_5289,7505.17,86,5289,True,BLOCKED,FRAUD
txn_112b390f,user_2752,38383.84,89,2230,True,BLOCKED,FRAUD
txn_8f6aa095,user_7940,48769.81,96,1354,True,BLOCKED,FRAUD
txn_b814c538,user_1044,30995.94,89,8575,True,BLOCKED,FRAUD
txn_5f8c4438,user_2735,41137.08,95,3329,True,BLOCKED,FRAUD
txn_5adb4e61,user_2012,21400.97,61,183,True,BLOCKED,LEGITIMATE
txn_7d5d1c46,user_3965,35358.55,75,400,False,BLOCKED,LEGITIMATE
txn_34bb9cc3,user_7042,19046.16,87,5975,True,BLOCKED,FRAUD
txn_c835c408,user_3544,30017.11,89,1757,True,BLOCKED,FRAUD
txn_b89fcc87,user_4709,4610.44,85,2146,True,BLOCKED,FRAUD
txn_d04e572a,user_7083,8472.81,86,4090,True,BLOCKED,FRAUD
txn_426d3947,user_5354,44360.15,95,4305,True,BLOCKED,FRAUD
txn_ecdd2e73,user_6038,3615.09,99,3714,True,BLOCKED,FRAUD
txn_73459170,user_6038,20210.29,99,9889,True,BLOCKED,FRAUD
txn_296f60f9,user_8411,49276.11,82,68,False,BLOCKED,LEGITIMATE
txn_74c495b4,user_4922,18169.78,89,3228,True,BLOCKED,FRAUD
txn_6a6a55d2,user_2423,38007.88,98,1692,True,BLOCKED,FRAUD
txn_640a05d8,user_9560,38505.41,87,6897,True,BLOCKED,FRAUD
txn_b2fa73a0,user_3137,31912.69,78,305,False,BLOCKED,LEGITIMATE
txn_d9b52dda,user_2687,12845.19,82,80,False,BLOCKED,LEGITIMATE
txn_cd8501be,user_4882,25178.52,98,4122,True,BLOCKED,FRAUD
txn_1657bbaf,user_9931,31097.79,96,1912,True,BLOCKED,FRAUD
txn_bf926ba7,user_1299,23767.11,80,402,True,BLOCKED,LEGITIMATE
txn_0bc36c90,user_9401,27944.87,94,9892,True,BLOCKED,FRAUD
txn_12ed7d2f,user_4277,35730.12,95,1546,True,BLOCKED,FRAUD
txn_d639f993,user_1961,35407.19,92,8591,True,BLOCKED,FRAUD
txn_fcf50b64,user_2060,30896.57,96,4881,True,BLOCKED,FRAUD
txn_8138974b,user_8359,34971.4,76,481,True,BLOCKED,LEGITIMATE
txn_e4b8e3f5,user_6421,15858.13,79,99,False,BLOCKED,LEGITIMATE
txn_e0d12ecb,user_2538,39787.23,89,6762,True,BLOCKED,FRAUD
txn_dffe9b6e,user_5151,29478.82,64,245,False,BLOCKED,LEGITIMATE
txn_ae6cbb67,user_7966,34982.83,88,4876,True,BLOCKED,FRAUD
txn_5f741b9e,user_8077,39184.75,70,95,False,BLOCKED,LEGITIMATE
txn_05f1f1c8,user_3225,41342.02,69,372,False,BLOCKED,LEGITIMATE
txn_904a0360,user_4644,31192.22,89,8376,True,BLOCKED,FRAUD
txn_eb0c70c8,user_9647,24970.32,84,139,False,BLOCKED,LEGITIMATE
txn_284a89ba,user_5404,49534.39,79,181,False,BLOCKED,LEGITIMATE
txn_1efff114,user_6434,16842.45,96,9816,True,BLOCKED,FRAUD
txn_49610517,user_7301,15759.15,98,3058,True,BLOCKED,FRAUD
txn_f994b92e,user_3920,14562.56,72,455,True,BLOCKED,LEGITIMATE
txn_00a6fea3,user_6610,4416.8,91,2746,True,BLOCKED,FRAUD
txn_eed290e6,user_9797,27471.27,94,4672,True,BLOCKED,FRAUD
txn_2a659f97,user_5465,29420.17,73,326,False,BLOCKED,LEGITIMATE
txn_3134b863,user_3172,24190.58,79,276,True,BLOCKED,LEGITIMATE
txn_9819c506,user_6660,38287.81,87,2306,True,BLOCKED,FRAUD
txn_b9cc1cc1,user_7549,32125.39,91,5912,True,BLOCKED,FRAUD
txn_17e1e0ef,user_8135,26351.89,62,170,True,BLOCKED,LEGITIMATE
txn_d585e048,user_5539,38141.75,68,340,False,BLOCKED,LEGITIMATE
txn_e64ef12e,user_5782,30609.29,88,3613,True,BLOCKED,FRAUD
txn_aa1c5227,user_7229,21838.04,96,2153,True,BLOCKED,FRAUD
txn_01e341e4,user_9749,8249.02,85,400,False,BLOCKED,LEGITIMATE
txn_83cd1c63,user_4430,26301.53,85,5137,True,BLOCKED,FRAUD
txn_d415ab27,user_7411,36260.09,99,9269,True,BLOCKED,FRAUD
txn_120db24f,user_7519,8018.84,90,7722,True,BLOCKED,FRAUD
txn_8290b9cd,user_9341,31911.91,97,5956,True,BLOCKED,FRAUD
txn_6c6eef38,user_4793,12981.27,91,2481,True,BLOCKED,FRAUD
txn_cf6add1b,user_9856,5130.66,94,8207,True,BLOCKED,FRAUD
txn_86222b6c,user_7961,30520.84,88,4774,True,BLOCKED,FRAUD
txn_50fcb9a6,user_1103,48532.44,73,489,True,BLOCKED,LEGITIMATE
txn_5e5401b6,user_3871,21403.41,91,9004,True,BLOCKED,FRAUD
txn_e16802f7,user_6820,46090.38,87,7830,True,BLOCKED,FRAUD
txn_4fe37973,user_7692,19968.99,96,4553,True,BLOCKED,FRAUD
txn_cef93e78,user_3810,32738.43,98,3043,True,BLOCKED,FRAUD
txn_25116518,user_4743,35933.79,91,5555,True,BLOCKED,FRAUD
txn_d087447d,user_2820,42244.07,97,1713,True,BLOCKED,FRAUD
txn_9bdfdc3d,user_5466,7662.51,66,168,True,BLOCKED,LEGITIMATE
txn_af516a45,user_4922,49590.72,91,3236,True,BLOCKED,FRAUD
txn_1a4538d8,user_3136,23753.9,92,9136,True,BLOCKED,FRAUD
txn_38ba93f2,user_2228,39714.69,99,3009,True,BLOCKED,FRAUD
txn_8695ddbd,user_1645,21090.63,74,391,False,BLOCKED,LEGITIMATE
txn_61c41f76,user_6910,37902.22,74,185,False,BLOCKED,LEGITIMATE
txn_30ff2bd3,user_8178,25789.33,80,98,True,BLOCKED,LEGITIMATE
txn_ef297804,user_5227,5175.19,92,5846,True,BLOCKED,FRAUD
txn_83be8667,user_7256,25178.92,87,7937,True,BLOCKED,FRAUD
txn_8f9592ec,user_9961,26620.28,73,160,True,BLOCKED,LEGITIMATE
txn_46718733,user_8916,49758.53,86,1206,True,BLOCKED,FRAUD
txn_5886ee96,user_4475,38127.78,85,427,False,BLOCKED,LEGITIMATE
txn_7cd293e0,user_2780,22283.35,99,2442,True,BLOCKED,FRAUD
txn_134ab9eb,user_7952,30314.7,87,8960,True,BLOCKED,FRAUD
txn_59e40090,user_6684,31346.1,98,9775,True,BLOCKED,FRAUD
txn_f3918f34,user_4842,28619.54,72,411,False,BLOCKED,LEGITIMATE
txn_8176009b,user_1538,39481.23,93,1081,True,BLOCKED,FRAUD
txn_b3c710cc,user_3447,1361.72,70,85,True,BLOCKED,LEGITIMATE
txn_ef241289,user_9452,17027.04,93,4132,True,BLOCKED,FRAUD
txn_425c3d0b,user_3943,9586.89,90,3787,True,BLOCKED,FRAUD
txn_007d5f5b,user_8688,45994.71,85,8028,True,BLOCKED,FRAUD
txn_2f456545,user_1611,49643.07,90,6860,True,BLOCKED,FRAUD
txn_f621207a,user_4395,5105.76,62,183,False,BLOCKED,LEGITIMATE
txn_54c9baec,user_2946,47604.86,91,4094,True,BLOCKED,FRAUD
txn_40cfa3b5,user_9388,38020.52,68,473,False,BLOCKED,LEGITIMATE
txn_6f068c6c,user_8811,43556.25,97,5864,True,BLOCKED,FRAUD
txn_60af0525,user_7815,1999.77,75,116,False,BLOCKED,LEGITIMATE
txn_d7ae6090,user_4262,40211.27,67,422,True,BLOCKED,LEGITIMATE
txn_632273ca,user_1618,41637.66,65,192,True,BLOCKED,LEGITIMATE
txn_6e593c32,user_1245,26541.59,89,5721,True,BLOCKED,FRAUD
txn_b6c86c41,user_7555,15329.96,89,3791,True,BLOCKED,FRAUD
txn_d6378292,user_9936,46389.91,64,164,False,BLOCKED,LEGITIMATE
txn_83631712,user_7073,8868.88,85,193,False,BLOCKED,LEGITIMATE
txn_4b8fdbd8,user_8561,26827.9,87,5570,True,BLOCKED,FRAUD
txn_48c58811,user_8648,48600.9,90,2903,True,BLOCKED,FRAUD
txn_b8e25e92,user_9731,14909.87,93,8848,True,BLOCKED,FRAUD
txn_f432182c,user_2280,1229.86,87,1360,True,BLOCKED,FRAUD
txn_e726f27b,user_7651,8256.26,91,3147,True,BLOCKED,FRAUD
txn_fcbec969,user_3520,41158.31,78,84,False,BLOCKED,LEGITIMATE
txn_46a70acb,user_7953,43451.76,93,5534,True,BLOCKED,FRAUD
txn_6e0d2b40,user_1509,15299.92,94,6007,True,BLOCKED,FRAUD
txn_668352e9,user_5691,34986.2,85,5050,True,BLOCKED,FRAUD
txn_60839f3d,user_1842,35655.82,97,1939,True,BLOCKED,FRAUD
txn_a8c9b632,user_3555,13213.66,96,3237,True,BLOCKED,FRAUD
txn_e680e43f,user_8177,5990.82,74,478,False,BLOCKED,LEGITIMATE
txn_49724e4b,user_7544,35048.8,73,388,False,BLOCKED,LEGITIMATE
txn_f1522854,user_2257,6149.15,96,5222,True,BLOCKED,FRAUD
txn_ca54911d,user_8868,43573.83,63,183,False,BLOCKED,LEGITIMATE
txn_b5838ee4,user_4172,21335.63,88,8026,True,BLOCKED,FRAUD
txn_160b6799,user_3970,44048.77,94,6471,True,BLOCKED,FRAUD
txn_4b753013,user_5662,33037.22,76,237,True,BLOCKED,LEGITIMATE
txn_ed9f41f8,user_3631,11821.87,64,76,True,BLOCKED,LEGITIMATE
txn_273d92d0,user_1276,14645.8,87,4417,True,BLOCKED,FRAUD
txn_b17b6b2c,user_5980,24518.92,88,8393,True,BLOCKED,FRAUD
txn_1eab2c84,user_9524,27122.36,94,3032,True,BLOCKED,FRAUD
txn_92059010,user_7083,23584.4,71,429,True,BLOCKED,LEGITIMATE
txn_2f52d9b7,user_8678,29208.55,94,4974,True,BLOCKED,FRAUD
txn_000ba733,user_2553,10680.19,99,6576,True,BLOCKED,FRAUD
txn_7e50b25b,user_7189,27609.95,80,180,False,BLOCKED,LEGITIMATE
txn_76428dce,user_5653,7153.57,89,4568,True,BLOCKED,FRAUD
txn_193ac0ef,user_9311,8156.08,90,9098,True,BLOCKED,FRAUD
txn_5504ece0,user_9954,20549.47,92,7435,True,BLOCKED,FRAUD
txn_605c20b1,user_6694,40825.61,98,3041,True,BLOCKED,FRAUD
txn_cd08542a,user_2531,22124.35,99,6797,True,BLOCKED,FRAUD
txn_be066477,user_5345,26323.66,87,6723,True,BLOCKED,FRAUD
txn_3da6d1c7,user_8083,16206.68,92,5479,True,BLOCKED,FRAUD
txn_92c4982e,user_4178,25170.13,94,3987,True,BLOCKED,FRAUD
txn_272c9ee1,user_4806,22325.11,82,259,True,BLOCKED,LEGITIMATE
txn_a089f64a,user_3041,14079.05,96,2991,True,BLOCKED,FRAUD
txn_100dbb0a,user_2963,3042.75,86,7938,True,BLOCKED,FRAUD
txn_7423f919,user_8826,9875.1,95,7101,True,BLOCKED,FRAUD
txn_3e6e3818,user_5852,19007.38,99,8086,True,BLOCKED,FRAUD
txn_b0f6d1ec,user_8529,7629.02,85,7252,True,BLOCKED,FRAUD
txn_30910795,user_7063,1738.53,81,423,False,BLOCKED,LEGITIMATE
txn_cec3ad4e,user_4235,7236.68,86,1843,True,BLOCKED,FRAUD
txn_b68503a9,user_1729,28068.3,76,445,True,BLOCKED,LEGITIMATE
txn_8b72885c,user_9686,19703.12,72,410,True,BLOCKED,LEGITIMATE
txn_192e3c1e,user_4562,25535.56,88,9300,True,BLOCKED,FRAUD
txn_bf1a6781,user_6598,21672.8,61,61,False,BLOCKED,LEGITIMATE
txn_9a96353a,user_6341,6550.86,88,9150,True,BLOCKED,FRAUD
txn_bd532654,user_3413,18845.89,71,489,True,BLOCKED,LEGITIMATE
txn_b49edac6,user_9215,20657.96,82,350,False,BLOCKED,LEGITIMATE
txn_e066ab7e,user_1249,36474.67,69,317,False,BLOCKED,LEGITIMATE
txn_af54bdfa,user_7247,28185.12,90,9754,True,BLOCKED,FRAUD
txn_6de4b718,user_1781,39735.59,94,3468,True,BLOCKED,FRAUD
txn_f5621d48,user_8545,18716.84,88,9457,True,BLOCKED,FRAUD
txn_81bc609b,user_5036,42188.05,99,5883,True,BLOCKED,FRAUD
txn_620205b3,user_8710,44930.69,79,423,False,BLOCKED,LEGITIMATE
txn_bc71494d,user_1560,4608.77,64,385,False,BLOCKED,LEGITIMATE
txn_82b63a4d,user_7552,20705.56,94,7823,True,BLOCKED,FRAUD
txn_a72c365e,user_4547,11420.61,75,121,False,BLOCKED,LEGITIMATE
txn_b29f01bb,user_6709,32502.64,97,8397,True,BLOCKED,FRAUD
txn_b566e45e,user_5209,5860.48,88,8805,True,BLOCKED,FRAUD
txn_7eb6c522,user_8279,32984.1,68,96,True,BLOCKED,LEGITIMATE
txn_c193b90d,user_9372,42443.33,96,8212,True,BLOCKED,FRAUD
txn_2dd85d20,user_7836,35677.53,87,9230,True,BLOCKED,FRAUD
txn_60cd1ac9,user_6272,10758.85,62,338,True,BLOCKED,LEGITIMATE
txn_f9007293,user_3421,44810.2,97,6901,True,BLOCKED,FRAUD
txn_f2ac601c,user_5450,43145.43,95,6768,True,BLOCKED,FRAUD
txn_b08b14ae,user_6521,33074.14,94,7566,True,BLOCKED,FRAUD
txn_194c01a4,user_3491,7726.93,89,1897,True,BLOCKED,FRAUD
txn_8e1d17fc,user_6120,37562.61,88,4868,True,BLOCKED,FRAUD
txn_a51166a6,user_9789,19037.2,95,6765,True,BLOCKED,FRAUD
txn_1f84e255,user_9840,1222.23,96,3287,True,BLOCKED,FRAUD
txn_88fe6c14,user_8048,2960.91,99,2453,True,BLOCKED,FRAUD
txn_515dad7b,user_8464,37492.19,97,7942,True,BLOCKED,FRAUD
txn_1c1c6907,user_7949,35243.77,74,188,True,BLOCKED,LEGITIMATE
txn_7888af8b,user_9812,44036.53,92,4172,True,BLOCKED,FRAUD
txn_835f41c1,user_2334,48461.18,72,171,True,BLOCKED,LEGITIMATE
txn_668c8b29,user_6087,13622.57,92,9025,True,BLOCKED,FRAUD
txn_009f1053,user_2480,23493.32,66,292,True,BLOCKED,LEGITIMATE
txn_bddc3cf1,user_1723,26089.18,87,3712,True,BLOCKED,FRAUD
txn_ac4a7d75,user_7444,34253.28,87,6234,True,BLOCKED,FRAUD
txn_9d07e4d3,user_3466,15837.29,86,2120,True,BLOCKED,FRAUD
txn_315d7442,user_1452,38315.52,87,4176,True,BLOCKED,FRAUD
txn_5c2a2131,user_1090,2606.15,68,169,False,BLOCKED,LEGITIMATE
txn_a066746f,user_8152,32780.15,96,4339,True,BLOCKED,FRAUD
txn_ab50db7c,user_9469,28866.0,88,2214,True,BLOCKED,FRAUD
txn_8eeb22f5,user_2439,3548.11,95,8287,True,BLOCKED,FRAUD
txn_5eb0d330,user_1409,6982.4,62,214,True,BLOCKED,LEGITIMATE
txn_efd3b0d4,user_8382,19545.54,98,4913,True,BLOCKED,FRAUD
txn_f955310b,user_7046,20533.51,89,5678,True,BLOCKED,FRAUD
txn_46d34bcf,user_2181,38161.45,64,457,True,BLOCKED,LEGITIMATE
txn_26050e90,user_2189,15012.74,73,168,True,BLOCKED,LEGITIMATE
txn_106afad4,user_1071,32741.12,79,246,False,BLOCKED,LEGITIMATE
txn_9ce4611e,user_2575,45477.09,88,7336,True,BLOCKED,FRAUD
txn_4c7e1de1,user_4512,29480.18,94,4424,True,BLOCKED,FRAUD
txn_9d57644e,user_7515,12342.36,62,72,True,BLOCKED,LEGITIMATE
txn_045a09a5,user_8229,20648.34,96,8353,True,BLOCKED,FRAUD
txn_8b4780dc,user_3782,12750.58,91,2289,True,BLOCKED,FRAUD
txn_d2007a22,user_5172,12132.37,85,6886,True,BLOCKED,FRAUD
txn_912fbe13,user_1069,19967.94,94,2636,True,BLOCKED,FRAUD
txn_0fbf39fc,user_3444,24481.85,76,113,True,BLOCKED,LEGITIMATE
txn_98ea0023,user_2755,42761.99,96,8172,True,BLOCKED,FRAUD
txn_d06e998e,user_4440,44479.22,93,9278,True,BLOCKED,FRAUD
txn_aa7f29ef,user_9268,49873.9,95,8723,True,BLOCKED,FRAUD
txn_d49e4569,user_6097,46630.03,73,216,True,BLOCKED,LEGITIMATE
txn_bf1d9380,user_1322,11333.61,75,151,True,BLOCKED,LEGITIMATE
txn_e9fbd1f7,user_4979,23776.3,98,1986,True,BLOCKED,FRAUD
txn_db4a3406,user_5860,49444.35,96,5672,True,BLOCKED,FRAUD
txn_9a989af0,user_6135,47163.75,94,2447,True,BLOCKED,FRAUD
txn_2213af23,user_7696,48348.12,94,4593,True,BLOCKED,FRAUD
txn_08ba5304,user_8740,14217.99,99,4216,True,BLOCKED,FRAUD
txn_c9f7044f,user_9168,43228.14,79,211,False,BLOCKED,LEGITIMATE
txn_c1036896,user_3779,47771.75,85,2659,True,BLOCKED,FRAUD
txn_0428b47f,user_9590,23654.43,85,9472,True,BLOCKED,FRAUD
txn_7591cb6d,user_3265,16710.37,90,1317,True,BLOCKED,FRAUD
txn_36d5ec1c,user_8553,25271.39,89,4880,True,BLOCKED,FRAUD
txn_6aa00777,user_1173,33445.25,92,9192,True,BLOCKED,FRAUD
txn_53408624,user_1138,23977.85,91,2436,True,BLOCKED,FRAUD
txn_94e7aaae,user_7548,26163.93,88,3391,True,BLOCKED,FRAUD
txn_09325193,user_9561,26501.7,93,6372,True,BLOCKED,FRAUD
txn_895db263,user_7358,28282.05,68,448,False,BLOCKED,LEGITIMATE
txn_13468978,user_9775,21508.8,97,6477,True,BLOCKED,FRAUD
txn_a8824cdf,user_7575,27936.07,91,7052,True,BLOCKED,FRAUD
txn_00d78c26,user_9356,16128.37,80,497,True,BLOCKED,LEGITIMATE
txn_4d7b5571,user_3652,21852.43,92,9621,True,BLOCKED,FRAUD
txn_f8859226,user_3223,21293.87,96,1763,True,BLOCKED,FRAUD
txn_2f049305,user_4722,10524.97,89,9636,True,BLOCKED,FRAUD
txn_a813bb41,user_2299,10647.05,74,457,True,BLOCKED,LEGITIMATE
txn_ba165fba,user_3959,31104.91,74,309,False,BLOCKED,LEGITIMATE
txn_901a09da,user_4542,32356.49,83,120,False,BLOCKED,LEGITIMATE
txn_4e3ec82a,user_8532,30233.21,87,9208,True,BLOCKED,FRAUD
txn_85e2fc07,user_9384,3194.26,89,1073,True,BLOCKED,FRAUD
txn_7166253e,user_1413,25212.64,92,5205,True,BLOCKED,FRAUD
txn_89875635,user_2193,42742.38,98,8505,True,BLOCKED,FRAUD
txn_55619424,user_9085,12669.31,95,2458,True,BLOCKED,FRAUD
txn_84383afa,user_2887,41431.18,88,9991,True,BLOCKED,FRAUD
txn_ca7bbfdc,user_3650,7869.11,70,419,False,BLOCKED,LEGITIMATE
txn_05f76234,user_3931,29941.74,93,9547,True,BLOCKED,FRAUD
txn_f9071cde,user_5130,24240.11,62,186,False,BLOCKED,LEGITIMATE
txn_cbaa9004,user_8651,2077.59,80,183,False,BLOCKED,LEGITIMATE
txn_940f7524,user_2450,32696.18,73,94,False,BLOCKED,LEGITIMATE
txn_e2c58529,user_8891,33720.5,88,4473,True,BLOCKED,FRAUD
txn_590c1a7c,user_3623,40715.36,86,1540,True,BLOCKED,FRAUD
txn_7e3ef696,user_2259,43661.95,97,3038,True,BLOCKED,FRAUD
txn_d0f9538e,user_3904,34216.03,99,6879,True,BLOCKED,FRAUD
txn_918393ad,user_4783,7400.78,85,9548,True,BLOCKED,FRAUD
txn_98f9fded,user_6115,42676.16,96,5182,True,BLOCKED,FRAUD
txn_be8c0ab2,user_8245,36697.56,92,4826,True,BLOCKED,FRAUD
txn_5db70edb,user_6141,44189.17,95,6694,True,BLOCKED,FRAUD
txn_14ea5fb3,user_5432,11291.55,70,293,True,BLOCKED,LEGITIMATE
txn_474c7d67,user_4031,10404.5,91,9940,True,BLOCKED,FRAUD
txn_6578ab15,user_2452,36849.59,91,7083,True,BLOCKED,FRAUD
txn_5a234706,user_1932,46599.15,80,403,True,BLOCKED,LEGITIMATE
txn_529c0010,user_2811,31394.66,68,266,False,BLOCKED,LEGITIMATE
txn_f871f3cf,user_1882,18528.15,66,388,False,BLOCKED,LEGITIMATE
txn_ce5377a1,user_1764,27082.3,99,2875,True,BLOCKED,FRAUD
txn_55f45388,user_9755,44761.43,74,402,True,BLOCKED,LEGITIMATE
txn_d7802608,user_9917,44584.39,71,310,False,BLOCKED,LEGITIMATE
txn_e726654c,user_5091,49651.2,87,5179,True,BLOCKED,FRAUD
txn_0fdef485,user_1961,46653.15,60,227,True,BLOCKED,LEGITIMATE
txn_3f6f510e,user_7804,9820.9,83,151,True,BLOCKED,LEGITIMATE
txn_80040b2e,user_8499,20110.12,86,9192,True,BLOCKED,FRAUD
txn_385bad0b,user_1980,23133.34,90,7721,True,BLOCKED,FRAUD
txn_33a95c0e,user_5974,9545.17,94,6685,True,BLOCKED,FRAUD
txn_57a116ea,user_7817,711.84,68,324,False,BLOCKED,LEGITIMATE
txn_2c237e95,user_1066,31990.28,63,444,True,BLOCKED,LEGITIMATE
txn_f13929be,user_5463,15744.66,98,3226,True,BLOCKED,FRAUD
txn_e4995755,user_5836,46883.35,77,60,True,BLOCKED,LEGITIMATE
txn_ce703250,user_8862,27171.07,70,233,True,BLOCKED,LEGITIMATE
txn_59287d98,user_2381,19965.39,94,2477,True,BLOCKED,FRAUD
txn_339a1567,user_3345,16804.55,87,6794,True,BLOCKED,FRAUD
txn_e9ea9cbd,user_1641,43631.05,92,5689,True,BLOCKED,FRAUD
txn_df9d168f,user_2793,41148.38,92,8825,True,BLOCKED,FRAUD
txn_c70033a3,user_5747,19404.34,86,9442,True,BLOCKED,FRAUD
txn_db755f93,user_1596,9644.25,66,383,True,BLOCKED,LEGITIMATE
txn_b7401630,user_6487,38744.45,85,4806,True,BLOCKED,FRAUD
txn_e8dc9cfe,user_2349,30164.67,97,6914,True,BLOCKED,FRAUD
txn_99f9a887,user_9234,42045.48,95,8452,True,BLOCKED,FRAUD
txn_ebb26651,user_9457,15013.12,64,425,True,BLOCKED,LEGITIMATE
txn_cbb6b2b1,user_4747,18532.27,91,1558,True,BLOCKED,FRAUD
txn_6f240f0b,user_1515,21479.48,82,141,False,BLOCKED,LEGITIMATE
txn_d6f50faf,user_6514,47469.94,93,8792,True,BLOCKED,FRAUD
txn_af8ad34d,user_5433,22388.64,81,270,True,BLOCKED,LEGITIMATE
txn_24d34a03,user_4822,22294.6,63,405,True,BLOCKED,LEGITIMATE
txn_85fc4621,user_8437,39044.58,93,9679,True,BLOCKED,FRAUD
txn_798b310c,user_2718,42462.93,82,272,True,BLOCKED,LEGITIMATE
txn_a103cdbc,user_9626,49809.3,76,101,False,BLOCKED,LEGITIMATE
txn_68d2245f,user_9482,33881.33,66,77,False,BLOCKED,LEGITIMATE
txn_da2b81c7,user_5705,24713.58,94,3157,True,BLOCKED,FRAUD
txn_9aae50df,user_4739,31638.62,61,290,False,BLOCKED,LEGITIMATE
txn_67110f5a,user_7064,49732.15,63,85,False,BLOCKED,LEGITIMATE
txn_8475461b,user_9869,5969.26,88,6398,True,BLOCKED,FRAUD
txn_5dd3b82c,user_1923,47209.54,95,1529,True,BLOCKED,FRAUD
txn_802d8958,user_2474,15801.54,91,2057,True,BLOCKED,FRAUD
txn_adfa69bc,user_9173,39093.2,89,5401,True,BLOCKED,FRAUD
txn_d3b90907,user_6285,11985.2,85,6231,True,BLOCKED,FRAUD
txn_7eed5f09,user_9605,43245.33,97,6030,True,BLOCKED,FRAUD
txn_2f380d6b,user_2102,537.02,70,308,True,BLOCKED,LEGITIMATE
txn_36ac0dd9,user_5402,36742.05,74,495,False,BLOCKED,LEGITIMATE
txn_b8940ee1,user_2928,19059.43,93,3936,True,BLOCKED,FRAUD
txn_4f7ff295,user_3573,28395.53,89,4655,True,BLOCKED,FRAUD
txn_4807124e,user_5534,41168.3,95,6298,True,BLOCKED,FRAUD
txn_242f7bfe,user_2509,10496.46,99,7968,True,BLOCKED,FRAUD
txn_2b0e9c86,user_8735,41986.58,93,4404,True,BLOCKED,FRAUD
txn_5b09f46c,user_7746,10779.16,91,2908,True,BLOCKED,FRAUD
txn_21ab7ca0,user_2236,35371.24,83,266,True,BLOCKED,LEGITIMATE
txn_4f61cff8,user_6057,25354.56,87,3472,True,BLOCKED,FRAUD
txn_ddf99e95,user_1210,37791.9,91,8985,True,BLOCKED,FRAUD
txn_4cedda4b,user_4060,4575.77,99,5342,True,BLOCKED,FRAUD
txn_c0b22dd9,user_5423,40680.54,89,2347,True,BLOCKED,FRAUD
txn_8b9c261f,user_4137,4059.04,86,1031,True,BLOCKED,FRAUD
txn_ff35bc03,user_6903,2933.77,88,9282,True,BLOCKED,FRAUD
txn_44726691,user_6191,10624.27,78,492,True,BLOCKED,LEGITIMATE
txn_2890c1af,user_2125,31377.94,74,119,True,BLOCKED,LEGITIMATE
txn_1ee7ebd0,user_3908,12771.11,85,6831,True,BLOCKED,FRAUD
txn_8c85368d,user_5096,21132.75,94,7865,True,BLOCKED,FRAUD
txn_76a31603,user_8692,2941.96,94,3677,True,BLOCKED,FRAUD
txn_b244ca57,user_1538,12313.36,97,9470,True,BLOCKED,FRAUD
txn_d8fc44ed,user_2106,38682.66,87,6930,True,BLOCKED,FRAUD
txn_7fd2ba4e,user_3811,23358.04,82,63,False,BLOCKED,LEGITIMATE
txn_9d934f3e,user_6508,20274.83,92,3456,True,BLOCKED,FRAUD
txn_b5eefe0b,user_2316,28948.71,97,6285,True,BLOCKED,FRAUD
txn_38099985,user_5654,15494.53,95,9119,True,BLOCKED,FRAUD
txn_5b6be4b5,user_7529,15674.88,90,1099,True,BLOCKED,FRAUD
txn_0e00f01e,user_6999,28371.1,86,5186,True,BLOCKED,FRAUD
txn_b0fbce41,user_4612,21332.15,74,92,True,BLOCKED,LEGITIMATE
txn_8a484768,user_9488,2424.56,99,9220,True,BLOCKED,FRAUD
txn_79e36ea2,user_8015,18740.24,62,288,False,BLOCKED,LEGITIMATE
txn_04aaef9e,user_3745,44887.53,87,5888,True,BLOCKED,FRAUD
txn_0955f621,user_6614,35277.91,66,108,True,BLOCKED,LEGITIMATE
txn_c9d14120,user_4696,7251.8,69,61,True,BLOCKED,LEGITIMATE
txn_0d98b263,user_2538,40861.36,87,7007,True,BLOCKED,FRAUD
txn_f1ad1559,user_6371,31546.71,92,6056,True,BLOCKED,FRAUD
txn_902f6a5a,user_3819,13568.17,85,7440,True,BLOCKED,FRAUD
txn_b6e9b9ed,user_2370,36672.13,91,1620,True,BLOCKED,FRAUD
txn_a505ffbc,user_4681,17804.5,94,7998,True,BLOCKED,FRAUD
txn_bc963369,user_3410,42901.55,91,7956,True,BLOCKED,FRAUD
txn_ecf68730,user_9666,35412.05,77,114,True,BLOCKED,LEGITIMATE
txn_353c5e15,user_6336,2714.31,98,5537,True,BLOCKED,FRAUD
txn_37893020,user_8415,15036.2,83,300,False,BLOCKED,LEGITIMATE
txn_7de2bfdb,user_4488,43863.56,92,8718,True,BLOCKED,FRAUD
txn_a9b26e43,user_2332,29563.79,62,138,True,BLOCKED,LEGITIMATE
txn_a5ee3ad1,user_8533,11693.28,76,133,False,BLOCKED,LEGITIMATE
txn_03e2c5bc,user_9892,26121.06,99,3598,True,BLOCKED,FRAUD
txn_4c9a0fc1,user_6709,30829.56,95,8513,True,BLOCKED,FRAUD
txn_6065ed4f,user_7115,3571.2,87,4937,True,BLOCKED,FRAUD
txn_04b15adc,user_4525,23921.63,72,79,False,BLOCKED,LEGITIMATE
txn_aaba579d,user_1886,22677.18,99,8657,True,BLOCKED,FRAUD
txn_0308bd26,user_3983,10255.54,96,2536,True,BLOCKED,FRAUD
txn_cce587bc,user_3026,10229.46,98,2702,True,BLOCKED,FRAUD
txn_45152e79,user_2443,1598.47,86,9098,True,BLOCKED,FRAUD
txn_a4457cd3,user_9355,9212.64,94,4571,True,BLOCKED,FRAUD
txn_ebdf343b,user_3612,1783.03,94,4491,True,BLOCKED,FRAUD
txn_0e73869f,user_2748,2932.68,76,206,False,BLOCKED,LEGITIMATE
txn_9467fde8,user_7637,37041.21,98,5647,True,BLOCKED,FRAUD
txn_51d882a3,user_9785,32711.43,92,1251,True,BLOCKED,FRAUD
txn_4a487f18,user_5024,25209.44,99,6093,True,BLOCKED,FRAUD
txn_007b967d,user_9345,43647.56,68,67,False,BLOCKED,LEGITIMATE
txn_a0da1bea,user_5701,37955.84,80,117,False,BLOCKED,LEGITIMATE
txn_f0aae903,user_2544,37732.88,96,9512,True,BLOCKED,FRAUD
txn_6d4fa58d,user_9269,3266.62,86,9385,True,BLOCKED,FRAUD
txn_b62babed,user_7334,8506.28,85,3440,True,BLOCKED,FRAUD
txn_3f5869a5,user_1091,2731.46,94,4962,True,BLOCKED,FRAUD
txn_1a5707ae,user_3927,49269.42,93,4107,True,BLOCKED,FRAUD
txn_ff428e12,user_8110,46367.4,92,9913,True,BLOCKED,FRAUD
txn_a66afaea,user_8796,2980.49,89,8755,True,BLOCKED,FRAUD
txn_3544e5f2,user_3002,35694.36,89,7197,True,BLOCKED,FRAUD
txn_9f55f9d6,user_9591,32087.52,73,102,True,BLOCKED,LEGITIMATE
txn_a67b4399,user_9359,18844.56,82,58,False,BLOCKED,LEGITIMATE
txn_5cd8cc60,user_5339,2140.73,99,3314,True,BLOCKED,FRAUD
txn_6d3a1c66,user_9131,17275.57,86,6028,True,BLOCKED,FRAUD
txn_e5ce9163,user_7170,45107.88,92,7633,True,BLOCKED,FRAUD
txn_5037453a,user_6361,24672.85,82,95,True,BLOCKED,LEGITIMATE
txn_91d879da,user_2463,34989.48,92,2916,True,BLOCKED,FRAUD
txn_4988a2e6,user_3426,27031.78,86,2863,True,BLOCKED,FRAUD
txn_6b3539a3,user_6302,19575.63,86,2637,True,BLOCKED,FRAUD
txn_74f228f7,user_2599,48323.43,87,8348,True,BLOCKED,FRAUD
txn_e552670f,user_9070,43582.69,92,6289,True,BLOCKED,FRAUD
txn_28192d95,user_6454,40300.78,78,156,True,BLOCKED,LEGITIMATE
txn_bcc6f00b,user_9854,42976.24,92,5608,True,BLOCKED,FRAUD
txn_f3e4e690,user_3085,45524.92,85,4813,True,BLOCKED,FRAUD
txn_26ffb1b9,user_2583,8760.42,67,448,True,BLOCKED,LEGITIMATE
txn_97fcf4f8,user_2647,1649.23,71,259,False,BLOCKED,LEGITIMATE
txn_d8c0d5c2,user_7009,48743.78,99,1940,True,BLOCKED,FRAUD
txn_051c6a60,user_1927,20072.88,95,9605,True,BLOCKED,FRAUD
txn_b0acb8a8,user_6753,2356.34,98,7881,True,BLOCKED,FRAUD
txn_8f87dd7d,user_8520,39927.13,89,4749,True,BLOCKED,FRAUD
txn_2086a7b2,user_1429,42260.4,64,428,True,BLOCKED,LEGITIMATE
txn_a88dd86a,user_3256,38957.65,96,2185,True,BLOCKED,FRAUD
txn_ab575025,user_5848,5388.59,78,306,True,BLOCKED,LEGITIMATE
txn_c21daed8,user_9136,23846.73,87,2758,True,BLOCKED,FRAUD
txn_b5da6bdd,user_9619,25462.35,97,6428,True,BLOCKED,FRAUD
txn_a380df88,user_8843,23915.53,89,6462,True,BLOCKED,FRAUD
txn_e4c8a2f6,user_9891,12158.34,82,169,True,BLOCKED,LEGITIMATE
txn_3ff42577,user_7219,38595.27,90,5058,True,BLOCKED,FRAUD
txn_0ac4166c,user_6753,31918.51,87,5999,True,BLOCKED,FRAUD
txn_dcc53d4a,user_9853,43438.42,89,3114,True,BLOCKED,FRAUD
txn_2446776c,user_2040,8643.92,97,4595,True,BLOCKED,FRAUD
txn_8f4bfbfa,user_5990,25933.9,87,4457,True,BLOCKED,FRAUD
txn_dfeedd79,user_2434,5849.53,71,306,True,BLOCKED,LEGITIMATE
txn_1d5462cb,user_7459,49581.39,91,8233,True,BLOCKED,FRAUD
txn_6a2c6ba9,user_4269,2884.13,85,310,True,BLOCKED,LEGITIMATE
txn_6ad739dd,user_1535,24980.49,88,7167,True,BLOCKED,FRAUD
txn_a6663005,user_3124,46212.57,96,7803,True,BLOCKED,FRAUD
txn_be532c45,user_8606,7627.73,72,463,False,BLOCKED,LEGITIMATE
txn_57d49b66,user_4734,44226.65,91,2872,True,BLOCKED,FRAUD
txn_b0154187,user_7012,8269.03,62,255,False,BLOCKED,LEGITIMATE
txn_e2c1d94e,user_1775,8469.61,71,281,True,BLOCKED,LEGITIMATE
txn_2901f832,user_2585,31218.7,93,7055,True,BLOCKED,FRAUD
txn_8b7f3e93,user_3472,36477.02,85,8537,True,BLOCKED,FRAUD
txn_37fe0e0f,user_7063,32605.77,91,1382,True,BLOCKED,FRAUD
txn_6a99df27,user_2399,10240.42,81,400,False,BLOCKED,LEGITIMATE
txn_2e77f763,user_5067,13702.33,89,9977,True,BLOCKED,FRAUD
txn_5c184bbb,user_2647,45300.38,86,8804,True,BLOCKED,FRAUD
txn_aed039b3,user_8752,12758.6,95,7078,True,BLOCKED,FRAUD
txn_f1b6c477,user_8699,22765.75,67,315,False,BLOCKED,LEGITIMATE
txn_91f251e8,user_3793,2851.44,99,9245,True,BLOCKED,FRAUD
txn_aa9df0ee,user_2882,13373.17,86,7343,True,BLOCKED,FRAUD
txn_0d29add0,user_4048,26587.78,89,5273,True,BLOCKED,FRAUD
txn_6145cb7b,user_2631,41330.83,98,9556,True,BLOCKED,FRAUD
txn_262a8d8e,user_4153,13559.01,74,332,False,BLOCKED,LEGITIMATE
txn_c9dedf03,user_6743,34588.42,89,2855,True,BLOCKED,FRAUD
txn_c2826baf,user_5533,31808.18,88,3749,True,BLOCKED,FRAUD
txn_58002be4,user_1771,13828.79,99,2914,True,BLOCKED,FRAUD
txn_b5f2b529,user_7038,40262.84,99,5897,True,BLOCKED,FRAUD
txn_f3c109a4,user_8272,10104.73,68,259,True,BLOCKED,LEGITIMATE
txn_5a356ab5,user_6821,8833.84,93,6360,True,BLOCKED,FRAUD
txn_6f8dfbff,user_5508,45698.72,87,2491,True,BLOCKED,FRAUD
txn_f21c4fba,user_1282,19076.11,89,8288,True,BLOCKED,FRAUD
txn_749586d6,user_9382,31526.41,93,2512,True,BLOCKED,FRAUD
txn_1ff33bec,user_1691,42000.13,94,3831,True,BLOCKED,FRAUD
txn_736b76ed,user_7745,34811.94,60,316,False,BLOCKED,LEGITIMATE
txn_460d048b,user_1811,12498.6,92,3237,True,BLOCKED,FRAUD
txn_93ea43c2,user_1833,49835.28,70,242,True,BLOCKED,LEGITIMATE
txn_f9a3eab8,user_2976,31054.52,86,3233,True,BLOCKED,FRAUD
txn_36d798d2,user_1319,46507.4,87,5049,True,BLOCKED,FRAUD
txn_30aa5256,user_8237,13302.23,86,1011,True,BLOCKED,FRAUD
txn_63ef9e78,user_2296,38675.79,97,4760,True,BLOCKED,FRAUD
txn_5327e17b,user_5481,37777.44,80,125,False,BLOCKED,LEGITIMATE
txn_5ae6c92b,user_4458,26673.77,98,2615,True,BLOCKED,FRAUD
txn_99054a64,user_6783,41805.94,98,6562,True,BLOCKED,FRAUD
txn_dae24786,user_9959,22345.92,69,459,False,BLOCKED,LEGITIMATE
txn_771c5e11,user_8000,4291.81,87,2277,True,BLOCKED,FRAUD
txn_dff98919,user_8458,43506.39,94,3055,True,BLOCKED,FRAUD
txn_1966890f,user_8201,16756.61,97,3650,True,BLOCKED,FRAUD
txn_7694be9a,user_3674,17314.18,92,9656,True,BLOCKED,FRAUD
txn_b5f67214,user_1197,10709.02,93,1775,True,BLOCKED,FRAUD
txn_848942f9,user_3200,42604.69,74,446,True,BLOCKED,LEGITIMATE
txn_b07bbe7f,user_7155,49670.5,82,110,False,BLOCKED,LEGITIMATE
txn_a9cf6f30,user_3603,26722.54,99,9710,True,BLOCKED,FRAUD
txn_6dc173e4,user_3151,5634.92,74,205,True,BLOCKED,LEGITIMATE
txn_3402b751,user_9310,41418.9,94,2999,True,BLOCKED,FRAUD
txn_e6e9db12,user_3154,35592.98,63,203,True,BLOCKED,LEGITIMATE
txn_3961cb25,user_9085,28695.34,90,5427,True,BLOCKED,FRAUD
txn_ca768932,user_2100,10169.58,90,1691,True,BLOCKED,FRAUD
txn_bb43b651,user_5677,29880.96,87,3289,True,BLOCKED,FRAUD
txn_f391ed23,user_6358,41525.59,66,213,False,BLOCKED,LEGITIMATE
txn_d8721b4b,user_7774,35035.73,99,3158,True,BLOCKED,FRAUD
txn_89731673,user_1318,16689.1,98,3085,True,BLOCKED,FRAUD
txn_f7b061c5,user_8883,4112.5,91,1944,True,BLOCKED,FRAUD
txn_e2c9ca8f,user_6502,8048.45,86,4382,True,BLOCKED,FRAUD
txn_8fe65925,user_4045,3016.69,90,1504,True,BLOCKED,FRAUD
txn_eab2e5aa,user_2943,46271.46,97,1803,True,BLOCKED,FRAUD
txn_782f2c9c,user_3719,21126.11,87,4957,True,BLOCKED,FRAUD
txn_eff1b34f,user_3240,22697.84,81,340,False,BLOCKED,LEGITIMATE
txn_f500787b,user_7631,45970.38,99,5116,True,BLOCKED,FRAUD
txn_a6b9aba2,user_9345,40341.07,60,78,False,BLOCKED,LEGITIMATE
txn_25a2e710,user_3338,1632.15,93,6399,True,BLOCKED,FRAUD
txn_e22d79f8,user_4110,39707.47,88,7266,True,BLOCKED,FRAUD
txn_b286b908,user_9655,32708.89,95,8721,True,BLOCKED,FRAUD
txn_9eb7146b,user_2595,20612.7,86,7456,True,BLOCKED,FRAUD
txn_65927b15,user_2916,7904.18,95,2286,True,BLOCKED,FRAUD
txn_3df1aa5c,user_7924,12540.16,95,9497,True,BLOCKED,FRAUD
txn_8cdf3351,user_8000,23748.82,60,282,True,BLOCKED,LEGITIMATE
txn_b5aa115f,user_8431,48564.11,86,9717,True,BLOCKED,FRAUD
txn_2867974c,user_7727,45442.98,95,8799,True,BLOCKED,FRAUD
txn_65328317,user_1057,7886.64,91,2476,True,BLOCKED,FRAUD
txn_1bd13675,user_5286,41350.08,85,1603,True,BLOCKED,FRAUD
txn_24d5ca18,user_5132,18530.42,85,2962,True,BLOCKED,FRAUD
txn_27c9a181,user_7025,47611.49,63,294,False,BLOCKED,LEGITIMATE
txn_ddaef1f0,user_4936,46490.09,64,339,False,BLOCKED,LEGITIMATE
txn_7bf0a34d,user_8951,35391.79,86,7431,True,BLOCKED,FRAUD
txn_ddbc9e8f,user_9288,39745.17,74,274,True,BLOCKED,LEGITIMATE
txn_3bd28385,user_8364,23434.18,94,8559,True,BLOCKED,FRAUD
txn_6a948992,user_7920,47287.24,85,298,True,BLOCKED,LEGITIMATE
txn_ebfc183b,user_2193,3985.27,95,8453,True,BLOCKED,FRAUD
txn_ba8a09c9,user_7621,1878.05,85,2480,True,BLOCKED,FRAUD
txn_51c74d91,user_8591,14489.57,95,6733,True,BLOCKED,FRAUD
txn_19de2bfe,user_2612,4303.69,97,8501,True,BLOCKED,FRAUD
txn_d67d7524,user_4276,33370.63,65,462,True,BLOCKED,LEGITIMATE
txn_fbf4f698,user_8631,49465.23,84,360,False,BLOCKED,LEGITIMATE
txn_832c02c3,user_3559,20953.46,83,274,False,BLOCKED,LEGITIMATE
txn_80e288e4,user_4146,6934.64,92,5586,True,BLOCKED,FRAUD
txn_2ff3da6e,user_2452,36927.8,89,9042,True,BLOCKED,FRAUD
txn_44722246,user_3745,22607.76,87,4573,True,BLOCKED,FRAUD
txn_5765017d,user_1633,17570.7,99,6485,True,BLOCKED,FRAUD
txn_b0d39107,user_3844,4507.12,90,2559,True,BLOCKED,FRAUD
txn_7213b1af,user_4209,14755.08,95,7279,True,BLOCKED,FRAUD
txn_ab79f3fc,user_1951,28127.84,87,7186,True,BLOCKED,FRAUD
txn_88f2136d,user_3375,9834.45,93,3017,True,BLOCKED,FRAUD
txn_f7fcdb53,user_7560,40104.43,98,5760,True,BLOCKED,FRAUD
txn_9fba602a,user_3383,13137.87,88,1654,True,BLOCKED,FRAUD
txn_af89f007,user_9969,49037.78,89,8852,True,BLOCKED,FRAUD
txn_7a7bcad6,user_8650,45744.54,96,7658,True,BLOCKED,FRAUD
txn_32c1b6a9,user_1405,33181.53,99,9140,True,BLOCKED,FRAUD
txn_0729a411,user_3293,41095.76,97,9608,True,BLOCKED,FRAUD
txn_37d566cf,user_9180,2180.46,92,8333,True,BLOCKED,FRAUD
txn_cac9ee65,user_4195,4207.52,71,210,True,BLOCKED,LEGITIMATE
txn_f2138dd1,user_5328,23457.74,70,191,False,BLOCKED,LEGITIMATE
txn_3b80a901,user_1185,17436.66,92,9662,True,BLOCKED,FRAUD
txn_7171e33c,user_4068,13640.35,86,1652,True,BLOCKED,FRAUD
txn_d86a0d5b,user_3386,4258.36,95,5146,True,BLOCKED,FRAUD
txn_f71adbed,user_7889,25374.96,87,9237,True,BLOCKED,FRAUD
txn_ee794a15,user_8421,40321.21,97,9384,True,BLOCKED,FRAUD
txn_342368a2,user_3703,2770.33,99,8092,True,BLOCKED,FRAUD
txn_a0a75db1,user_4715,46279.92,86,6506,True,BLOCKED,FRAUD
txn_63891c07,user_3677,7853.83,93,7693,True,BLOCKED,FRAUD
txn_a9a5a9d8,user_9477,19386.65,98,7030,True,BLOCKED,FRAUD
txn_166ee8e9,user_8017,2517.66,85,349,False,BLOCKED,LEGITIMATE
txn_f0612a16,user_7450,1013.18,68,136,False,BLOCKED,LEGITIMATE
txn_e0e1402d,user_8534,27076.34,70,58,False,BLOCKED,LEGITIMATE
txn_c6caf7ba,user_6050,27178.47,95,5909,True,BLOCKED,FRAUD
txn_eaff650f,user_9117,5055.3,95,1214,True,BLOCKED,FRAUD
txn_31468534,user_8999,40111.69,88,3004,True,BLOCKED,FRAUD
txn_23318ef5,user_7707,2078.59,69,99,False,BLOCKED,LEGITIMATE
txn_1798ebf9,user_1493,41274.42,88,7370,True,BLOCKED,FRAUD
txn_4f5e72d8,user_7735,9110.58,88,8829,True,BLOCKED,FRAUD
txn_4e025980,user_1964,16050.17,93,9698,True,BLOCKED,FRAUD
txn_04a41706,user_5202,34101.9,98,5534,True,BLOCKED,FRAUD
txn_cf6b5623,user_8039,1133.91,94,5790,True,BLOCKED,FRAUD
txn_576fb5e2,user_9280,26725.21,80,57,True,BLOCKED,LEGITIMATE
txn_0342acf7,user_8903,45113.05,96,9260,True,BLOCKED,FRAUD
txn_91d3dab4,user_4966,48559.34,96,9296,True,BLOCKED,FRAUD
txn_e546979e,user_5317,44109.9,66,236,True,BLOCKED,LEGITIMATE
txn_6c06c38d,user_7394,10988.38,92,5125,True,BLOCKED,FRAUD
txn_a1e4b05b,user_3739,25815.47,72,197,False,BLOCKED,LEGITIMATE
txn_38d26b33,user_9537,41201.91,88,1426,True,BLOCKED,FRAUD
txn_36dbeaee,user_6841,30156.16,87,8210,True,BLOCKED,FRAUD
txn_5e35285e,user_7803,23328.16,62,152,True,BLOCKED,LEGITIMATE
txn_1d49a121,user_5982,34699.49,98,9497,True,BLOCKED,FRAUD
txn_86c84874,user_9928,29037.9,86,2504,True,BLOCKED,FRAUD
txn_2e7e53c8,user_6849,49395.91,85,5504,True,BLOCKED,FRAUD
txn_3c9d4a79,user_7007,38534.91,93,6838,True,BLOCKED,FRAUD
txn_065d1868,user_3690,17630.46,98,9014,True,BLOCKED,FRAUD
txn_2e5cc16b,user_4724,37322.64,87,3925,True,BLOCKED,FRAUD
txn_697305bb,user_4135,29762.44,95,9664,True,BLOCKED,FRAUD
txn_b88f2a97,user_1236,21156.46,86,5401,True,BLOCKED,FRAUD
txn_39d3e50e,user_2705,25953.55,96,5377,True,BLOCKED,FRAUD
txn_413807ac,user_5238,49597.04,95,9251,True,BLOCKED,FRAUD
txn_77cfad02,user_7887,37266.92,79,137,True,BLOCKED,LEGITIMATE
txn_84872f6d,user_5236,26217.48,78,339,False,BLOCKED,LEGITIMATE
txn_444eb400,user_3792,15189.56,99,8454,True,BLOCKED,FRAUD
txn_12af86ea,user_8459,28964.93,98,7936,True,BLOCKED,FRAUD
txn_5f543892,user_9594,15034.53,75,83,False,BLOCKED,LEGITIMATE
txn_0df3814a,user_9686,5361.57,85,5627,True,BLOCKED,FRAUD
txn_5ef55dee,user_9503,5819.9,94,2078,True,BLOCKED,FRAUD
txn_31915aa6,user_8051,3696.86,95,6313,True,BLOCKED,FRAUD
txn_630e06d4,user_1859,13974.8,77,386,False,BLOCKED,LEGITIMATE
txn_a631fb69,user_7129,4038.85,96,7694,True,BLOCKED,FRAUD
txn_142d5760,user_7147,23174.05,93,6903,True,BLOCKED,FRAUD
txn_97550b1d,user_7498,30608.0,70,164,False,BLOCKED,LEGITIMATE
txn_1689aaeb,user_6224,5231.02,85,9886,True,BLOCKED,FRAUD
txn_dcd675a0,user_2042,10095.98,69,452,False,BLOCKED,LEGITIMATE
txn_ef591246,user_5719,42367.83,99,5333,True,BLOCKED,FRAUD
txn_de763ccf,user_9140,3429.49,89,1538,True,BLOCKED,FRAUD
txn_8cb3b419,user_1544,31275.37,86,1365,True,BLOCKED,FRAUD
txn_8ffefe8f,user_7445,4176.22,85,8112,True,BLOCKED,FRAUD
txn_78d35344,user_6357,15896.13,77,166,True,BLOCKED,LEGITIMATE
txn_011b773f,user_4668,14489.23,94,3475,True,BLOCKED,FRAUD
txn_c4c6b378,user_7438,32513.16,91,9216,True,BLOCKED,FRAUD
txn_d60e8dfb,user_9146,16626.35,74,264,False,BLOCKED,LEGITIMATE
txn_342b7e6c,user_8254,45991.73,99,2746,True,BLOCKED,FRAUD
txn_3043ad84,user_9611,6527.69,83,430,True,BLOCKED,LEGITIMATE
txn_2afd28c4,user_7177,7362.43,97,5206,True,BLOCKED,FRAUD
txn_b6ddf7aa,user_5403,9930.08,88,5309,True,BLOCKED,FRAUD
txn_3523dfe0,user_1197,47592.28,81,62,True,BLOCKED,LEGITIMATE
txn_759619af,user_7746,26356.85,60,337,True,BLOCKED,LEGITIMATE
txn_c0cc56cc,user_1204,34352.93,77,384,False,BLOCKED,LEGITIMATE
txn_684a9230,user_3769,8129.9,91,3599,True,BLOCKED,FRAUD
txn_40d0271e,user_3531,38954.43,93,7018,True,BLOCKED,FRAUD
txn_381a82ff,user_7751,21563.7,70,309,True,BLOCKED,LEGITIMATE
txn_d928b87c,user_4204,12495.52,99,3708,True,BLOCKED,FRAUD
txn_7586e3c7,user_5711,17192.95,97,4048,True,BLOCKED,FRAUD
txn_5ec84175,user_7690,12860.61,86,7437,True,BLOCKED,FRAUD
txn_dc3fc6fe,user_8935,22899.83,62,378,True,BLOCKED,LEGITIMATE
txn_f36754dc,user_8154,7436.78,92,3431,True,BLOCKED,FRAUD
txn_7ddad56b,user_2273,11831.21,67,264,True,BLOCKED,LEGITIMATE
txn_296adf29,user_3027,15286.24,91,9942,True,BLOCKED,FRAUD
txn_8e019df9,user_7841,1520.52,96,5310,True,BLOCKED,FRAUD
txn_7fd253a4,user_1799,41190.49,91,8191,True,BLOCKED,FRAUD
txn_24dc520a,user_2400,34671.72,94,5630,True,BLOCKED,FRAUD
txn_4ee93cf4,user_5026,5058.44,86,7891,True,BLOCKED,FRAUD
txn_da171939,user_2023,17326.8,96,7844,True,BLOCKED,FRAUD
txn_3dd627a1,user_8692,46298.28,97,3932,True,BLOCKED,FRAUD
txn_0d02e177,user_6643,5181.3,89,5515,True,BLOCKED,FRAUD
txn_da22bbd2,user_2106,16486.18,60,110,False,BLOCKED,LEGITIMATE
txn_74285dd8,user_9306,44853.55,97,6411,True,BLOCKED,FRAUD
txn_881460d9,user_7920,2019.58,95,4144,True,BLOCKED,FRAUD
txn_07be9b19,user_3284,27045.49,61,195,True,BLOCKED,LEGITIMATE
txn_f1f2466c,user_2973,23528.91,63,158,True,BLOCKED,LEGITIMATE
txn_9a4ed486,user_5605,37679.35,68,453,True,BLOCKED,LEGITIMATE
txn_1a7a63db,user_8994,33588.62,98,5997,True,BLOCKED,FRAUD
txn_6e1f520c,user_5861,18388.01,61,150,False,BLOCKED,LEGITIMATE
txn_262ee8cc,user_2724,24463.72,98,9656,True,BLOCKED,FRAUD
txn_16bf8180,user_6381,25443.24,92,2671,True,BLOCKED,FRAUD
txn_723d0024,user_7960,43383.25,80,263,True,BLOCKED,LEGITIMATE
txn_ce4d56e7,user_4443,28179.44,68,217,False,BLOCKED,LEGITIMATE
txn_0a6bc78c,user_6207,7731.68,91,9848,True,BLOCKED,FRAUD
txn_6d83c093,user_1743,36277.55,89,6763,True,BLOCKED,FRAUD
txn_99d87d27,user_1620,22255.52,88,3199,True,BLOCKED,FRAUD
txn_b4deb767,user_8463,8866.39,67,399,True,BLOCKED,LEGITIMATE
txn_270b23c7,user_3168,11479.78,99,4553,True,BLOCKED,FRAUD
txn_20c45ee1,user_5174,17686.17,75,434,True,BLOCKED,LEGITIMATE
txn_3f8d1f66,user_1084,9886.28,81,435,True,BLOCKED,LEGITIMATE
txn_86453f7e,user_5011,32203.62,87,4831,True,BLOCKED,FRAUD
txn_f28b1bcc,user_9572,42485.83,88,5170,True,BLOCKED,FRAUD
txn_5f3db36e,user_1051,32472.28,97,8071,True,BLOCKED,FRAUD
txn_d8acad47,user_1996,8095.01,64,305,False,BLOCKED,LEGITIMATE
txn_cd48dcf8,user_6115,40080.28,89,4772,True,BLOCKED,FRAUD
txn_fceac392,user_4139,9838.39,89,6723,True,BLOCKED,FRAUD
txn_f27530ab,user_8826,26510.76,62,317,True,BLOCKED,LEGITIMATE
txn_c053048c,user_7470,7744.47,87,6922,True,BLOCKED,FRAUD
txn_6a238ed3,user_3206,25005.43,92,9884,True,BLOCKED,FRAUD
txn_1dc3ed73,user_6788,2724.46,94,8913,True,BLOCKED,FRAUD
txn_0103c1c6,user_5807,19222.38,91,3059,True,BLOCKED,FRAUD
txn_0f7c60f0,user_6822,47743.72,96,6458,True,BLOCKED,FRAUD
txn_711d09e8,user_2555,34468.1,85,144,True,BLOCKED,LEGITIMATE
txn_0f3472a3,user_3618,41221.09,73,291,False,BLOCKED,LEGITIMATE
txn_e564956a,user_5793,13246.39,68,209,False,BLOCKED,LEGITIMATE
txn_4e0fad55,user_7462,19807.29,83,451,True,BLOCKED,LEGITIMATE
txn_409008b1,user_4385,36692.73,88,3714,True,BLOCKED,FRAUD
txn_bd00697e,user_1925,20625.86,99,6890,True,BLOCKED,FRAUD
txn_9f51f084,user_2307,44315.94,92,2287,True,BLOCKED,FRAUD
txn_cbdca2e7,user_9956,7895.76,86,8207,True,BLOCKED,FRAUD
txn_10b5be33,user_7380,15505.29,85,9999,True,BLOCKED,FRAUD
txn_aec3b08c,user_2816,9290.67,97,5933,True,BLOCKED,FRAUD
txn_c1369e3b,user_3152,25594.39,68,417,True,BLOCKED,LEGITIMATE
txn_aef54d1f,user_1532,1450.84,99,7596,True,BLOCKED,FRAUD
txn_6c042f67,user_3043,38595.77,86,1565,True,BLOCKED,FRAUD
txn_fb020aa5,user_8021,706.91,85,8299,True,BLOCKED,FRAUD
txn_b9b530ba,user_4485,35455.64,94,7206,True,BLOCKED,FRAUD
txn_e216330e,user_5763,12513.31,89,7540,True,BLOCKED,FRAUD
txn_bdbde2c2,user_1380,30246.67,96,3843,True,BLOCKED,FRAUD
txn_fa26ee4c,user_3752,28357.77,90,4710,True,BLOCKED,FRAUD
txn_b7fd4e18,user_5838,34535.9,85,9454,True,BLOCKED,FRAUD
txn_ba0171bc,user_1717,27655.71,94,1707,True,BLOCKED,FRAUD
txn_0983d323,user_7870,19303.6,94,2379,True,BLOCKED,FRAUD
txn_27c1eacd,user_9699,40803.04,87,6114,True,BLOCKED,FRAUD
txn_6cd6676e,user_8261,33520.15,91,2816,True,BLOCKED,FRAUD
txn_cec298c0,user_2232,30220.31,87,1368,True,BLOCKED,FRAUD
txn_e9855443,user_6212,22469.08,84,51,False,BLOCKED,LEGITIMATE
txn_362beb4a,user_8652,37847.21,85,109,False,BLOCKED,LEGITIMATE
txn_92433942,user_7111,17437.17,81,344,False,BLOCKED,LEGITIMATE
txn_717d34e1,user_6521,21783.29,99,6264,True,BLOCKED,FRAUD
txn_db7ff7fd,user_5750,37031.23,94,3144,True,BLOCKED,FRAUD
txn_0c49d0e7,user_2517,25246.98,60,268,False,BLOCKED,LEGITIMATE
txn_b83b5332,user_8536,49935.03,84,253,True,BLOCKED,LEGITIMATE
txn_3ce31568,user_1863,33753.15,88,9894,True,BLOCKED,FRAUD
txn_70584958,user_5857,21236.89,86,8815,True,BLOCKED,FRAUD
txn_e56efc2a,user_5963,34251.26,85,259,True,BLOCKED,LEGITIMATE
txn_d5fc0b07,user_1199,28278.82,91,6415,True,BLOCKED,FRAUD
txn_65d0d68d,user_7532,28954.87,78,412,False,BLOCKED,LEGITIMATE
txn_660e82da,user_3005,33628.8,93,4576,True,BLOCKED,FRAUD
txn_aecb875d,user_3786,17654.04,94,9000,True,BLOCKED,FRAUD
txn_8f7eca72,user_3648,9993.82,87,1818,True,BLOCKED,FRAUD
txn_b88618c5,user_4290,14142.44,87,2520,True,BLOCKED,FRAUD
txn_1a2aaf65,user_4166,41764.17,96,3892,True,BLOCKED,FRAUD
txn_335d0b9a,user_6928,39100.48,78,485,False,BLOCKED,LEGITIMATE
txn_9a5a7b60,user_2101,46983.82,87,3781,True,BLOCKED,FRAUD
txn_2509614c,user_4434,42983.71,97,6343,True,BLOCKED,FRAUD
txn_e3d56d55,user_5331,13199.38,85,3252,True,BLOCKED,FRAUD
txn_42d946c6,user_5277,30466.42,87,1723,True,BLOCKED,FRAUD
txn_5792f0f6,user_5612,45337.34,85,2957,True,BLOCKED,FRAUD
txn_0fb46348,user_6080,31085.7,72,316,True,BLOCKED,LEGITIMATE
txn_e9768a3a,user_8094,22223.91,98,7330,True,BLOCKED,FRAUD
txn_3a5f21ab,user_3044,22407.89,69,288,False,BLOCKED,LEGITIMATE
txn_ca947287,user_9623,34182.01,90,4280,True,BLOCKED,FRAUD
txn_7ed9a987,user_2161,35055.41,88,9077,True,BLOCKED,FRAUD
txn_59d5c223,user_8324,18985.73,89,2304,True,BLOCKED,FRAUD
txn_e820d8d2,user_6765,2553.33,85,5818,True,BLOCKED,FRAUD
txn_0b48307e,user_6675,7434.79,92,9786,True,BLOCKED,FRAUD
txn_b6e3e1cd,user_2103,46893.9,95,9243,True,BLOCKED,FRAUD
txn_39c5dd06,user_7935,9963.02,78,369,True,BLOCKED,LEGITIMATE
txn_a8c2547e,user_6045,19110.74,68,142,True,BLOCKED,LEGITIMATE
txn_ea92a806,user_2089,49953.94,95,8542,True,BLOCKED,FRAUD
txn_dcd515db,user_3507,37805.59,91,9594,True,BLOCKED,FRAUD
txn_b35b4540,user_6681,42085.98,96,6533,True,BLOCKED,FRAUD
txn_e14127a6,user_4048,13259.58,91,6002,True,BLOCKED,FRAUD
txn_97c9b007,user_3317,40928.65,63,421,False,BLOCKED,LEGITIMATE
txn_757babba,user_6702,7516.33,93,3987,True,BLOCKED,FRAUD
txn_9b8a17a7,user_1809,25087.41,80,380,True,BLOCKED,LEGITIMATE
txn_1d1551f7,user_9638,31125.93,67,362,False,BLOCKED,LEGITIMATE
txn_b2a4ee07,user_2997,22795.99,90,3457,True,BLOCKED,FRAUD
txn_0f6f3ee0,user_4748,5132.43,95,4702,True,BLOCKED,FRAUD
txn_621e49cb,user_2078,12659.97,90,2146,True,BLOCKED,FRAUD
txn_dc0a3619,user_2330,30418.04,87,6441,True,BLOCKED,FRAUD
txn_850f68f7,user_2760,1888.79,69,488,True,BLOCKED,LEGITIMATE
txn_7272f81e,user_2624,11704.75,95,7555,True,BLOCKED,FRAUD
txn_daf792d1,user_5824,3155.28,74,347,True,BLOCKED,LEGITIMATE
txn_0842223f,user_3725,33126.93,89,1126,True,BLOCKED,FRAUD
txn_af9874cb,user_2834,14981.65,61,244,True,BLOCKED,LEGITIMATE
txn_ddc172f4,user_1808,24980.85,83,90,False,BLOCKED,LEGITIMATE
txn_b946a561,user_8278,40646.58,96,1458,True,BLOCKED,FRAUD
txn_0fb4dd88,user_1519,25552.97,77,495,True,BLOCKED,LEGITIMATE
txn_34feb0d8,user_7160,29223.74,86,2768,True,BLOCKED,FRAUD
txn_b915b681,user_3642,16195.37,99,1361,True,BLOCKED,FRAUD
txn_a9831a50,user_3852,13828.02,94,8910,True,BLOCKED,FRAUD
txn_68363500,user_1278,48752.9,90,6192,True,BLOCKED,FRAUD
txn_a11b7506,user_8804,21115.75,90,3405,True,BLOCKED,FRAUD
txn_7f20aaf4,user_3652,12953.72,93,8533,True,BLOCKED,FRAUD
txn_2373d5a5,user_5568,12919.07,70,451,True,BLOCKED,LEGITIMATE
txn_11a43250,user_4453,21557.67,90,6302,True,BLOCKED,FRAUD
txn_bb8d3468,user_9107,33922.7,65,362,False,BLOCKED,LEGITIMATE
txn_afe0ec35,user_4484,24977.9,88,3378,True,BLOCKED,FRAUD
txn_265c33fb,user_7790,29176.26,74,243,False,BLOCKED,LEGITIMATE
txn_588681a5,user_9509,18914.43,66,56,True,BLOCKED,LEGITIMATE
txn_0ff34b07,user_1988,32325.7,88,1533,True,BLOCKED,FRAUD
txn_39eaf8b7,user_2815,14059.73,91,5884,True,BLOCKED,FRAUD
txn_3f488dca,user_1592,27728.62,97,6610,True,BLOCKED,FRAUD
txn_a7d2b4af,user_5726,13900.65,88,8190,True,BLOCKED,FRAUD
txn_a14acb2e,user_8449,47537.08,89,6608,True,BLOCKED,FRAUD
txn_4aa126eb,user_5544,13442.06,74,491,False,BLOCKED,LEGITIMATE
txn_1fcb9d85,user_3189,7094.08,88,2025,True,BLOCKED,FRAUD
txn_da9aaad8,user_2864,19152.51,98,5383,True,BLOCKED,FRAUD
txn_77ebfef3,user_1564,26319.74,98,8063,True,BLOCKED,FRAUD
txn_0c79c3bd,user_3168,35779.14,75,204,True,BLOCKED,LEGITIMATE
txn_095d80bf,user_9775,12580.86,63,97,True,BLOCKED,LEGITIMATE
txn_356f48a1,user_1936,9889.76,81,237,False,BLOCKED,LEGITIMATE
txn_269c9ac3,user_1987,18328.21,92,6959,True,BLOCKED,FRAUD
txn_a4429196,user_3868,47910.25,97,4507,True,BLOCKED,FRAUD
txn_a45533de,user_6661,10474.99,94,1239,True,BLOCKED,FRAUD
txn_f9630ca0,user_7000,7833.4,81,143,False,BLOCKED,LEGITIMATE
txn_8f319129,user_6367,1868.94,85,3783,True,BLOCKED,FRAUD
txn_77004ff5,user_5089,34334.19,96,3706,True,BLOCKED,FRAUD
txn_1248dadf,user_4435,11682.88,93,8897,True,BLOCKED,FRAUD
txn_d76a6752,user_6009,4655.94,91,5795,True,BLOCKED,FRAUD
txn_5c5c334f,user_2241,26789.62,95,8648,True,BLOCKED,FRAUD
txn_ef3af203,user_3823,9946.87,99,6048,True,BLOCKED,FRAUD
txn_489dc2cb,user_3344,27685.49,92,1406,True,BLOCKED,FRAUD
txn_b00efa94,user_2466,21465.5,82,473,False,BLOCKED,LEGITIMATE
txn_cb1bd0b0,user_9531,20248.46,87,3998,True,BLOCKED,FRAUD
txn_1a769808,user_8307,7641.41,99,2242,True,BLOCKED,FRAUD
txn_31f9e2c2,user_6033,26925.61,86,9123,True,BLOCKED,FRAUD
txn_15cd71c6,user_2443,13164.06,73,468,False,BLOCKED,LEGITIMATE
txn_735fea2c,user_7133,43303.32,95,3160,True,BLOCKED,FRAUD
txn_dcb059d5,user_9556,43625.99,64,387,True,BLOCKED,LEGITIMATE
txn_bcd32cd2,user_4461,34430.12,77,57,True,BLOCKED,LEGITIMATE
txn_bf3e551f,user_8708,44058.73,91,2538,True,BLOCKED,FRAUD
txn_17cf70af,user_3027,42537.94,76,391,True,BLOCKED,LEGITIMATE
txn_8dea01dd,user_8327,19284.51,63,490,True,BLOCKED,LEGITIMATE
txn_4eed7bb1,user_6583,48188.01,86,9933,True,BLOCKED,FRAUD
txn_67afe4f0,user_7405,42975.68,95,9164,True,BLOCKED,FRAUD
txn_865a7ad2,user_7263,10757.79,90,4236,True,BLOCKED,FRAUD
txn_c59e9264,user_9114,36053.41,90,5334,True,BLOCKED,FRAUD
txn_46017f8a,user_7922,49760.51,85,7113,True,BLOCKED,FRAUD
txn_4388aa3f,user_6841,7027.79,99,3035,True,BLOCKED,FRAUD
txn_cd829030,user_7492,10649.35,98,5801,True,BLOCKED,FRAUD
txn_e546c9b7,user_1582,39735.85,98,1457,True,BLOCKED,FRAUD
txn_03fc3e6c,user_2328,36905.78,85,3956,True,BLOCKED,FRAUD
txn_f7ce723a,user_8705,35172.01,69,457,True,BLOCKED,LEGITIMATE
txn_511a82ec,user_5444,6147.42,92,1850,True,BLOCKED,FRAUD
txn_a2195e9e,user_4728,13632.75,79,165,True,BLOCKED,LEGITIMATE
txn_954b3e66,user_1965,40166.29,67,260,False,BLOCKED,LEGITIMATE
txn_47f90628,user_1438,35156.57,89,7691,True,BLOCKED,FRAUD
txn_106780be,user_2065,12966.98,98,4564,True,BLOCKED,FRAUD
txn_dadbf43b,user_9611,26746.45,98,7561,True,BLOCKED,FRAUD
txn_61b58e98,user_1262,31419.43,93,6858,True,BLOCKED,FRAUD
txn_6b4e4fb4,user_8334,39057.43,81,62,True,BLOCKED,LEGITIMATE
txn_cb2a336a,user_4883,45954.36,92,5478,True,BLOCKED,FRAUD
txn_edf06b6d,user_8765,19340.53,93,3880,True,BLOCKED,FRAUD
txn_f6b6ee12,user_2742,9114.27,85,5284,True,BLOCKED,FRAUD
txn_21be72a4,user_4616,35677.03,83,66,False,BLOCKED,LEGITIMATE
txn_bb160b3d,user_1039,29818.58,96,9087,True,BLOCKED,FRAUD
txn_a65f795a,user_7260,41425.5,97,3502,True,BLOCKED,FRAUD
txn_b6476bcd,user_2429,4938.86,88,4349,True,BLOCKED,FRAUD
txn_719586c4,user_7278,27999.87,91,3852,True,BLOCKED,FRAUD
txn_5917e000,user_2381,29117.54,90,9195,True,BLOCKED,FRAUD
txn_a4a7b8f4,user_1402,34925.93,88,8555,True,BLOCKED,FRAUD
txn_d46d611b,user_5828,25889.81,63,402,False,BLOCKED,LEGITIMATE
txn_1aa93bfe,user_7258,36493.8,91,6270,True,BLOCKED,FRAUD
txn_120828de,user_2759,23637.05,91,4988,True,BLOCKED,FRAUD
txn_13319e12,user_4381,33204.54,98,9185,True,BLOCKED,FRAUD
txn_bf93e498,user_1055,615.68,89,2707,True,BLOCKED,FRAUD
txn_406bcd3c,user_9783,46909.7,89,8439,True,BLOCKED,FRAUD
txn_724476ed,user_5109,41935.35,99,7037,True,BLOCKED,FRAUD
txn_1ac53eda,user_2896,9029.24,86,3534,True,BLOCKED,FRAUD
txn_c66dfa2a,user_1227,13183.17,68,235,False,BLOCKED,LEGITIMATE
txn_bc5f7aa2,user_5904,38245.83,91,3433,True,BLOCKED,FRAUD
txn_fea2f4f1,user_4665,48510.66,74,484,False,BLOCKED,LEGITIMATE
txn_8ca56365,user_2189,46285.65,72,453,True,BLOCKED,LEGITIMATE
txn_d57d2fc0,user_7654,44763.52,61,353,False,BLOCKED,LEGITIMATE
txn_a886e7d2,user_8082,10677.37,85,1154,True,BLOCKED,FRAUD
txn_d2b74576,user_2580,43949.98,95,3482,True,BLOCKED,FRAUD
txn_056041e6,user_9593,38787.62,96,6312,True,BLOCKED,FRAUD
txn_8cbf9f36,user_2771,28411.31,65,375,True,BLOCKED,LEGITIMATE
txn_6ff921ba,user_9169,29971.21,96,2514,True,BLOCKED,FRAUD
txn_deccbe7b,user_9132,3280.72,72,102,True,BLOCKED,LEGITIMATE
txn_28f82a03,user_3923,6572.74,86,7695,True,BLOCKED,FRAUD
txn_9f61d6b3,user_6569,9070.39,96,4887,True,BLOCKED,FRAUD
txn_40e8abf1,user_2411,36311.01,61,304,False,BLOCKED,LEGITIMATE
txn_09100756,user_7732,42902.52,99,1782,True,BLOCKED,FRAUD
txn_e1154139,user_9036,808.17,88,1182,True,BLOCKED,FRAUD
txn_ea7408e5,user_8606,18186.22,90,7459,True,BLOCKED,FRAUD
txn_e4fc6840,user_5908,47951.05,85,9671,True,BLOCKED,FRAUD
txn_95acda62,user_3273,40833.93,98,8307,True,BLOCKED,FRAUD
txn_f6e8bee3,user_8837,4488.37,97,6969,True,BLOCKED,FRAUD
txn_e1080adc,user_3621,9411.0,78,406,False,BLOCKED,LEGITIMATE
txn_00cf944e,user_4712,16811.72,84,237,True,BLOCKED,LEGITIMATE
txn_bf542992,user_2558,16853.74,86,2825,True,BLOCKED,FRAUD
txn_e1768343,user_8423,33578.49,85,205,True,BLOCKED,LEGITIMATE
txn_5fbd6357,user_4457,23436.31,67,388,False,BLOCKED,LEGITIMATE
txn_93e55e00,user_5585,33849.47,66,464,False,BLOCKED,LEGITIMATE
txn_e106807f,user_1373,37415.51,91,3880,True,BLOCKED,FRAUD
txn_905c751e,user_1456,29821.33,64,480,True,BLOCKED,LEGITIMATE
txn_ae6dfc25,user_7289,21722.24,70,99,True,BLOCKED,LEGITIMATE
txn_a895e4fd,user_7682,19691.81,96,7934,True,BLOCKED,FRAUD
txn_75d9fa13,user_8475,34640.66,87,2740,True,BLOCKED,FRAUD
txn_86c1514b,user_3869,4362.86,64,330,True,BLOCKED,LEGITIMATE
txn_bf8aadf5,user_3211,44786.25,91,4331,True,BLOCKED,FRAUD
txn_cf036b6d,user_1005,6848.79,63,233,False,BLOCKED,LEGITIMATE
txn_c08d7c75,user_9158,41553.22,63,305,False,BLOCKED,LEGITIMATE
txn_6bd9331e,user_6006,47525.29,95,4355,True,BLOCKED,FRAUD
txn_3aedbdbc,user_8458,46915.03,70,119,True,BLOCKED,LEGITIMATE
txn_a74b6a69,user_7882,1145.86,60,141,True,BLOCKED,LEGITIMATE
txn_6422837d,user_3564,6254.92,85,4868,True,BLOCKED,FRAUD
txn_7c346fec,user_6053,49853.72,92,9511,True,BLOCKED,FRAUD
txn_fb19db4f,user_2090,7081.87,95,4292,True,BLOCKED,FRAUD
txn_750a9251,user_6917,17414.27,86,5995,True,BLOCKED,FRAUD
txn_9be56afc,user_4600,22897.6,88,1168,True,BLOCKED,FRAUD
txn_9f98920b,user_2420,28002.8,99,5335,True,BLOCKED,FRAUD
txn_0ecd0399,user_1169,47464.62,98,6054,True,BLOCKED,FRAUD
txn_7343b309,user_2185,29932.27,75,290,False,BLOCKED,LEGITIMATE
txn_46c7abe1,user_6535,36093.23,85,96,False,BLOCKED,LEGITIMATE
txn_2f3d85ac,user_6122,36893.87,63,238,False,BLOCKED,LEGITIMATE
txn_95f6b4de,user_6059,40152.0,89,1824,True,BLOCKED,FRAUD
txn_3c961444,user_9179,29182.5,95,9210,True,BLOCKED,FRAUD
txn_50e1d60a,user_3242,24453.8,85,9722,True,BLOCKED,FRAUD
txn_8cba04fc,user_9952,28489.04,95,4525,True,BLOCKED,FRAUD
txn_3b251db3,user_5289,33297.1,91,4129,True,BLOCKED,FRAUD
txn_a2ed79a5,user_2751,18110.33,99,7440,True,BLOCKED,FRAUD
txn_3b18b872,user_7162,27703.6,96,9503,True,BLOCKED,FRAUD
txn_6c024530,user_8663,12802.85,92,7790,True,BLOCKED,FRAUD
txn_1e5ee5c5,user_3240,19917.39,87,7050,True,BLOCKED,FRAUD
txn_40547f6f,user_2336,5717.31,73,401,True,BLOCKED,LEGITIMATE
txn_01527f98,user_3535,1321.83,81,303,True,BLOCKED,LEGITIMATE
txn_cc02af5e,user_4545,15597.11,67,287,False,BLOCKED,LEGITIMATE
txn_bea7033d,user_5777,43615.53,98,6566,True,BLOCKED,FRAUD
txn_ea1f4ba1,user_2175,5179.45,98,1029,True,BLOCKED,FRAUD
txn_91bf00c2,user_2957,16072.02,87,6611,True,BLOCKED,FRAUD
txn_37546e9f,user_1857,30004.47,98,1747,True,BLOCKED,FRAUD
txn_ccada50e,user_2659,38696.66,91,9592,True,BLOCKED,FRAUD
txn_3168175b,user_9876,4095.67,71,209,False,BLOCKED,LEGITIMATE
txn_86d30cf3,user_2895,8672.25,88,3718,True,BLOCKED,FRAUD
txn_c9ff3be9,user_4770,36611.16,78,334,True,BLOCKED,LEGITIMATE
txn_dd67bf10,user_9981,34991.61,89,8063,True,BLOCKED,FRAUD
txn_69d6dc38,user_8437,46123.94,92,6159,True,BLOCKED,FRAUD
txn_2485371d,user_5507,34939.5,82,120,True,BLOCKED,LEGITIMATE
txn_b78e7f30,user_9768,49101.48,85,9817,True,BLOCKED,FRAUD
txn_9d99c26a,user_3689,14151.46,86,5187,True,BLOCKED,FRAUD
txn_3ec8f66b,user_8251,24014.01,94,4797,True,BLOCKED,FRAUD
txn_5ef77b61,user_1921,24096.64,95,4295,True,BLOCKED,FRAUD
txn_b3dc032c,user_1887,39085.76,80,289,True,BLOCKED,LEGITIMATE
txn_50014884,user_3761,16916.62,89,4685,True,BLOCKED,FRAUD
txn_09e98148,user_3809,44828.95,63,281,False,BLOCKED,LEGITIMATE
txn_0f7c222b,user_4591,17764.0,82,168,False,BLOCKED,LEGITIMATE
txn_a394cdd6,user_6906,25272.05,96,9535,True,BLOCKED,FRAUD
txn_4528cf02,user_2588,13543.08,68,386,True,BLOCKED,LEGITIMATE
txn_98ab3ab4,user_9659,30643.08,83,92,False,BLOCKED,LEGITIMATE
txn_cedad21c,user_1282,567.21,94,2090,True,BLOCKED,FRAUD
txn_24612ae5,user_5609,5463.31,85,5886,True,BLOCKED,FRAUD
txn_68e84bad,user_4223,22277.18,90,2907,True,BLOCKED,FRAUD
txn_93e34dc7,user_5028,24639.62,74,136,True,BLOCKED,LEGITIMATE
txn_1d5539b3,user_7171,42604.22,85,5090,True,BLOCKED,FRAUD
txn_84de5958,user_2338,31409.67,67,445,True,BLOCKED,LEGITIMATE
txn_18efdeea,user_2237,33104.34,89,2996,True,BLOCKED,FRAUD
txn_88a9eb88,user_5928,1413.36,85,6511,True,BLOCKED,FRAUD
txn_c4da5041,user_6319,44493.21,71,302,True,BLOCKED,LEGITIMATE
txn_bd5f3aeb,user_5889,15872.45,90,2115,True,BLOCKED,FRAUD
txn_cecd145f,user_4978,32840.57,97,2828,True,BLOCKED,FRAUD
txn_b7a92a62,user_4232,28963.6,88,8753,True,BLOCKED,FRAUD
txn_24a59164,user_9330,17226.87,98,5494,True,BLOCKED,FRAUD
txn_80caf34c,user_6879,43313.95,85,1885,True,BLOCKED,FRAUD
txn_9e053c44,user_1066,47021.71,99,2277,True,BLOCKED,FRAUD
txn_787e993d,user_2833,3200.76,74,123,False,BLOCKED,LEGITIMATE
txn_ba44a1e0,user_3600,29850.73,85,241,False,BLOCKED,LEGITIMATE
txn_851ae11d,user_3252,43486.92,92,4130,True,BLOCKED,FRAUD
txn_1170f36e,user_7767,47242.37,76,96,False,BLOCKED,LEGITIMATE
txn_780a3263,user_5431,48642.21,96,9133,True,BLOCKED,FRAUD
txn_6e55d999,user_4554,8826.85,86,7817,True,BLOCKED,FRAUD
txn_8d865796,user_1904,12874.77,93,9511,True,BLOCKED,FRAUD
txn_1f8507a1,user_7780,46200.74,89,8296,True,BLOCKED,FRAUD
txn_860285df,user_4631,12815.18,89,1686,True,BLOCKED,FRAUD
txn_83304796,user_4634,49544.73,90,4715,True,BLOCKED,FRAUD
txn_8a22cab7,user_6782,38970.53,70,343,False,BLOCKED,LEGITIMATE
txn_086573a2,user_1885,23696.82,91,2190,True,BLOCKED,FRAUD
txn_6a5d3185,user_6761,9077.57,98,7116,True,BLOCKED,FRAUD
txn_9e6488f2,user_5381,40378.13,91,6803,True,BLOCKED,FRAUD
txn_67aa76ba,user_2523,11526.44,90,2578,True,BLOCKED,FRAUD
txn_6ca59cc8,user_7797,10319.99,83,231,True,BLOCKED,LEGITIMATE
txn_27a4de04,user_6669,39225.48,93,6535,True,BLOCKED,FRAUD
txn_ce4b3897,user_8127,27892.48,99,6577,True,BLOCKED,FRAUD
txn_c6b905ec,user_5571,49306.25,96,6843,True,BLOCKED,FRAUD
txn_4f045276,user_7394,19867.65,90,2484,True,BLOCKED,FRAUD
txn_99f9e990,user_8575,9304.14,91,8427,True,BLOCKED,FRAUD
txn_7fdfba6c,user_1218,36657.75,72,341,False,BLOCKED,LEGITIMATE
txn_182d62f0,user_8257,32947.29,87,4939,True,BLOCKED,FRAUD
txn_5c1734cc,user_6459,4100.62,88,1591,True,BLOCKED,FRAUD
txn_1ebda2bc,user_6004,19201.04,93,6561,True,BLOCKED,FRAUD
txn_cfab0432,user_3535,15930.93,80,66,False,BLOCKED,LEGITIMATE
txn_7b71b0d2,user_7749,26195.52,91,9702,True,BLOCKED,FRAUD
txn_755f2354,user_3120,36266.59,82,123,False,BLOCKED,LEGITIMATE
txn_a5969604,user_2644,37343.94,80,99,False,BLOCKED,LEGITIMATE
txn_a9883ced,user_9699,44987.36,74,336,True,BLOCKED,LEGITIMATE
txn_1acfc225,user_9521,47454.61,93,7671,True,BLOCKED,FRAUD
txn_dc3d7323,user_7853,18380.46,93,7757,True,BLOCKED,FRAUD
txn_2dbbb3b2,user_2572,25769.94,84,351,False,BLOCKED,LEGITIMATE
txn_6f08d732,user_4341,44973.19,95,5266,True,BLOCKED,FRAUD
txn_294bac99,user_3605,41139.99,98,2287,True,BLOCKED,FRAUD
txn_d9d69c82,user_3449,2887.39,86,4079,True,BLOCKED,FRAUD
txn_8999254a,user_4856,17616.62,66,265,False,BLOCKED,LEGITIMATE
txn_0e0c18d1,user_4072,34210.74,89,3832,True,BLOCKED,FRAUD
txn_0a95c4d5,user_2405,16436.05,92,4706,True,BLOCKED,FRAUD
txn_421b981f,user_8766,12577.77,70,151,True,BLOCKED,LEGITIMATE
txn_8971d416,user_4450,7514.25,87,3272,True,BLOCKED,FRAUD
txn_00b78790,user_7522,9569.47,92,4621,True,BLOCKED,FRAUD
txn_72803d7c,user_7942,22844.72,87,1367,True,BLOCKED,FRAUD
txn_504b7ea2,user_3009,22348.37,66,187,True,BLOCKED,LEGITIMATE
txn_ef25f71e,user_1625,22227.58,95,8193,True,BLOCKED,FRAUD
txn_4b6fa115,user_4977,41608.72,64,240,True,BLOCKED,LEGITIMATE
txn_38c52a65,user_8608,18293.42,85,330,False,BLOCKED,LEGITIMATE
txn_8cbf762c,user_6721,42020.3,94,4878,True,BLOCKED,FRAUD
txn_8b7044e1,user_6839,4123.96,69,494,True,BLOCKED,LEGITIMATE
txn_155d6efb,user_3942,29487.83,99,1002,True,BLOCKED,FRAUD
txn_f3194cb6,user_9164,28626.53,64,473,True,BLOCKED,LEGITIMATE
txn_0353d210,user_5366,40960.86,87,9415,True,BLOCKED,FRAUD
txn_4b90d4d5,user_9484,38037.36,86,8877,True,BLOCKED,FRAUD
txn_28798518,user_6888,11769.66,87,7359,True,BLOCKED,FRAUD
txn_fde49b22,user_9252,30651.11,89,7540,True,BLOCKED,FRAUD
txn_de267ca9,user_7763,14608.96,89,1193,True,BLOCKED,FRAUD
txn_1485e3d3,user_9092,33577.05,86,8821,True,BLOCKED,FRAUD
txn_921ee951,user_8499,21974.03,99,5733,True,BLOCKED,FRAUD
txn_5fcaaa8c,user_2271,6384.89,91,7146,True,BLOCKED,FRAUD
txn_fc28a767,user_4934,40526.52,85,9250,True,BLOCKED,FRAUD
txn_ccea92fd,user_7457,35265.66,64,127,False,BLOCKED,LEGITIMATE
txn_953a1a22,user_4238,36510.01,62,385,True,BLOCKED,LEGITIMATE
txn_0b7c1c99,user_3333,37049.99,93,2297,True,BLOCKED,FRAUD
txn_72332820,user_9116,23422.2,90,3335,True,BLOCKED,FRAUD
txn_5046fe87,user_8868,4546.18,85,4478,True,BLOCKED,FRAUD
txn_3f14f163,user_9586,23426.48,88,6082,True,BLOCKED,FRAUD
txn_9d033508,user_7920,20052.32,95,4166,True,BLOCKED,FRAUD
txn_9ec1799f,user_7553,5723.56,95,1256,True,BLOCKED,FRAUD
txn_9e292d25,user_2745,9379.66,87,4402,True,BLOCKED,FRAUD
txn_31ebee7c,user_9543,42506.84,92,4314,True,BLOCKED,FRAUD
txn_6fff8928,user_7111,21545.87,89,8732,True,BLOCKED,FRAUD
txn_6ff41047,user_2539,18445.11,94,5631,True,BLOCKED,FRAUD
txn_2555aaf1,user_9435,3909.17,86,1800,True,BLOCKED,FRAUD
txn_cd570939,user_8325,43042.03,88,9290,True,BLOCKED,FRAUD
txn_a663b708,user_2502,12816.87,95,2315,True,BLOCKED,FRAUD
txn_242b5456,user_6606,9052.16,91,2812,True,BLOCKED,FRAUD
txn_fa14921f,user_3662,24168.73,89,9505,True,BLOCKED,FRAUD
txn_0d866180,user_7787,13322.73,87,8131,True,BLOCKED,FRAUD
txn_bdce2e41,user_7201,1673.73,72,435,True,BLOCKED,LEGITIMATE
txn_02159877,user_8768,26772.96,90,7445,True,BLOCKED,FRAUD
txn_f0c669e2,user_7034,10195.51,71,272,False,BLOCKED,LEGITIMATE
txn_13b3f537,user_8752,11852.84,83,244,False,BLOCKED,LEGITIMATE
txn_cb91a34c,user_4163,32253.22,98,1132,True,BLOCKED,FRAUD
txn_357fe98e,user_4870,45532.58,96,6835,True,BLOCKED,FRAUD
txn_17ee4c78,user_2960,4168.3,93,7864,True,BLOCKED,FRAUD
txn_02b0e339,user_4623,46625.79,80,300,True,BLOCKED,LEGITIMATE
txn_eac6d3fa,user_7070,29675.9,86,1486,True,BLOCKED,FRAUD
txn_59404177,user_7944,27681.98,61,289,True,BLOCKED,LEGITIMATE
txn_02bf15b8,user_7143,5807.74,89,6644,True,BLOCKED,FRAUD
txn_f216d24e,user_2284,49627.12,98,4678,True,BLOCKED,FRAUD
txn_9ce39e76,user_8000,35347.17,90,2822,True,BLOCKED,FRAUD
txn_91602661,user_8607,40684.62,65,469,False,BLOCKED,LEGITIMATE
txn_0c9cc2d4,user_5339,14660.54,97,3742,True,BLOCKED,FRAUD
txn_34917978,user_5388,44301.5,85,5490,True,BLOCKED,FRAUD
txn_034fc518,user_7354,12301.26,90,2509,True,BLOCKED,FRAUD
txn_6d2a3786,user_9076,37236.98,92,5590,True,BLOCKED,FRAUD
txn_7b75efe8,user_4348,635.03,60,289,False,BLOCKED,LEGITIMATE
txn_3f19afc5,user_6918,44926.86,96,8145,True,BLOCKED,FRAUD
txn_dfc57dcc,user_1900,35804.54,96,4177,True,BLOCKED,FRAUD
txn_5c9e4b48,user_4356,3515.8,94,1130,True,BLOCKED,FRAUD
txn_8a6ed23a,user_9623,28804.22,89,9097,True,BLOCKED,FRAUD
txn_73af5812,user_4109,2628.91,82,102,True,BLOCKED,LEGITIMATE
txn_fea78ce1,user_8890,28655.42,72,365,True,BLOCKED,LEGITIMATE
txn_21b36c93,user_9695,40463.64,98,1280,True,BLOCKED,FRAUD
txn_2e2cd8e2,user_8701,8790.8,87,9890,True,BLOCKED,FRAUD
txn_7111bab3,user_5537,44035.53,97,7946,True,BLOCKED,FRAUD
txn_d615bfa5,user_9625,43671.28,93,6070,True,BLOCKED,FRAUD
txn_bd37e6fb,user_8401,20198.75,98,2865,True,BLOCKED,FRAUD
txn_a102dd52,user_9332,6695.33,87,5390,True,BLOCKED,FRAUD
txn_714f8115,user_8385,42487.29,93,7486,True,BLOCKED,FRAUD
txn_35208e81,user_2408,49896.95,93,9492,True,BLOCKED,FRAUD
txn_61e05f5c,user_6659,25112.88,86,2082,True,BLOCKED,FRAUD
txn_63cdb938,user_8316,42876.87,97,7162,True,BLOCKED,FRAUD
txn_05f275ce,user_2141,30759.13,98,5310,True,BLOCKED,FRAUD
txn_3cb6a65c,user_1291,19660.33,97,9973,True,BLOCKED,FRAUD
txn_d8f07dad,user_3249,11730.31,72,219,False,BLOCKED,LEGITIMATE
txn_39d01f3e,user_7866,8219.06,87,2344,True,BLOCKED,FRAUD
txn_6de36968,user_2660,44644.83,80,313,False,BLOCKED,LEGITIMATE
txn_ecd62a40,user_5623,35694.86,85,6625,True,BLOCKED,FRAUD
txn_d15dee67,user_5015,29540.56,94,5016,True,BLOCKED,FRAUD
txn_9226c632,user_2814,43841.08,98,3024,True,BLOCKED,FRAUD
txn_5aac4283,user_5499,7365.02,97,3952,True,BLOCKED,FRAUD
txn_821b0925,user_7051,7399.27,90,4601,True,BLOCKED,FRAUD
txn_b76e0e54,user_2357,40701.36,74,51,True,BLOCKED,LEGITIMATE
txn_da16def9,user_6267,40426.2,89,1201,True,BLOCKED,FRAUD
txn_e59d706e,user_5565,38686.38,79,219,False,BLOCKED,LEGITIMATE
txn_a2e3d928,user_2195,29441.66,96,4224,True,BLOCKED,FRAUD
txn_ed10b6ae,user_9910,49210.62,97,9128,True,BLOCKED,FRAUD
txn_3c10c46a,user_8043,8021.26,90,1260,True,BLOCKED,FRAUD
txn_0db60199,user_3437,33068.39,94,4108,True,BLOCKED,FRAUD
txn_5895efcb,user_5465,37893.41,98,6664,True,BLOCKED,FRAUD
txn_27a7b8d2,user_4111,19013.38,98,5235,True,BLOCKED,FRAUD
txn_0d2660ec,user_5839,27287.64,92,6664,True,BLOCKED,FRAUD
txn_be70ede4,user_3689,28067.93,78,54,False,BLOCKED,LEGITIMATE
txn_6f1d3bd1,user_8981,32164.34,91,7973,True,BLOCKED,FRAUD
txn_119715d9,user_9376,2127.99,93,9700,True,BLOCKED,FRAUD
txn_18f94e70,user_9500,26395.02,84,163,False,BLOCKED,LEGITIMATE
txn_b9aca877,user_5981,2538.91,89,1278,True,BLOCKED,FRAUD
txn_3455e254,user_2931,27211.93,89,9575,True,BLOCKED,FRAUD
txn_9189fd97,user_3930,22497.63,69,341,False,BLOCKED,LEGITIMATE
txn_d9f1559f,user_9420,22448.79,89,6148,True,BLOCKED,FRAUD
txn_eee91725,user_9293,31871.44,98,9166,True,BLOCKED,FRAUD
txn_fb41db7a,user_3985,42122.39,90,3898,True,BLOCKED,FRAUD
txn_630a8f27,user_8437,47321.11,87,8487,True,BLOCKED,FRAUD
txn_7453b936,user_3587,3628.57,80,62,False,BLOCKED,LEGITIMATE
txn_6c04c652,user_1990,14560.42,91,2068,True,BLOCKED,FRAUD
txn_6174820c,user_9640,14996.65,95,3293,True,BLOCKED,FRAUD
txn_cf294df1,user_8316,8390.31,99,6459,True,BLOCKED,FRAUD
txn_04c0a0b2,user_1899,42052.51,75,210,False,BLOCKED,LEGITIMATE
txn_d8dad881,user_2994,21686.46,74,372,True,BLOCKED,LEGITIMATE
txn_b8e92a98,user_3186,4688.69,65,223,False,BLOCKED,LEGITIMATE
txn_919a6012,user_4979,10951.93,99,5202,True,BLOCKED,FRAUD
txn_bbc941db,user_2617,22841.29,87,9595,True,BLOCKED,FRAUD
txn_5664362b,user_4128,37121.86,67,146,True,BLOCKED,LEGITIMATE
txn_f47f22ab,user_9102,26073.85,79,411,True,BLOCKED,LEGITIMATE
txn_d44affd5,user_1031,42333.13,76,177,True,BLOCKED,LEGITIMATE
txn_bd7b8b33,user_6736,30797.48,89,8692,True,BLOCKED,FRAUD
txn_9cf691be,user_3703,29216.64,86,9310,True,BLOCKED,FRAUD
txn_273cef9e,user_3132,6258.31,61,177,False,BLOCKED,LEGITIMATE
txn_98e958d8,user_5896,11423.36,99,7164,True,BLOCKED,FRAUD
txn_21fb9285,user_9407,46756.36,76,312,True,BLOCKED,LEGITIMATE
txn_bdbbbdbe,user_1314,20905.53,61,208,False,BLOCKED,LEGITIMATE
txn_4299bf36,user_9878,32315.09,97,3621,True,BLOCKED,FRAUD
txn_4e40f2e9,user_3992,21142.68,98,9632,True,BLOCKED,FRAUD
txn_7d3917d3,user_9746,42351.03,87,7441,True,BLOCKED,FRAUD
txn_0dbf47d0,user_1654,21461.86,95,7476,True,BLOCKED,FRAUD
txn_cfc6771a,user_6030,4868.6,89,6803,True,BLOCKED,FRAUD
txn_ba94fd57,user_1066,43805.42,96,2604,True,BLOCKED,FRAUD
txn_e622a286,user_1831,2064.03,64,425,False,BLOCKED,LEGITIMATE
txn_1991cbe0,user_7931,7679.98,92,1688,True,BLOCKED,FRAUD
txn_155124d7,user_3717,49279.49,85,6860,True,BLOCKED,FRAUD
txn_a4c6f0c9,user_3279,2115.19,93,9961,True,BLOCKED,FRAUD
txn_fbebaba3,user_5457,13265.52,85,2846,True,BLOCKED,FRAUD
txn_9a09c6f5,user_2607,39620.43,88,1634,True,BLOCKED,FRAUD
txn_174827f4,user_6586,44481.82,74,307,False,BLOCKED,LEGITIMATE
txn_0e5b9699,user_2565,5908.35,87,9381,True,BLOCKED,FRAUD
txn_f649b390,user_1565,25699.04,85,6256,True,BLOCKED,FRAUD
txn_b1464cc6,user_2887,28890.6,86,8659,True,BLOCKED,FRAUD
txn_e6b88ae2,user_9681,26278.64,92,4190,True,BLOCKED,FRAUD
txn_fa3e89cf,user_5210,28474.43,85,3388,True,BLOCKED,FRAUD
txn_c8a76061,user_2206,35886.95,97,9856,True,BLOCKED,FRAUD
txn_2fef9568,user_2538,34044.77,69,97,True,BLOCKED,LEGITIMATE
txn_dddb0502,user_8141,28426.58,99,3384,True,BLOCKED,FRAUD
txn_37f5db63,user_9125,45841.51,81,397,True,BLOCKED,LEGITIMATE
txn_ee59face,user_4717,27435.01,64,388,True,BLOCKED,LEGITIMATE
txn_1c352ea3,user_1237,5561.25,83,426,False,BLOCKED,LEGITIMATE
txn_b7466ee1,user_4662,11961.69,96,2881,True,BLOCKED,FRAUD
txn_0815898b,user_4101,44613.54,94,5772,True,BLOCKED,FRAUD
txn_1ca10a1d,user_3402,36650.65,87,7763,True,BLOCKED,FRAUD
txn_a6c1550f,user_2871,5059.53,96,9449,True,BLOCKED,FRAUD
txn_383343a8,user_9703,7123.6,86,1079,True,BLOCKED,FRAUD
txn_48fea893,user_9317,986.39,84,326,True,BLOCKED,LEGITIMATE
txn_56048d5c,user_3667,39007.95,99,2975,True,BLOCKED,FRAUD
txn_7ff9e6b0,user_1029,40229.71,82,279,False,BLOCKED,LEGITIMATE
txn_3f56ba6b,user_6753,48632.32,91,3835,True,BLOCKED,FRAUD
txn_27016dfd,user_6284,25780.85,70,81,False,BLOCKED,LEGITIMATE
txn_0f8e4144,user_5872,38437.94,85,7076,True,BLOCKED,FRAUD
txn_878e171b,user_9462,3515.45,85,9902,True,BLOCKED,FRAUD
txn_c5b59b95,user_8154,13792.68,88,7146,True,BLOCKED,FRAUD
txn_fa47d77b,user_7342,5808.38,95,3358,True,BLOCKED,FRAUD
txn_ee3d41b1,user_3390,25576.62,89,8378,True,BLOCKED,FRAUD
txn_847f2461,user_1537,12520.39,73,345,True,BLOCKED,LEGITIMATE
txn_2e2c709f,user_5074,9117.68,98,3559,True,BLOCKED,FRAUD
txn_748e59d1,user_4724,18516.08,75,51,True,BLOCKED,LEGITIMATE
txn_94130a78,user_2228,20744.13,94,6145,True,BLOCKED,FRAUD
txn_d267b015,user_8847,15104.21,91,2068,True,BLOCKED,FRAUD
txn_f992bd66,user_5232,22233.68,81,256,False,BLOCKED,LEGITIMATE
txn_822308dc,user_2010,21690.44,94,5674,True,BLOCKED,FRAUD
txn_d82b62eb,user_8275,48447.3,89,8877,True,BLOCKED,FRAUD
txn_9f69aba2,user_2627,5185.8,66,499,False,BLOCKED,LEGITIMATE
txn_aa11dd03,user_5785,28632.72,63,56,False,BLOCKED,LEGITIMATE
txn_d5750e33,user_5011,11038.45,88,5935,True,BLOCKED,FRAUD
txn_41d7690f,user_1284,22855.92,95,9143,True,BLOCKED,FRAUD
txn_ada3e206,user_1928,49988.97,95,4516,True,BLOCKED,FRAUD
txn_828968e2,user_9564,9515.41,92,9102,True,BLOCKED,FRAUD
txn_ba310bdc,user_5211,14850.86,92,7037,True,BLOCKED,FRAUD
txn_2ee9acdb,user_1319,42466.76,88,5733,True,BLOCKED,FRAUD
txn_76423ff9,user_9227,7597.01,92,7333,True,BLOCKED,FRAUD
txn_846c1b04,user_4572,49035.37,80,189,False,BLOCKED,LEGITIMATE
txn_a933dc9e,user_5785,4080.38,83,76,True,BLOCKED,LEGITIMATE
txn_98fb8c86,user_2780,26559.7,95,6443,True,BLOCKED,FRAUD
txn_24c2bee1,user_2554,24583.26,87,9382,True,BLOCKED,FRAUD
txn_835f3d6f,user_4394,40031.41,89,7806,True,BLOCKED,FRAUD
txn_d88d6ee5,user_3618,34224.42,99,7393,True,BLOCKED,FRAUD
txn_eaa51092,user_4849,7447.79,86,9633,True,BLOCKED,FRAUD
txn_b17c4971,user_4254,1495.6,88,4629,True,BLOCKED,FRAUD
txn_51f1e4bb,user_4740,44310.53,67,131,True,BLOCKED,LEGITIMATE
txn_c5234b3d,user_2649,9017.44,75,333,True,BLOCKED,LEGITIMATE
txn_15674397,user_8499,27917.03,63,308,False,BLOCKED,LEGITIMATE
txn_ee016f01,user_8714,5185.36,79,124,True,BLOCKED,LEGITIMATE
txn_554d2ea7,user_2430,47551.79,99,3973,True,BLOCKED,FRAUD
txn_36747a42,user_6915,47295.21,88,9599,True,BLOCKED,FRAUD
txn_0424ec7e,user_3891,34222.4,95,1132,True,BLOCKED,FRAUD
txn_5bbfebd6,user_8950,32338.5,96,7293,True,BLOCKED,FRAUD
txn_fee832c2,user_8773,20754.61,68,454,False,BLOCKED,LEGITIMATE
txn_82185bbd,user_2944,9950.53,87,9030,True,BLOCKED,FRAUD
txn_8e0b99ee,user_9426,6722.47,94,8762,True,BLOCKED,FRAUD
txn_f419d09e,user_1556,42455.38,90,8927,True,BLOCKED,FRAUD
txn_8d4823c9,user_2924,46588.22,78,242,True,BLOCKED,LEGITIMATE
txn_3db9c409,user_6086,39735.4,96,1560,True,BLOCKED,FRAUD
txn_edf22134,user_7619,27935.42,96,3560,True,BLOCKED,FRAUD
txn_c8f9e279,user_8618,47865.88,95,5231,True,BLOCKED,FRAUD
txn_1622a708,user_5568,28439.25,89,5421,True,BLOCKED,FRAUD
txn_429a9b58,user_1416,11073.49,94,6343,True,BLOCKED,FRAUD
txn_09c43861,user_2673,34911.63,90,2089,True,BLOCKED,FRAUD
txn_3f991c73,user_7432,36839.17,84,388,False,BLOCKED,LEGITIMATE
txn_6c250a2f,user_6508,10922.45,65,121,False,BLOCKED,LEGITIMATE
txn_51f392d3,user_7541,13206.34,85,4769,True,BLOCKED,FRAUD
txn_fa2675ac,user_9373,30053.32,89,9086,True,BLOCKED,FRAUD
txn_047cd5df,user_8748,40937.62,95,9293,True,BLOCKED,FRAUD
txn_3aab51e3,user_3243,18769.77,68,91,False,BLOCKED,LEGITIMATE
txn_9df2ef8d,user_8923,586.52,99,2727,True,BLOCKED,FRAUD
txn_421c835d,user_5671,42831.14,90,2539,True,BLOCKED,FRAUD
txn_4b35dd77,user_7955,10677.04,74,220,False,BLOCKED,LEGITIMATE
txn_74403c7c,user_3535,36102.81,75,151,False,BLOCKED,LEGITIMATE
txn_6c199150,user_1809,49583.74,90,9917,True,BLOCKED,FRAUD
txn_a739d8ea,user_2993,33472.45,69,328,False,BLOCKED,LEGITIMATE
txn_313f7b78,user_7590,25502.88,97,9064,True,BLOCKED,FRAUD
txn_669b9439,user_3408,7165.19,87,7296,True,BLOCKED,FRAUD
txn_66b793b5,user_9389,38557.46,60,356,True,BLOCKED,LEGITIMATE
txn_45e498fd,user_3392,2420.18,99,6268,True,BLOCKED,FRAUD
txn_365b29c1,user_6384,46825.69,91,5661,True,BLOCKED,FRAUD
txn_756d66df,user_4382,29550.26,88,2904,True,BLOCKED,FRAUD
txn_48b572d7,user_8781,33638.94,68,416,True,BLOCKED,LEGITIMATE
txn_4a71e104,user_7869,34227.88,67,396,False,BLOCKED,LEGITIMATE
txn_0ef6b549,user_8408,25033.07,64,173,True,BLOCKED,LEGITIMATE
txn_9206d919,user_6146,1456.17,95,7123,True,BLOCKED,FRAUD
txn_64aa1c63,user_6169,15806.09,88,6203,True,BLOCKED,FRAUD
txn_549db609,user_1100,36478.0,84,74,False,BLOCKED,LEGITIMATE
txn_60cc5cce,user_6678,44349.52,61,294,False,BLOCKED,LEGITIMATE
txn_20770651,user_8894,10809.52,98,4252,True,BLOCKED,FRAUD
txn_52557ba3,user_1243,11545.61,87,6541,True,BLOCKED,FRAUD
txn_a7e80b6c,user_3607,21214.21,74,331,False,BLOCKED,LEGITIMATE
txn_30ab3614,user_9731,18974.97,94,3638,True,BLOCKED,FRAUD
txn_a64dfe1c,user_5180,33571.08,68,134,False,BLOCKED,LEGITIMATE
txn_12c29c8f,user_9550,34802.99,61,437,False,BLOCKED,LEGITIMATE
txn_7c58d65c,user_5978,15660.69,86,1332,True,BLOCKED,FRAUD
txn_9dc3b0cb,user_5425,45303.58,70,458,False,BLOCKED,LEGITIMATE
txn_ee158ff5,user_1022,29585.6,97,6071,True,BLOCKED,FRAUD
txn_a66a5389,user_3230,42148.5,91,4835,True,BLOCKED,FRAUD
txn_1ea703de,user_8482,49672.8,76,112,False,BLOCKED,LEGITIMATE
txn_6b2601a0,user_4423,9344.11,74,221,False,BLOCKED,LEGITIMATE
txn_79a2ff71,user_4252,18661.87,85,2186,True,BLOCKED,FRAUD
txn_8222b95e,user_8167,10601.86,85,84,True,BLOCKED,LEGITIMATE
txn_20fdd7b0,user_3824,40723.68,85,4321,True,BLOCKED,FRAUD
txn_31965bb5,user_4657,43779.4,86,8931,True,BLOCKED,FRAUD
txn_4cfbd868,user_9703,45183.88,75,338,False,BLOCKED,LEGITIMATE
txn_be8217da,user_2468,42882.46,85,79,True,BLOCKED,LEGITIMATE
txn_b3b3de69,user_6305,49010.52,71,321,True,BLOCKED,LEGITIMATE
txn_766b0626,user_3937,21180.12,93,1811,True,BLOCKED,FRAUD
txn_fc42d560,user_4646,29565.25,88,7443,True,BLOCKED,FRAUD
txn_c84f8bf7,user_1660,28488.06,94,4221,True,BLOCKED,FRAUD
txn_5144266d,user_9193,35180.68,86,3186,True,BLOCKED,FRAUD
txn_51758573,user_9540,1586.94,71,367,False,BLOCKED,LEGITIMATE
txn_fcfbe7c1,user_5727,22754.03,87,4449,True,BLOCKED,FRAUD
txn_367e31ed,user_2695,19963.96,69,420,True,BLOCKED,LEGITIMATE
txn_b9f5b673,user_8785,26096.12,98,3133,True,BLOCKED,FRAUD
txn_5e5ae619,user_5754,29086.2,79,435,True,BLOCKED,LEGITIMATE
txn_35ee1674,user_7650,7578.81,92,3763,True,BLOCKED,FRAUD
txn_02138d6c,user_4791,1828.81,98,9490,True,BLOCKED,FRAUD
txn_d70a7718,user_1345,8777.29,61,352,False,BLOCKED,LEGITIMATE
txn_ce98a517,user_4993,24028.98,72,418,False,BLOCKED,LEGITIMATE
txn_e3be4606,user_7863,48293.17,88,6726,True,BLOCKED,FRAUD
txn_3a5e9719,user_4511,41414.16,85,4600,True,BLOCKED,FRAUD
txn_1b6ab2f7,user_8893,40268.33,92,2638,True,BLOCKED,FRAUD
txn_4bb4118d,user_7961,9330.02,79,237,True,BLOCKED,LEGITIMATE
txn_59ab61d7,user_2835,1375.56,96,5570,True,BLOCKED,FRAUD
txn_12c7e582,user_4027,29801.69,87,9280,True,BLOCKED,FRAUD
txn_7839df13,user_9948,29684.03,86,5812,True,BLOCKED,FRAUD
txn_d5e24d5e,user_9294,1152.88,87,3850,True,BLOCKED,FRAUD
txn_de3aa1e7,user_9775,14389.24,81,371,False,BLOCKED,LEGITIMATE
txn_d49c3b0e,user_9957,25124.04,97,4251,True,BLOCKED,FRAUD
txn_f89ebb32,user_2267,1344.04,85,3353,True,BLOCKED,FRAUD
txn_d4f2a344,user_1743,37593.34,95,9462,True,BLOCKED,FRAUD
txn_4142a59f,user_8330,25397.59,97,6392,True,BLOCKED,FRAUD
txn_1c0ac128,user_2586,19795.67,89,3426,True,BLOCKED,FRAUD
txn_3186aef7,user_8662,19413.8,62,387,True,BLOCKED,LEGITIMATE
txn_a8fd8fdc,user_2662,42706.57,99,4723,True,BLOCKED,FRAUD
txn_61f036f8,user_7813,32021.02,97,3897,True,BLOCKED,FRAUD
txn_bd430199,user_8406,18916.94,98,9338,True,BLOCKED,FRAUD
txn_84695ce7,user_6535,17012.39,83,383,False,BLOCKED,LEGITIMATE
txn_e37d2e2d,user_7073,1421.3,86,2436,True,BLOCKED,FRAUD
txn_ca617f1b,user_3294,17389.44,87,7906,True,BLOCKED,FRAUD
txn_76e7bcdf,user_4591,20024.22,99,7795,True,BLOCKED,FRAUD
txn_81286b8d,user_6961,4359.45,62,268,True,BLOCKED,LEGITIMATE
txn_e4342cc0,user_7526,17116.74,98,8475,True,BLOCKED,FRAUD
txn_dba46f87,user_1167,1546.21,95,6548,True,BLOCKED,FRAUD
txn_5d27fba0,user_4063,21593.75,80,141,False,BLOCKED,LEGITIMATE
txn_20674bed,user_2975,37288.41,95,1189,True,BLOCKED,FRAUD
txn_949f4653,user_3789,12030.17,81,415,False,BLOCKED,LEGITIMATE
txn_8b1e4207,user_1364,39265.76,86,2756,True,BLOCKED,FRAUD
txn_a837722a,user_8208,6130.17,80,383,True,BLOCKED,LEGITIMATE
txn_e1991134,user_6868,11948.94,86,9364,True,BLOCKED,FRAUD
txn_a72bba4a,user_9653,35138.75,98,8854,True,BLOCKED,FRAUD
txn_216aae26,user_2777,48004.78,92,3080,True,BLOCKED,FRAUD
txn_93e1b243,user_8635,11862.89,92,7534,True,BLOCKED,FRAUD
txn_660b54ab,user_2459,48428.52,90,4011,True,BLOCKED,FRAUD
txn_9c82a2c4,user_3157,49852.66,68,444,False,BLOCKED,LEGITIMATE
txn_85468640,user_6941,44600.64,64,498,False,BLOCKED,LEGITIMATE
txn_55b686cd,user_7778,46568.43,86,4224,True,BLOCKED,FRAUD
txn_eda8d66b,user_3617,49229.8,63,53,False,BLOCKED,LEGITIMATE
txn_d8d0f43c,user_3205,25530.1,93,3627,True,BLOCKED,FRAUD
txn_e7439f6a,user_1458,23830.75,92,6845,True,BLOCKED,FRAUD
txn_2112d18c,user_5830,28511.76,95,6497,True,BLOCKED,FRAUD
txn_1a0c78ed,user_2940,30595.63,70,386,True,BLOCKED,LEGITIMATE
txn_a2d1b082,user_4987,44692.34,80,259,True,BLOCKED,LEGITIMATE
txn_5b6589c8,user_6377,3363.81,96,2425,True,BLOCKED,FRAUD
txn_bbfb80cc,user_3305,35335.32,96,1338,True,BLOCKED,FRAUD
txn_b591673a,user_3629,11317.49,91,4764,True,BLOCKED,FRAUD
txn_4735f1d4,user_7652,25495.37,85,4541,True,BLOCKED,FRAUD
txn_ace38a89,user_4500,32975.74,97,4116,True,BLOCKED,FRAUD
txn_ca3a6c07,user_6417,34126.78,94,1249,True,BLOCKED,FRAUD
txn_530a4320,user_8500,30142.0,77,406,True,BLOCKED,LEGITIMATE
txn_fb4d5841,user_6140,5580.17,99,9703,True,BLOCKED,FRAUD
txn_c1ddcf78,user_2334,8665.96,98,8782,True,BLOCKED,FRAUD
txn_b921c8e6,user_4503,3122.77,98,6418,True,BLOCKED,FRAUD
txn_cef1666e,user_8671,36411.51,99,5896,True,BLOCKED,FRAUD
txn_214390c9,user_3971,32165.16,65,245,True,BLOCKED,LEGITIMATE
txn_5caeb72f,user_4650,35770.62,95,2359,True,BLOCKED,FRAUD
txn_045eb470,user_4849,20994.26,93,7981,True,BLOCKED,FRAUD
txn_28a20eeb,user_5969,16408.08,97,6382,True,BLOCKED,FRAUD
txn_88c30b90,user_9970,2410.2,63,493,True,BLOCKED,LEGITIMATE
txn_9024f45b,user_7160,20139.65,90,8469,True,BLOCKED,FRAUD
txn_2ea16142,user_9255,20511.02,96,2220,True,BLOCKED,FRAUD
txn_80dd87db,user_7628,11312.34,85,1772,True,BLOCKED,FRAUD
txn_0af2aad0,user_3226,6603.68,67,255,True,BLOCKED,LEGITIMATE
txn_9f705554,user_6386,28083.84,87,5998,True,BLOCKED,FRAUD
txn_d6ad5957,user_3403,44387.19,93,6675,True,BLOCKED,FRAUD
txn_920c602c,user_3841,3551.41,94,1492,True,BLOCKED,FRAUD
txn_d23c602e,user_9422,1123.31,92,6004,True,BLOCKED,FRAUD
txn_d4b25732,user_3097,42597.75,85,235,True,BLOCKED,LEGITIMATE
txn_8d28b736,user_7898,32586.86,88,1348,True,BLOCKED,FRAUD
txn_f5118d6b,user_7511,29539.26,92,4934,True,BLOCKED,FRAUD
txn_e02aeec7,user_2302,33292.99,89,6510,True,BLOCKED,FRAUD
txn_af7be987,user_5281,19339.45,86,9827,True,BLOCKED,FRAUD
txn_25462bb4,user_2656,4589.09,90,4396,True,BLOCKED,FRAUD
txn_534af3d8,user_9384,32677.25,96,9335,True,BLOCKED,FRAUD
txn_fe7bfa35,user_4894,48417.46,99,3974,True,BLOCKED,FRAUD
txn_b41996dc,user_4807,41145.25,93,8882,True,BLOCKED,FRAUD
txn_3d69840f,user_4643,39459.96,89,8727,True,BLOCKED,FRAUD
txn_1ab1bb5f,user_9181,45526.5,87,6829,True,BLOCKED,FRAUD
txn_9c0471df,user_8874,28464.55,86,7786,True,BLOCKED,FRAUD
txn_fe89a71d,user_9508,3660.5,97,6419,True,BLOCKED,FRAUD
txn_4bfd36dc,user_2460,46700.99,97,4691,True,BLOCKED,FRAUD
txn_8ba953f0,user_1992,19448.78,88,4098,True,BLOCKED,FRAUD
txn_620bc036,user_1718,40505.23,93,6057,True,BLOCKED,FRAUD
txn_56bf5d6f,user_2128,6025.69,86,5497,True,BLOCKED,FRAUD
txn_ec5de057,user_5911,40909.77,96,3575,True,BLOCKED,FRAUD
txn_92d1b1bf,user_3459,30304.24,86,2944,True,BLOCKED,FRAUD
txn_86de616d,user_2110,4465.71,68,164,True,BLOCKED,LEGITIMATE
txn_f5bfa224,user_9720,45523.94,92,5792,True,BLOCKED,FRAUD
txn_80fccf83,user_7744,48591.46,73,412,True,BLOCKED,LEGITIMATE
txn_ec244134,user_9792,31587.11,96,7752,True,BLOCKED,FRAUD
txn_52ab8840,user_1667,40394.71,79,457,False,BLOCKED,LEGITIMATE
txn_e2b71376,user_2155,9243.7,97,9769,True,BLOCKED,FRAUD
txn_acbab86b,user_5317,26635.22,85,435,True,BLOCKED,LEGITIMATE
txn_fa050ec0,user_7663,10619.67,91,5407,True,BLOCKED,FRAUD
txn_48103818,user_1887,2766.32,61,175,False,BLOCKED,LEGITIMATE
txn_be76b866,user_8676,7404.74,91,7517,True,BLOCKED,FRAUD
txn_f3133d5f,user_9826,32211.05,80,480,False,BLOCKED,LEGITIMATE
txn_a71f78a7,user_5962,8023.49,98,1501,True,BLOCKED,FRAUD
txn_c4f5b932,user_8780,18974.74,77,250,False,BLOCKED,LEGITIMATE
txn_9d96cd35,user_6535,31327.75,94,1127,True,BLOCKED,FRAUD
txn_31ead424,user_7326,12504.64,76,203,True,BLOCKED,LEGITIMATE
txn_7529aa44,user_3786,49534.85,86,9785,True,BLOCKED,FRAUD
txn_d0dfd3ce,user_5326,33770.81,78,466,False,BLOCKED,LEGITIMATE
txn_254eab7b,user_5473,33952.46,91,3996,True,BLOCKED,FRAUD
txn_d64713e4,user_2714,47027.35,91,3454,True,BLOCKED,FRAUD
txn_48d4cf41,user_5256,12632.23,90,2091,True,BLOCKED,FRAUD
txn_46690140,user_4970,15296.13,86,2230,True,BLOCKED,FRAUD
txn_ae1c6c83,user_7852,44508.68,98,7872,True,BLOCKED,FRAUD
txn_4191cf59,user_5201,5818.35,99,1981,True,BLOCKED,FRAUD
txn_b4573224,user_1620,12408.09,95,6703,True,BLOCKED,FRAUD
txn_3eca4735,user_3624,31785.28,91,2162,True,BLOCKED,FRAUD
txn_194b36eb,user_8197,12598.59,85,8574,True,BLOCKED,FRAUD
txn_76d2d73b,user_4657,20980.44,90,4809,True,BLOCKED,FRAUD
txn_9fcc3831,user_4913,24444.41,90,9842,True,BLOCKED,FRAUD
txn_728816db,user_8550,28942.09,92,2853,True,BLOCKED,FRAUD
txn_5e505bc2,user_6730,24696.94,65,109,True,BLOCKED,LEGITIMATE
txn_7dd8647a,user_1617,22039.38,61,483,False,BLOCKED,LEGITIMATE
txn_53dba5aa,user_2149,23653.4,76,405,False,BLOCKED,LEGITIMATE
txn_9268d694,user_1895,2152.86,85,134,False,BLOCKED,LEGITIMATE
txn_debd8daa,user_8444,7222.91,91,2821,True,BLOCKED,FRAUD
txn_97163670,user_7151,7316.31,80,290,True,BLOCKED,LEGITIMATE
txn_e58847e8,user_1464,28802.09,91,4843,True,BLOCKED,FRAUD
txn_5eca2b9e,user_6525,28822.0,60,271,True,BLOCKED,LEGITIMATE
txn_b14ee4cd,user_4308,14119.64,95,7686,True,BLOCKED,FRAUD
txn_04254d27,user_5941,5809.62,92,3777,True,BLOCKED,FRAUD
txn_171bb9f9,user_6932,43941.53,92,1229,True,BLOCKED,FRAUD
txn_2d7f6838,user_8551,22948.48,90,9714,True,BLOCKED,FRAUD
txn_44bc0a15,user_6035,39097.38,87,6617,True,BLOCKED,FRAUD
txn_3fb2f0c2,user_2418,44086.06,88,5665,True,BLOCKED,FRAUD
txn_0ba1d12c,user_4969,20019.22,82,336,True,BLOCKED,LEGITIMATE
txn_e7add046,user_7603,40427.2,87,6218,True,BLOCKED,FRAUD
txn_3866c59e,user_5736,20368.53,63,261,True,BLOCKED,LEGITIMATE
txn_b4862989,user_1452,25530.45,97,6938,True,BLOCKED,FRAUD
txn_4736f3df,user_9381,39211.15,86,2002,True,BLOCKED,FRAUD
txn_a22169ea,user_9149,40645.79,89,5470,True,BLOCKED,FRAUD
txn_b40fe1a5,user_9157,10575.28,95,3695,True,BLOCKED,FRAUD
txn_ccb378d7,user_3642,20479.21,73,62,True,BLOCKED,LEGITIMATE
txn_89470b82,user_4846,20705.97,71,91,False,BLOCKED,LEGITIMATE
txn_effb9190,user_6696,42222.56,82,158,True,BLOCKED,LEGITIMATE
txn_edfbf7ba,user_6121,6337.64,62,412,True,BLOCKED,LEGITIMATE
txn_631a5195,user_7501,13137.66,93,6205,True,BLOCKED,FRAUD
txn_74bd2b7e,user_6231,49693.94,64,74,True,BLOCKED,LEGITIMATE
txn_6e87b184,user_6920,9688.49,86,4093,True,BLOCKED,FRAUD
txn_f5f75223,user_1021,10026.95,95,5661,True,BLOCKED,FRAUD
txn_50841d98,user_2866,2400.15,92,8284,True,BLOCKED,FRAUD
txn_5bee6b63,user_7333,29722.78,97,1004,True,BLOCKED,FRAUD
txn_c4f6d771,user_6523,42051.38,95,4179,True,BLOCKED,FRAUD
txn_4612dc3c,user_4401,42774.91,98,1296,True,BLOCKED,FRAUD
txn_8681194c,user_5555,5109.93,86,1193,True,BLOCKED,FRAUD
txn_baa40065,user_6313,32375.56,98,8836,True,BLOCKED,FRAUD
txn_c8a237a5,user_3218,38434.47,86,9233,True,BLOCKED,FRAUD
txn_fd63975e,user_9770,28486.93,99,3166,True,BLOCKED,FRAUD
txn_dd805ea2,user_6350,18849.08,94,9476,True,BLOCKED,FRAUD
txn_0ebc637e,user_4081,6120.05,90,2622,True,BLOCKED,FRAUD
txn_69c35015,user_2803,8328.37,97,5629,True,BLOCKED,FRAUD
txn_11115d14,user_4403,14439.98,73,483,False,BLOCKED,LEGITIMATE
txn_ca58470c,user_8337,19823.33,79,116,True,BLOCKED,LEGITIMATE
txn_331b920a,user_5552,3815.82,64,389,True,BLOCKED,LEGITIMATE
txn_0f5b3b00,user_2031,39876.44,61,409,False,BLOCKED,LEGITIMATE
txn_e70bb9aa,user_2332,49685.53,88,8393,True,BLOCKED,FRAUD
txn_65ddd7b3,user_5176,46484.52,99,1968,True,BLOCKED,FRAUD
txn_65aff046,user_5174,35641.94,63,292,True,BLOCKED,LEGITIMATE
txn_4092729f,user_9587,26596.93,91,1268,True,BLOCKED,FRAUD
txn_5ede094c,user_8899,40505.8,75,199,True,BLOCKED,LEGITIMATE
txn_ce80d87b,user_3506,37920.78,93,9939,True,BLOCKED,FRAUD
txn_3ef9f99a,user_4007,9395.34,89,3399,True,BLOCKED,FRAUD
txn_6649440e,user_1503,32429.86,95,8027,True,BLOCKED,FRAUD
txn_5a4b1002,user_9622,15898.33,88,1224,True,BLOCKED,FRAUD
txn_9cc40519,user_4154,7803.44,87,5226,True,BLOCKED,FRAUD
txn_2415a4fd,user_7353,23293.46,89,2098,True,BLOCKED,FRAUD
txn_5939e6cc,user_9161,3083.16,89,4793,True,BLOCKED,FRAUD
txn_30176181,user_9163,18605.38,97,6992,True,BLOCKED,FRAUD
txn_8e62e7dd,user_1288,15650.18,95,4667,True,BLOCKED,FRAUD
txn_4f964c32,user_1412,15383.05,69,163,False,BLOCKED,LEGITIMATE
txn_cc5ab0bd,user_8168,3175.38,87,3342,True,BLOCKED,FRAUD
txn_fe3f7528,user_5686,1180.54,67,272,False,BLOCKED,LEGITIMATE
txn_9d61a8ed,user_7882,2600.62,96,8018,True,BLOCKED,FRAUD
txn_477e0dbe,user_3007,38282.09,94,7443,True,BLOCKED,FRAUD
txn_81091cac,user_3160,45107.36,86,3492,True,BLOCKED,FRAUD
txn_c282948d,user_4283,49781.63,95,8084,True,BLOCKED,FRAUD
txn_87de456a,user_1409,33218.43,98,3056,True,BLOCKED,FRAUD
txn_794a74d1,user_6422,34824.29,89,5130,True,BLOCKED,FRAUD
txn_5ecc2375,user_3591,13074.08,69,398,True,BLOCKED,LEGITIMATE
txn_6af0a748,user_5737,6444.72,67,384,False,BLOCKED,LEGITIMATE
txn_2db7da46,user_9116,9833.78,99,6892,True,BLOCKED,FRAUD
txn_207ea5a6,user_4842,36472.26,99,8364,True,BLOCKED,FRAUD
txn_02e9e969,user_1748,48839.03,61,177,True,BLOCKED,LEGITIMATE
txn_928b7148,user_3976,35976.31,71,302,False,BLOCKED,LEGITIMATE
txn_025d7c13,user_3064,36140.34,96,3457,True,BLOCKED,FRAUD
txn_c6f70712,user_5569,25223.37,70,139,True,BLOCKED,LEGITIMATE
txn_df7fa99b,user_4560,14466.32,93,8136,True,BLOCKED,FRAUD
txn_6019ae47,user_1262,14713.68,63,286,True,BLOCKED,LEGITIMATE
txn_648685e5,user_3918,23086.8,71,385,True,BLOCKED,LEGITIMATE
txn_2510e0a8,user_1155,35101.48,86,2117,True,BLOCKED,FRAUD
txn_35c1f4d8,user_7193,5396.99,92,5078,True,BLOCKED,FRAUD
txn_2e4d066b,user_1513,12904.04,85,7834,True,BLOCKED,FRAUD
txn_b173ce34,user_7275,26604.84,81,405,True,BLOCKED,LEGITIMATE
txn_87f68cde,user_8167,25563.61,87,9884,True,BLOCKED,FRAUD
txn_3255261f,user_3093,14202.8,74,471,False,BLOCKED,LEGITIMATE
txn_e700d0dc,user_2043,8767.72,87,8990,True,BLOCKED,FRAUD
txn_e5b145a8,user_4296,2294.6,89,1353,True,BLOCKED,FRAUD
txn_42bd879f,user_2718,21543.91,95,6575,True,BLOCKED,FRAUD
txn_a7d914be,user_2553,10468.41,92,7926,True,BLOCKED,FRAUD
txn_2002c4e4,user_7877,6662.14,88,9142,True,BLOCKED,FRAUD
txn_1e62b11d,user_7767,19024.14,94,8411,True,BLOCKED,FRAUD
txn_0c3ee50f,user_4057,32481.46,89,1398,True,BLOCKED,FRAUD
txn_31e72edf,user_9791,17504.18,88,7183,True,BLOCKED,FRAUD
txn_d42603cb,user_2958,31442.92,89,7871,True,BLOCKED,FRAUD
txn_a29321ab,user_8446,12400.38,85,2080,True,BLOCKED,FRAUD
txn_5172575e,user_8750,31510.9,97,7830,True,BLOCKED,FRAUD
txn_e282dbc1,user_3956,13980.23,97,2036,True,BLOCKED,FRAUD
txn_380ef70f,user_3319,30580.97,89,3039,True,BLOCKED,FRAUD
txn_53b99cf0,user_8078,43021.7,66,246,False,BLOCKED,LEGITIMATE
txn_05c27a1f,user_3407,28739.4,90,4282,True,BLOCKED,FRAUD
txn_5b6569e4,user_3610,17586.7,85,2967,True,BLOCKED,FRAUD
txn_db7b91ab,user_4419,3034.51,87,9121,True,BLOCKED,FRAUD
txn_6474648c,user_1149,25610.53,92,4945,True,BLOCKED,FRAUD
txn_47f3753f,user_2245,26532.2,96,6890,True,BLOCKED,FRAUD
txn_71dd719b,user_9748,35737.07,90,2847,True,BLOCKED,FRAUD
txn_edc61fa2,user_3174,35922.87,93,5158,True,BLOCKED,FRAUD
txn_9b003d1b,user_9851,44732.19,85,1408,True,BLOCKED,FRAUD
txn_74c14cee,user_6659,13197.57,85,6220,True,BLOCKED,FRAUD
txn_1a976674,user_3152,12009.55,92,3952,True,BLOCKED,FRAUD
txn_eeff18a8,user_7570,19679.85,85,6297,True,BLOCKED,FRAUD
txn_9e80aa97,user_7812,14878.17,89,1049,True,BLOCKED,FRAUD
txn_ca84c176,user_3787,37883.36,65,419,False,BLOCKED,LEGITIMATE
txn_86063f00,user_5500,45826.56,98,9178,True,BLOCKED,FRAUD
txn_43293c4c,user_7728,3211.69,86,6496,True,BLOCKED,FRAUD
txn_3d41438f,user_8337,28595.32,96,3735,True,BLOCKED,FRAUD
txn_aef4df4e,user_3067,4768.96,98,3990,True,BLOCKED,FRAUD
txn_b00ddfb9,user_1100,39442.11,95,4309,True,BLOCKED,FRAUD
txn_c70e2663,user_8021,49342.06,99,8086,True,BLOCKED,FRAUD
txn_69ee0c70,user_7501,44645.82,60,202,True,BLOCKED,LEGITIMATE
txn_29d268cc,user_8654,7396.48,65,400,False,BLOCKED,LEGITIMATE
txn_38133b7b,user_8302,19942.8,93,1047,True,BLOCKED,FRAUD
txn_d053461a,user_1031,11471.31,93,3077,True,BLOCKED,FRAUD
txn_2f8730e1,user_8577,27186.89,85,1297,True,BLOCKED,FRAUD
txn_b507a25f,user_9074,39646.38,93,4180,True,BLOCKED,FRAUD
txn_6e10f6f3,user_5955,28683.16,97,7249,True,BLOCKED,FRAUD
txn_73767eee,user_1924,39947.08,87,3787,True,BLOCKED,FRAUD
txn_b51b7b79,user_9270,2086.38,98,6193,True,BLOCKED,FRAUD
txn_84d2484d,user_2457,18434.1,97,1285,True,BLOCKED,FRAUD
txn_1ccc5706,user_8633,42021.42,77,426,False,BLOCKED,LEGITIMATE
txn_40364c07,user_9641,30057.16,91,6161,True,BLOCKED,FRAUD
txn_c5e6003f,user_2067,49735.69,98,6376,True,BLOCKED,FRAUD
txn_559ff5fb,user_3136,35668.79,92,1111,True,BLOCKED,FRAUD
txn_cc641480,user_4917,5426.16,97,7617,True,BLOCKED,FRAUD
txn_ca57853e,user_4508,18725.29,90,3827,True,BLOCKED,FRAUD
txn_06e65cf5,user_1086,6302.06,87,2198,True,BLOCKED,FRAUD
txn_ed3e56dc,user_5273,28782.21,96,3818,True,BLOCKED,FRAUD
txn_d8e34b05,user_2257,25986.03,69,282,False,BLOCKED,LEGITIMATE
txn_8ecd9111,user_2076,11272.15,74,342,False,BLOCKED,LEGITIMATE
txn_0b75f8b3,user_1942,24209.03,88,5919,True,BLOCKED,FRAUD
txn_0a8a6d86,user_3482,49853.9,82,498,False,BLOCKED,LEGITIMATE
txn_374a35f3,user_2965,33632.63,97,2979,True,BLOCKED,FRAUD
txn_0712d4e5,user_2208,39494.62,96,9882,True,BLOCKED,FRAUD
txn_9fdafc9c,user_9953,20637.95,98,7221,True,BLOCKED,FRAUD
txn_20d7b56b,user_3632,49923.9,87,6516,True,BLOCKED,FRAUD
txn_85c1181b,user_7777,13971.32,88,4246,True,BLOCKED,FRAUD
txn_4d454a08,user_6719,11398.37,61,312,True,BLOCKED,LEGITIMATE
txn_61af7776,user_4049,20563.66,85,7774,True,BLOCKED,FRAUD
txn_a2bc1c82,user_4848,49534.41,68,412,False,BLOCKED,LEGITIMATE
txn_6265fbee,user_7261,29367.52,82,231,True,BLOCKED,LEGITIMATE
txn_2ca28ec4,user_7115,16084.02,68,359,True,BLOCKED,LEGITIMATE
txn_04cfccb3,user_5264,38821.9,86,1792,True,BLOCKED,FRAUD
txn_babbda3c,user_6888,11359.18,97,8263,True,BLOCKED,FRAUD
txn_ac450b25,user_4160,10141.21,86,1056,True,BLOCKED,FRAUD
txn_e34a60ae,user_1795,43874.47,86,2984,True,BLOCKED,FRAUD
txn_009b4854,user_3165,32608.15,92,8935,True,BLOCKED,FRAUD
txn_54521803,user_6976,5889.73,83,145,False,BLOCKED,LEGITIMATE
txn_f7955412,user_6404,40701.66,64,164,False,BLOCKED,LEGITIMATE
txn_961e20ae,user_1900,11879.07,75,439,False,BLOCKED,LEGITIMATE
txn_97702a82,user_4354,29962.15,85,9118,True,BLOCKED,FRAUD
txn_5a9d5017,user_9537,19413.48,69,380,True,BLOCKED,LEGITIMATE
txn_0fe47f1a,user_5151,5786.4,92,7838,True,BLOCKED,FRAUD
txn_23863901,user_7706,2436.17,77,161,False,BLOCKED,LEGITIMATE
txn_43d45166,user_8620,17277.34,76,410,False,BLOCKED,LEGITIMATE
txn_70cd195d,user_6566,3411.82,98,6943,True,BLOCKED,FRAUD
txn_feb63979,user_3256,17586.35,96,3477,True,BLOCKED,FRAUD
txn_dbe0e3f6,user_3674,26371.21,88,6798,True,BLOCKED,FRAUD
txn_b0aa1e28,user_1908,25378.21,94,6832,True,BLOCKED,FRAUD
txn_e3001c78,user_2095,8804.85,91,2449,True,BLOCKED,FRAUD
txn_890e8c26,user_2126,49584.96,89,2333,True,BLOCKED,FRAUD
txn_a740cf7a,user_2271,32333.05,68,307,True,BLOCKED,LEGITIMATE
txn_33a47386,user_6927,2742.97,99,7924,True,BLOCKED,FRAUD
txn_5477b394,user_4793,44410.24,98,2785,True,BLOCKED,FRAUD
txn_493af7ed,user_6280,30125.11,60,355,True,BLOCKED,LEGITIMATE
txn_d19538ed,user_6140,29735.81,87,9639,True,BLOCKED,FRAUD
txn_8fc8b7d3,user_5923,16396.14,87,7858,True,BLOCKED,FRAUD
txn_e16883d8,user_3264,15376.84,74,73,False,BLOCKED,LEGITIMATE
txn_45cb8ccb,user_9104,34719.46,91,8154,True,BLOCKED,FRAUD
txn_4a771cbf,user_3796,18527.51,74,113,False,BLOCKED,LEGITIMATE
txn_bc6f653b,user_7348,7824.7,88,7162,True,BLOCKED,FRAUD
txn_a52ee817,user_4152,22614.97,90,6369,True,BLOCKED,FRAUD
txn_3f4ae80b,user_4508,35126.13,88,1033,True,BLOCKED,FRAUD
txn_0d534119,user_9446,10439.91,95,3617,True,BLOCKED,FRAUD
txn_e3a2f96d,user_9465,39004.26,87,2600,True,BLOCKED,FRAUD
txn_2cce4f69,user_9924,41906.92,88,2355,True,BLOCKED,FRAUD
txn_c5760dc0,user_4937,5257.26,92,5870,True,BLOCKED,FRAUD
txn_59f7a56c,user_8868,35741.42,72,385,False,BLOCKED,LEGITIMATE
txn_dbd58e42,user_9394,19445.97,62,267,False,BLOCKED,LEGITIMATE
txn_482a2c9f,user_3516,43320.37,91,6967,True,BLOCKED,FRAUD
txn_100c12fd,user_4702,10229.11,90,9113,True,BLOCKED,FRAUD
txn_fc60ca0f,user_5708,46830.45,81,317,True,BLOCKED,LEGITIMATE
txn_8e2e2e75,user_4538,1268.76,83,440,False,BLOCKED,LEGITIMATE
txn_d943c1a5,user_5245,44643.6,96,6859,True,BLOCKED,FRAUD
txn_451306e5,user_2499,2502.61,85,5090,True,BLOCKED,FRAUD
txn_1e5f2724,user_5050,703.31,68,131,True,BLOCKED,LEGITIMATE
txn_2dd8b3c7,user_1732,15654.23,65,457,True,BLOCKED,LEGITIMATE
txn_6343d0a5,user_8995,5370.97,89,2731,True,BLOCKED,FRAUD
txn_98136d24,user_6707,10200.21,88,5537,True,BLOCKED,FRAUD
txn_7c82ce6f,user_1135,22998.02,79,138,False,BLOCKED,LEGITIMATE
txn_04ef9315,user_8229,21506.41,95,5963,True,BLOCKED,FRAUD
txn_e79f7f43,user_5132,46557.41,89,6223,True,BLOCKED,FRAUD
txn_e33e5912,user_3574,10055.36,97,9682,True,BLOCKED,FRAUD
txn_5e6c9c91,user_4620,34682.05,65,223,True,BLOCKED,LEGITIMATE
txn_ad2bddc0,user_2980,9889.07,93,3878,True,BLOCKED,FRAUD
txn_bf3dbf17,user_8364,12389.58,85,63,True,BLOCKED,LEGITIMATE
txn_e2af1f67,user_7801,16760.53,69,262,True,BLOCKED,LEGITIMATE
txn_e31b96e0,user_6789,17564.63,93,5910,True,BLOCKED,FRAUD
txn_57f23b40,user_2867,22552.68,96,9078,True,BLOCKED,FRAUD
txn_63bfdfc8,user_6876,34973.71,68,214,True,BLOCKED,LEGITIMATE
txn_c84a6ac5,user_7856,48835.49,99,5094,True,BLOCKED,FRAUD
txn_7f3daf08,user_7988,43242.0,68,253,True,BLOCKED,LEGITIMATE
txn_33d19f85,user_4427,42444.39,94,3794,True,BLOCKED,FRAUD
txn_6b49644a,user_9521,34735.11,91,6486,True,BLOCKED,FRAUD
txn_f8c9f5f1,user_7927,22110.69,91,7597,True,BLOCKED,FRAUD
txn_b55561dd,user_7519,19575.1,98,1985,True,BLOCKED,FRAUD
txn_da0585c2,user_8775,32716.71,95,5755,True,BLOCKED,FRAUD
txn_9872762b,user_5883,40704.34,91,4958,True,BLOCKED,FRAUD
txn_47b359ae,user_9274,19964.86,85,53,False,BLOCKED,LEGITIMATE
txn_3e4bda28,user_2855,26859.49,95,2490,True,BLOCKED,FRAUD
txn_8af8674a,user_6615,47887.32,77,276,True,BLOCKED,LEGITIMATE
txn_fa92abcd,user_1650,6056.58,97,7711,True,BLOCKED,FRAUD
txn_22603b3a,user_4326,32557.83,97,7602,True,BLOCKED,FRAUD
txn_97d2f8d9,user_7966,25819.53,72,390,True,BLOCKED,LEGITIMATE
txn_6cd3f79c,user_5075,39671.38,66,240,True,BLOCKED,LEGITIMATE
txn_06094d71,user_9300,23976.85,72,320,True,BLOCKED,LEGITIMATE
txn_23aba4c7,user_7899,16552.45,98,9941,True,BLOCKED,FRAUD
txn_9fd4bbc1,user_6224,3658.49,96,9400,True,BLOCKED,FRAUD
txn_9ab62565,user_7724,7738.11,64,419,False,BLOCKED,LEGITIMATE
txn_2fcbbfae,user_8260,27769.94,91,2393,True,BLOCKED,FRAUD
txn_79a6f1e5,user_8468,34387.32,94,3869,True,BLOCKED,FRAUD
txn_1a6c119a,user_3894,37971.51,67,78,False,BLOCKED,LEGITIMATE
txn_a34da194,user_7713,49931.96,91,9970,True,BLOCKED,FRAUD
txn_f4a5ec54,user_1233,42155.94,93,1027,True,BLOCKED,FRAUD
txn_8ec461c3,user_1098,10418.34,83,351,False,BLOCKED,LEGITIMATE
txn_516bce8e,user_3454,578.09,96,5076,True,BLOCKED,FRAUD
txn_823c82c1,user_7461,34073.41,66,215,False,BLOCKED,LEGITIMATE
txn_86ce7fba,user_1932,35263.11,96,4374,True,BLOCKED,FRAUD
txn_3704f35f,user_9011,43708.29,86,3683,True,BLOCKED,FRAUD
txn_668ac136,user_7871,10297.83,83,177,False,BLOCKED,LEGITIMATE
txn_b0298ea1,user_5547,25577.48,81,343,False,BLOCKED,LEGITIMATE
txn_f8b7340a,user_8379,2725.98,90,5828,True,BLOCKED,FRAUD
txn_f7f68fdc,user_1328,31565.09,97,6330,True,BLOCKED,FRAUD
txn_7ae28559,user_7853,41111.19,91,2334,True,BLOCKED,FRAUD
txn_e9df28ef,user_1669,15038.41,93,4005,True,BLOCKED,FRAUD
txn_e378f549,user_8017,1138.39,99,7969,True,BLOCKED,FRAUD
txn_845fcac4,user_7325,539.39,87,4731,True,BLOCKED,FRAUD
txn_8296ffd5,user_5317,16491.53,94,8152,True,BLOCKED,FRAUD
txn_4794ca93,user_1181,25983.58,68,200,True,BLOCKED,LEGITIMATE
txn_7be45577,user_9376,33397.24,96,3553,True,BLOCKED,FRAUD
txn_61261599,user_2960,1809.02,98,7673,True,BLOCKED,FRAUD
txn_0d69a9b9,user_9447,46526.95,75,372,True,BLOCKED,LEGITIMATE
txn_53a042aa,user_8815,47077.81,73,370,False,BLOCKED,LEGITIMATE
txn_ba025b07,user_2147,18971.78,68,433,False,BLOCKED,LEGITIMATE
txn_c8adfb0c,user_2634,26247.16,86,9394,True,BLOCKED,FRAUD
txn_c6ae0d19,user_3937,49028.24,72,145,False,BLOCKED,LEGITIMATE
txn_dae362a8,user_5485,36995.26,92,7643,True,BLOCKED,FRAUD
txn_1f471130,user_8522,3398.34,77,418,False,BLOCKED,LEGITIMATE
txn_f5cf1a29,user_1503,33465.18,70,334,False,BLOCKED,LEGITIMATE
txn_164eed32,user_2170,22640.08,60,134,True,BLOCKED,LEGITIMATE
txn_b30f5c6c,user_5751,32321.36,92,6690,True,BLOCKED,FRAUD
txn_39805117,user_4334,41280.68,92,1436,True,BLOCKED,FRAUD
txn_74ee911b,user_1460,7094.43,86,3101,True,BLOCKED,FRAUD
txn_69e633c7,user_5456,40318.56,96,9972,True,BLOCKED,FRAUD
txn_afe66b2a,user_7882,3992.82,62,464,True,BLOCKED,LEGITIMATE
txn_63b6079d,user_6758,4450.86,65,367,True,BLOCKED,LEGITIMATE
txn_1452afb4,user_2425,3571.74,62,350,True,BLOCKED,LEGITIMATE
txn_723687a8,user_1736,28286.76,94,5963,True,BLOCKED,FRAUD
txn_cdb6dc42,user_2167,3680.04,93,9494,True,BLOCKED,FRAUD
txn_8a16949a,user_2970,10865.23,96,9838,True,BLOCKED,FRAUD
txn_5a134dac,user_5531,30007.94,67,391,False,BLOCKED,LEGITIMATE
txn_e7e0adc6,user_3141,34757.41,64,163,False,BLOCKED,LEGITIMATE
txn_b6e8e6fc,user_1390,29038.98,92,9324,True,BLOCKED,FRAUD
txn_1d11ce3b,user_2008,48864.62,65,294,True,BLOCKED,LEGITIMATE
txn_2914f31c,user_1709,32292.28,96,7366,True,BLOCKED,FRAUD
txn_d2d42329,user_1769,28697.39,93,2592,True,BLOCKED,FRAUD
txn_d942eacd,user_6134,14711.03,88,9541,True,BLOCKED,FRAUD
txn_52e896d9,user_7668,10067.91,90,4598,True,BLOCKED,FRAUD
txn_50ce4875,user_3229,4090.35,94,6671,True,BLOCKED,FRAUD
txn_978a11d5,user_1825,26801.8,96,3464,True,BLOCKED,FRAUD
txn_b6b082be,user_7104,11554.54,76,414,True,BLOCKED,LEGITIMATE
txn_13515dab,user_9738,37325.99,89,5871,True,BLOCKED,FRAUD
txn_08aa8149,user_3332,4118.89,95,2776,True,BLOCKED,FRAUD
txn_7c59bdcf,user_2759,31418.81,73,276,False,BLOCKED,LEGITIMATE
txn_d30b1447,user_8935,28661.12,60,321,True,BLOCKED,LEGITIMATE
txn_4fb9a372,user_6717,34806.17,86,8240,True,BLOCKED,FRAUD
txn_97efedfe,user_6451,48066.27,72,460,True,BLOCKED,LEGITIMATE
txn_e9645830,user_9591,48637.55,76,87,True,BLOCKED,LEGITIMATE
txn_78279c9f,user_8675,26080.42,93,5099,True,BLOCKED,FRAUD
txn_6597de81,user_2230,15112.93,74,265,False,BLOCKED,LEGITIMATE
txn_d34d0840,user_1059,21858.58,94,3167,True,BLOCKED,FRAUD
txn_65e0db40,user_9213,48513.02,97,9409,True,BLOCKED,FRAUD
txn_526d2911,user_2874,25057.57,79,151,False,BLOCKED,LEGITIMATE
txn_db852387,user_3711,24187.54,73,391,False,BLOCKED,LEGITIMATE
txn_6987b87c,user_6914,13092.05,74,80,False,BLOCKED,LEGITIMATE
txn_2eb12ec9,user_7316,38785.94,80,313,True,BLOCKED,LEGITIMATE
txn_99158c92,user_4561,30087.65,91,9468,True,BLOCKED,FRAUD
txn_044de91c,user_9575,29919.13,87,2770,True,BLOCKED,FRAUD
txn_dc6d39ab,user_7459,30745.54,77,161,True,BLOCKED,LEGITIMATE
txn_68e2fbec,user_5204,33721.52,89,2428,True,BLOCKED,FRAUD
txn_2361e486,user_9238,14779.87,91,4794,True,BLOCKED,FRAUD
txn_83e462c0,user_1952,38575.12,94,8559,True,BLOCKED,FRAUD
txn_fb352d4f,user_3429,24743.24,89,5815,True,BLOCKED,FRAUD
txn_94371565,user_8964,47292.91,78,157,False,BLOCKED,LEGITIMATE
txn_3e53bb24,user_7135,48060.66,98,5734,True,BLOCKED,FRAUD
txn_edfeea77,user_7002,30223.89,75,319,True,BLOCKED,LEGITIMATE
txn_71e524af,user_9702,20183.67,98,7169,True,BLOCKED,FRAUD
txn_31ca0290,user_4283,28927.69,95,5349,True,BLOCKED,FRAUD
txn_9c166d3e,user_7147,5916.97,71,253,False,BLOCKED,LEGITIMATE
txn_0198e1ec,user_9307,45595.77,85,4408,True,BLOCKED,FRAUD
txn_bc49a163,user_4521,10357.18,81,274,False,BLOCKED,LEGITIMATE
txn_7eb8519f,user_5196,8077.0,90,2846,True,BLOCKED,FRAUD
txn_43f2de44,user_2763,44518.88,71,465,True,BLOCKED,LEGITIMATE
txn_5166e558,user_9565,41104.77,93,9941,True,BLOCKED,FRAUD
txn_5c1714ba,user_4609,1520.33,71,436,True,BLOCKED,LEGITIMATE
txn_0806f659,user_5860,32724.23,98,1645,True,BLOCKED,FRAUD
txn_07cbcdeb,user_1310,39538.52,76,461,False,BLOCKED,LEGITIMATE
txn_587f44a5,user_3487,37971.95,92,7657,True,BLOCKED,FRAUD
txn_61c4a0d7,user_7940,17631.43,92,4293,True,BLOCKED,FRAUD
txn_b72a853a,user_4144,16184.26,89,2629,True,BLOCKED,FRAUD
txn_6ce8ad8b,user_8765,4553.7,80,309,True,BLOCKED,LEGITIMATE
txn_0b4009d6,user_3424,42880.31,97,4136,True,BLOCKED,FRAUD
txn_938d7a5f,user_3582,2181.59,61,323,False,BLOCKED,LEGITIMATE
txn_12ba3753,user_3269,7252.23,89,9687,True,BLOCKED,FRAUD
txn_bf7b98c6,user_8773,13205.35,94,1594,True,BLOCKED,FRAUD
txn_e48c0f72,user_9917,8591.98,80,417,False,BLOCKED,LEGITIMATE
txn_80e1cc2b,user_7066,19401.62,96,3048,True,BLOCKED,FRAUD
txn_56dd071d,user_6087,24641.26,81,423,True,BLOCKED,LEGITIMATE
txn_56964494,user_2665,27877.88,81,467,True,BLOCKED,LEGITIMATE
txn_c6b57961,user_2749,13318.21,92,6241,True,BLOCKED,FRAUD
txn_43101ace,user_4779,12793.79,91,8706,True,BLOCKED,FRAUD
txn_ef8103d8,user_1346,48969.63,97,9124,True,BLOCKED,FRAUD
txn_0c204c12,user_5521,41261.7,88,1505,True,BLOCKED,FRAUD
txn_8602cc70,user_2474,34527.95,87,1182,True,BLOCKED,FRAUD
txn_3765c369,user_3987,9105.98,65,380,True,BLOCKED,LEGITIMATE
txn_b588bd8b,user_3566,44443.45,75,379,True,BLOCKED,LEGITIMATE
txn_9a9f3205,user_8536,38887.05,92,9204,True,BLOCKED,FRAUD
txn_f003d5de,user_7724,16228.6,82,388,True,BLOCKED,LEGITIMATE
txn_13a4b842,user_9482,44262.34,60,184,True,BLOCKED,LEGITIMATE
txn_ecee59f4,user_8975,14021.41,85,4379,True,BLOCKED,FRAUD
txn_88b37bf4,user_1351,21507.49,92,3864,True,BLOCKED,FRAUD
txn_f90b4cf0,user_6352,27190.31,85,2246,True,BLOCKED,FRAUD
txn_a7272a85,user_9465,26697.61,89,2053,True,BLOCKED,FRAUD
txn_093a552b,user_2011,18695.65,82,203,True,BLOCKED,LEGITIMATE
txn_118b11ea,user_3955,17886.75,94,2657,True,BLOCKED,FRAUD
txn_837e559d,user_1921,10531.98,93,6971,True,BLOCKED,FRAUD
txn_ab34d134,user_9109,34206.18,77,87,True,BLOCKED,LEGITIMATE
txn_10773abd,user_8615,31485.21,93,5630,True,BLOCKED,FRAUD
txn_2626a5d1,user_7274,10150.76,96,1664,True,BLOCKED,FRAUD
txn_a1e00f33,user_9249,33672.33,99,5975,True,BLOCKED,FRAUD
txn_39b24810,user_2558,27850.53,73,366,True,BLOCKED,LEGITIMATE
txn_69f93291,user_5474,23005.78,94,7228,True,BLOCKED,FRAUD
txn_b155fb32,user_7459,48266.88,84,340,False,BLOCKED,LEGITIMATE
txn_170b17bd,user_8536,46171.13,96,1191,True,BLOCKED,FRAUD
txn_05ff5f1d,user_9209,2462.02,69,150,False,BLOCKED,LEGITIMATE
txn_8d325985,user_3902,35542.71,87,7015,True,BLOCKED,FRAUD
txn_61f77458,user_5666,21647.33,97,4723,True,BLOCKED,FRAUD
txn_cadb60f6,user_3320,15036.32,79,329,True,BLOCKED,LEGITIMATE
txn_b2495ee3,user_2584,20516.68,98,4639,True,BLOCKED,FRAUD
txn_e54d9c68,user_4065,26771.11,88,4761,True,BLOCKED,FRAUD
txn_c521e494,user_8758,31536.45,88,9690,True,BLOCKED,FRAUD
txn_9299b80c,user_4561,1435.66,89,5836,True,BLOCKED,FRAUD
txn_01ec72fa,user_3950,14216.11,91,6501,True,BLOCKED,FRAUD
txn_e0fd3b36,user_4856,37906.62,98,2755,True,BLOCKED,FRAUD
txn_b2106938,user_8035,39459.97,94,4803,True,BLOCKED,FRAUD
txn_c4b195ee,user_2879,19332.44,85,5425,True,BLOCKED,FRAUD
txn_45b64030,user_7850,14901.9,66,400,False,BLOCKED,LEGITIMATE
txn_6426dd36,user_1410,30132.39,87,5258,True,BLOCKED,FRAUD
txn_bc7a1a6b,user_9736,23887.84,85,482,True,BLOCKED,LEGITIMATE
txn_bc2e0341,user_1785,47319.75,89,8181,True,BLOCKED,FRAUD
txn_a7aff66a,user_7169,29780.0,85,1686,True,BLOCKED,FRAUD
txn_c67a2263,user_1482,6132.23,62,463,False,BLOCKED,LEGITIMATE
txn_6c30617d,user_5117,46832.61,90,6853,True,BLOCKED,FRAUD
txn_e8c0e42a,user_3962,16839.36,99,2703,True,BLOCKED,FRAUD
txn_296d9346,user_1546,48449.36,73,326,True,BLOCKED,LEGITIMATE
txn_342d0550,user_9202,8908.47,64,351,True,BLOCKED,LEGITIMATE
txn_35e3ec04,user_1973,46221.21,60,130,False,BLOCKED,LEGITIMATE
txn_6ec661b3,user_5612,27904.89,91,1481,True,BLOCKED,FRAUD
txn_f058bf0e,user_2605,28483.64,63,392,True,BLOCKED,LEGITIMATE
txn_360da9bf,user_2732,49522.3,95,6844,True,BLOCKED,FRAUD
txn_3d3cc5c3,user_5011,30618.63,76,327,False,BLOCKED,LEGITIMATE
txn_7eb508bb,user_4443,19316.45,87,7611,True,BLOCKED,FRAUD
txn_ab724784,user_3882,6613.49,96,3680,True,BLOCKED,FRAUD
txn_e5431a02,user_8043,45644.85,73,189,True,BLOCKED,LEGITIMATE
txn_db4613b5,user_8018,14756.07,87,9272,True,BLOCKED,FRAUD
txn_7368c872,user_2461,24105.01,99,6814,True,BLOCKED,FRAUD
txn_43f7c738,user_2631,11745.72,92,7953,True,BLOCKED,FRAUD
txn_dcf2af76,user_5785,2540.51,97,8922,True,BLOCKED,FRAUD
txn_879fa884,user_9521,12252.68,86,7472,True,BLOCKED,FRAUD
txn_ff28bf42,user_7420,19512.98,71,88,True,BLOCKED,LEGITIMATE
txn_cd67a477,user_7494,39280.57,72,96,True,BLOCKED,LEGITIMATE
txn_ce037bca,user_6380,33875.03,92,7108,True,BLOCKED,FRAUD
txn_67488d02,user_4822,36323.05,88,4457,True,BLOCKED,FRAUD
txn_32be3cfe,user_1076,17502.38,94,1841,True,BLOCKED,FRAUD
txn_8b376e50,user_1691,17592.92,95,3181,True,BLOCKED,FRAUD
txn_53b7b77f,user_2265,43336.37,60,355,True,BLOCKED,LEGITIMATE
txn_0551538a,user_2068,21509.93,96,7282,True,BLOCKED,FRAUD
txn_f846b947,user_7717,4361.84,79,268,True,BLOCKED,LEGITIMATE
txn_0781bf95,user_8812,25985.15,76,330,False,BLOCKED,LEGITIMATE
txn_86c348a2,user_8867,35809.59,90,7252,True,BLOCKED,FRAUD
txn_7674d8f1,user_5748,2179.46,96,7741,True,BLOCKED,FRAUD
txn_ac920e1a,user_3277,37970.28,86,6411,True,BLOCKED,FRAUD
txn_95e7ed28,user_7259,28332.37,88,3338,True,BLOCKED,FRAUD
txn_8478bab7,user_5930,20208.52,89,5750,True,BLOCKED,FRAUD
txn_d3e8814c,user_4426,32803.61,62,332,False,BLOCKED,LEGITIMATE
txn_4d4e8f60,user_7311,45150.24,82,200,True,BLOCKED,LEGITIMATE
txn_d746ed58,user_6136,20461.64,95,6064,True,BLOCKED,FRAUD
txn_c69368bb,user_9648,5500.37,60,293,False,BLOCKED,LEGITIMATE
txn_c8a1ade6,user_9130,3169.24,98,9424,True,BLOCKED,FRAUD
txn_5d8330e9,user_8766,25042.82,89,2857,True,BLOCKED,FRAUD
txn_c3ca8a98,user_6376,47616.87,87,2319,True,BLOCKED,FRAUD
txn_e0dcd0e8,user_3068,2258.64,72,166,True,BLOCKED,LEGITIMATE
txn_f06b0600,user_7225,46402.84,92,7418,True,BLOCKED,FRAUD
txn_0018448f,user_8322,21195.02,81,264,True,BLOCKED,LEGITIMATE
txn_17680424,user_4695,22207.86,90,1281,True,BLOCKED,FRAUD
txn_aa8645a7,user_1928,27803.55,91,3105,True,BLOCKED,FRAUD
txn_9e431bdb,user_9377,4055.66,90,5776,True,BLOCKED,FRAUD
txn_4c292539,user_3535,15289.95,92,6939,True,BLOCKED,FRAUD
txn_d89aeb72,user_3506,16708.02,90,4817,True,BLOCKED,FRAUD
txn_a01ef398,user_1884,17447.45,65,66,True,BLOCKED,LEGITIMATE
txn_66993276,user_8348,15271.77,86,8211,True,BLOCKED,FRAUD
txn_f278b955,user_4917,21677.53,79,175,True,BLOCKED,LEGITIMATE
txn_589467c0,user_7279,49740.19,97,2571,True,BLOCKED,FRAUD
txn_b5417307,user_6561,30451.24,66,289,True,BLOCKED,LEGITIMATE
txn_4b136284,user_8951,46550.22,85,84,False,BLOCKED,LEGITIMATE
txn_140c891f,user_7686,16212.95,67,267,True,BLOCKED,LEGITIMATE
txn_fcfd8a04,user_8838,20119.64,88,7556,True,BLOCKED,FRAUD
txn_c5ba223c,user_1380,42160.48,94,3141,True,BLOCKED,FRAUD
txn_e51c7c43,user_5813,13726.07,91,7713,True,BLOCKED,FRAUD
txn_2684788c,user_5574,27818.9,91,3316,True,BLOCKED,FRAUD
txn_7bc9202e,user_1650,39128.87,95,1321,True,BLOCKED,FRAUD
txn_d8ce5a1f,user_6094,4800.53,93,7914,True,BLOCKED,FRAUD
txn_d2630e9a,user_4356,15939.81,99,8228,True,BLOCKED,FRAUD
txn_5d458e59,user_8829,33453.42,79,162,False,BLOCKED,LEGITIMATE
txn_72d87129,user_3905,25571.67,65,430,True,BLOCKED,LEGITIMATE
txn_6a88a5e3,user_7061,24184.25,96,4948,True,BLOCKED,FRAUD
txn_7b4e69aa,user_2767,22327.65,64,327,False,BLOCKED,LEGITIMATE
txn_352f1f69,user_5316,32256.25,91,6212,True,BLOCKED,FRAUD
txn_2d265731,user_9485,13037.89,72,488,False,BLOCKED,LEGITIMATE
txn_633ed1a0,user_9023,47869.63,93,5271,True,BLOCKED,FRAUD
txn_552f4ce8,user_1331,30051.58,87,2010,True,BLOCKED,FRAUD
txn_8b62e4ea,user_2919,25235.61,94,1494,True,BLOCKED,FRAUD
txn_d22866d3,user_3149,37793.27,95,3100,True,BLOCKED,FRAUD
txn_18deb55c,user_2351,23856.36,71,146,False,BLOCKED,LEGITIMATE
txn_82091945,user_9876,34944.28,96,4506,True,BLOCKED,FRAUD
txn_1b709647,user_3016,49581.64,72,313,False,BLOCKED,LEGITIMATE
txn_4a7b7dc6,user_8365,42929.55,69,73,True,BLOCKED,LEGITIMATE
txn_e7f2dfaa,user_6716,19170.91,87,8475,True,BLOCKED,FRAUD
txn_434813c2,user_8114,48543.07,65,437,True,BLOCKED,LEGITIMATE
txn_bbe8e7f4,user_8815,11736.81,91,1362,True,BLOCKED,FRAUD
txn_43a7cc47,user_5100,21933.74,87,2122,True,BLOCKED,FRAUD
txn_685210db,user_9782,40491.66,95,3661,True,BLOCKED,FRAUD
txn_d0e18fc3,user_4376,17896.73,78,309,True,BLOCKED,LEGITIMATE
txn_c13870a7,user_9159,23448.84,85,5248,True,BLOCKED,FRAUD
txn_3e870710,user_3544,28340.06,90,2845,True,BLOCKED,FRAUD
txn_6929a670,user_6498,25103.75,99,4527,True,BLOCKED,FRAUD
txn_74e77a14,user_3422,10793.94,99,4478,True,BLOCKED,FRAUD
txn_4f420ce3,user_4947,1809.46,86,3781,True,BLOCKED,FRAUD
txn_0efc647d,user_5276,6892.53,94,3005,True,BLOCKED,FRAUD
txn_beb47f70,user_4721,46296.31,95,3958,True,BLOCKED,FRAUD
txn_33dc7df6,user_7050,11682.82,86,3181,True,BLOCKED,FRAUD
txn_19c0eb4e,user_1384,17884.38,97,5562,True,BLOCKED,FRAUD
txn_dffdda76,user_6733,9750.91,77,161,True,BLOCKED,LEGITIMATE
txn_401eba11,user_7356,10066.48,96,9566,True,BLOCKED,FRAUD
txn_2d655361,user_3537,12169.49,93,2151,True,BLOCKED,FRAUD
txn_e05a59df,user_1996,12452.43,92,7542,True,BLOCKED,FRAUD
txn_798c43c9,user_7047,5502.72,65,305,True,BLOCKED,LEGITIMATE
txn_9a876fb7,user_8361,31008.7,99,6820,True,BLOCKED,FRAUD
txn_0dfc97cb,user_2902,33099.26,91,1020,True,BLOCKED,FRAUD
txn_4aac6056,user_4814,3798.73,97,8634,True,BLOCKED,FRAUD
txn_b41d4fbe,user_5171,46284.49,85,2089,True,BLOCKED,FRAUD
txn_a4d3e36d,user_3370,9333.35,92,6063,True,BLOCKED,FRAUD
txn_6529a7f5,user_9925,45814.71,67,63,True,BLOCKED,LEGITIMATE
txn_72f22831,user_1226,12158.95,90,5687,True,BLOCKED,FRAUD
txn_126c9f9c,user_7166,34221.96,68,496,False,BLOCKED,LEGITIMATE
txn_d2b2457d,user_8516,21720.54,82,453,True,BLOCKED,LEGITIMATE
txn_0462bca5,user_7211,9672.7,92,6385,True,BLOCKED,FRAUD
txn_417f62a1,user_7378,41983.3,75,59,True,BLOCKED,LEGITIMATE
txn_0b982f28,user_1090,12111.98,87,7930,True,BLOCKED,FRAUD
txn_dc529961,user_9914,2804.33,69,63,True,BLOCKED,LEGITIMATE
txn_d633bee4,user_1144,39264.24,60,132,False,BLOCKED,LEGITIMATE
txn_e18bc262,user_1384,48099.92,98,3416,True,BLOCKED,FRAUD
txn_cbf054a2,user_9023,20477.48,82,73,True,BLOCKED,LEGITIMATE
txn_a1bbc28b,user_4624,46650.49,70,184,True,BLOCKED,LEGITIMATE
txn_1662fcf4,user_5513,11257.18,99,9613,True,BLOCKED,FRAUD
txn_45024fcf,user_8066,1509.8,98,9983,True,BLOCKED,FRAUD
txn_3981a1c0,user_2521,22795.85,61,167,False,BLOCKED,LEGITIMATE
txn_f89e54d6,user_8604,3960.9,92,2976,True,BLOCKED,FRAUD
txn_83d2c9eb,user_6942,46682.15,92,6933,True,BLOCKED,FRAUD
txn_f4171475,user_5092,4844.43,87,1919,True,BLOCKED,FRAUD
txn_38bd7c22,user_2521,882.9,64,490,True,BLOCKED,LEGITIMATE
txn_490af5b6,user_5774,8082.94,97,5924,True,BLOCKED,FRAUD
txn_b8d3d73d,user_8244,3426.08,99,4080,True,BLOCKED,FRAUD
txn_6c41f500,user_5706,36729.83,92,3333,True,BLOCKED,FRAUD
txn_4c77f988,user_9889,47616.98,91,7373,True,BLOCKED,FRAUD
txn_1f65cf8f,user_4652,38860.63,89,2541,True,BLOCKED,FRAUD
txn_57b8e5cc,user_2210,49177.57,93,8777,True,BLOCKED,FRAUD
txn_4d85619f,user_4312,20423.29,89,1877,True,BLOCKED,FRAUD
txn_a6ddc82a,user_8134,29405.43,71,81,True,BLOCKED,LEGITIMATE
txn_57172204,user_1906,45922.27,89,7573,True,BLOCKED,FRAUD
txn_f3b8add8,user_8874,45447.77,82,274,True,BLOCKED,LEGITIMATE
txn_9d486234,user_7092,46818.17,97,2767,True,BLOCKED,FRAUD
txn_2aba1e4c,user_4430,36258.88,77,256,False,BLOCKED,LEGITIMATE
txn_0f40e2a8,user_5168,12152.15,95,6786,True,BLOCKED,FRAUD
txn_2573a727,user_9834,14854.68,96,6761,True,BLOCKED,FRAUD
txn_c217f545,user_4581,41391.93,64,365,False,BLOCKED,LEGITIMATE
txn_ceb1302e,user_7076,45229.88,89,3926,True,BLOCKED,FRAUD
txn_9b7b123a,user_6867,31220.22,96,8314,True,BLOCKED,FRAUD
txn_1d588d31,user_1571,3670.43,97,3733,True,BLOCKED,FRAUD
txn_9d65bd8b,user_4943,38159.8,91,6385,True,BLOCKED,FRAUD
txn_3ff3d458,user_3092,6399.7,94,1490,True,BLOCKED,FRAUD
txn_0b76336a,user_9105,47190.71,62,331,False,BLOCKED,LEGITIMATE
txn_f4f0c7e8,user_7320,16536.83,64,216,True,BLOCKED,LEGITIMATE
txn_6fc2e967,user_3061,40902.93,86,8920,True,BLOCKED,FRAUD
txn_6bf41747,user_5262,17599.87,94,5085,True,BLOCKED,FRAUD
txn_b63a8a9c,user_7268,38289.53,62,378,False,BLOCKED,LEGITIMATE
txn_5f1cb6c0,user_9066,32266.22,98,6371,True,BLOCKED,FRAUD
txn_a09bac96,user_7611,41467.39,91,4352,True,BLOCKED,FRAUD
txn_9127ecbe,user_2250,42587.23,99,2508,True,BLOCKED,FRAUD
txn_3065da90,user_8439,6838.26,89,5850,True,BLOCKED,FRAUD
txn_6fffaa90,user_6124,11491.26,99,1079,True,BLOCKED,FRAUD
txn_91272b59,user_1762,11346.56,90,1882,True,BLOCKED,FRAUD
txn_23f70fb6,user_4630,40219.89,86,2929,True,BLOCKED,FRAUD
txn_63dfac86,user_2331,16814.55,99,8562,True,BLOCKED,FRAUD
txn_071fd1a2,user_1991,42048.58,95,7724,True,BLOCKED,FRAUD
txn_a0f88a87,user_1867,36789.37,87,8819,True,BLOCKED,FRAUD
txn_f52058cc,user_8417,3534.65,87,5881,True,BLOCKED,FRAUD
txn_72b6840d,user_5533,48985.33,91,5256,True,BLOCKED,FRAUD
txn_6d791cdd,user_3961,17500.05,72,271,False,BLOCKED,LEGITIMATE
txn_b6337496,user_2159,23268.73,84,345,True,BLOCKED,LEGITIMATE
txn_d0743b58,user_1677,24973.6,89,6709,True,BLOCKED,FRAUD
txn_64261dd5,user_2797,48358.66,93,4245,True,BLOCKED,FRAUD
txn_b9c9c501,user_9575,11081.38,87,2885,True,BLOCKED,FRAUD
txn_0f28eecd,user_4226,36113.53,93,6642,True,BLOCKED,FRAUD
txn_64c2291d,user_3881,9205.63,90,8252,True,BLOCKED,FRAUD
txn_ef184a6f,user_5706,4352.53,93,5244,True,BLOCKED,FRAUD
txn_5591982d,user_8956,45378.87,89,3101,True,BLOCKED,FRAUD
txn_1d5bb3ec,user_6801,30665.92,86,4734,True,BLOCKED,FRAUD
txn_5791f785,user_7201,19857.24,77,66,False,BLOCKED,LEGITIMATE
txn_f83b448c,user_1379,26480.72,75,495,True,BLOCKED,LEGITIMATE
txn_37a445e2,user_8614,22518.23,82,251,False,BLOCKED,LEGITIMATE
txn_dfd65cd7,user_8911,42570.23,90,8302,True,BLOCKED,FRAUD
txn_e0bdbcd7,user_5751,35015.1,98,2403,True,BLOCKED,FRAUD
txn_3be761f1,user_8339,750.83,64,424,False,BLOCKED,LEGITIMATE
txn_095c7ec1,user_1347,30598.43,75,209,False,BLOCKED,LEGITIMATE
txn_3f4237d8,user_2427,47556.38,64,454,False,BLOCKED,LEGITIMATE
txn_0b31362d,user_6986,37499.51,95,9237,True,BLOCKED,FRAUD
txn_e8461ee3,user_4571,30161.47,90,9182,True,BLOCKED,FRAUD
txn_464e3218,user_3540,21806.26,97,8687,True,BLOCKED,FRAUD
txn_5229b457,user_1368,7901.84,95,1238,True,BLOCKED,FRAUD
txn_4748d2d7,user_2726,11142.68,96,8812,True,BLOCKED,FRAUD
txn_19788167,user_7787,33428.12,89,2756,True,BLOCKED,FRAUD
txn_44a1d15c,user_8126,28606.15,98,1031,True,BLOCKED,FRAUD
txn_3693f095,user_1999,41474.91,96,9685,True,BLOCKED,FRAUD
txn_6a432995,user_1301,45221.56,87,8523,True,BLOCKED,FRAUD
txn_c8f2f9f8,user_7195,37450.53,60,311,False,BLOCKED,LEGITIMATE
txn_493f05a4,user_6145,37367.75,63,75,True,BLOCKED,LEGITIMATE
txn_8213141b,user_8451,30967.54,85,2788,True,BLOCKED,FRAUD
txn_39518c25,user_3353,8045.44,99,4019,True,BLOCKED,FRAUD
txn_523d370b,user_5976,42210.47,62,242,True,BLOCKED,LEGITIMATE
txn_4f417461,user_3211,25259.61,70,322,True,BLOCKED,LEGITIMATE
txn_8a83f437,user_6864,41801.08,84,178,False,BLOCKED,LEGITIMATE
txn_2cb2ac9c,user_8136,30320.35,86,6900,True,BLOCKED,FRAUD
txn_cd79903c,user_3627,46848.2,91,1096,True,BLOCKED,FRAUD
txn_8e0c42a8,user_6004,26579.63,83,417,False,BLOCKED,LEGITIMATE
txn_1a6ab81d,user_2020,48203.74,98,3675,True,BLOCKED,FRAUD
txn_3b8f96ae,user_2003,9111.3,99,1771,True,BLOCKED,FRAUD
txn_fca1236b,user_3634,20866.34,86,1383,True,BLOCKED,FRAUD
txn_15a1870e,user_7478,32241.7,99,3521,True,BLOCKED,FRAUD
txn_04207b48,user_9272,41417.5,96,4957,True,BLOCKED,FRAUD
txn_af241f17,user_5298,13044.26,99,9441,True,BLOCKED,FRAUD
txn_5e9948bd,user_7605,33171.98,83,384,True,BLOCKED,LEGITIMATE
txn_dc5392f2,user_8001,27874.78,72,428,False,BLOCKED,LEGITIMATE
txn_6422c07b,user_2500,31825.44,90,3346,True,BLOCKED,FRAUD
txn_c9abe695,user_9821,48931.49,85,9424,True,BLOCKED,FRAUD
txn_4a0cf29d,user_3195,48196.03,93,3435,True,BLOCKED,FRAUD
txn_8aa07085,user_3821,30255.78,68,433,False,BLOCKED,LEGITIMATE
txn_8ccfa7f2,user_5467,42580.54,98,8570,True,BLOCKED,FRAUD
txn_18bc3faf,user_9835,37828.45,91,9668,True,BLOCKED,FRAUD
txn_22c4618c,user_6624,3844.35,76,237,True,BLOCKED,LEGITIMATE
txn_0ea98d00,user_1991,41457.91,91,7752,True,BLOCKED,FRAUD
txn_098d7c96,user_6706,24218.57,93,5514,True,BLOCKED,FRAUD
txn_2dae42d4,user_7449,42726.54,98,2047,True,BLOCKED,FRAUD
txn_9481f74c,user_7888,16677.05,65,443,False,BLOCKED,LEGITIMATE
txn_99ec29a8,user_8423,49423.15,94,6251,True,BLOCKED,FRAUD
txn_f445ba09,user_9061,797.53,89,3937,True,BLOCKED,FRAUD
txn_07c72e51,user_4089,3028.06,69,73,False,BLOCKED,LEGITIMATE
txn_15f907fa,user_6044,42947.95,93,9711,True,BLOCKED,FRAUD
txn_551040c0,user_4039,2088.14,96,6159,True,BLOCKED,FRAUD
txn_5840c2f7,user_9626,28693.12,93,8916,True,BLOCKED,FRAUD
txn_5bf36386,user_6722,17692.91,63,116,True,BLOCKED,LEGITIMATE
txn_efd3e875,user_8718,11696.21,87,2210,True,BLOCKED,FRAUD
txn_f3decf6e,user_6928,12642.87,79,368,False,BLOCKED,LEGITIMATE
txn_58cc92b8,user_3006,16866.67,99,2856,True,BLOCKED,FRAUD
txn_b2359397,user_2628,45247.81,87,4102,True,BLOCKED,FRAUD
txn_c44f7f5e,user_5708,15040.94,81,239,False,BLOCKED,LEGITIMATE
txn_ed77e694,user_2400,40705.53,94,5249,True,BLOCKED,FRAUD
txn_734a7e8f,user_6883,32644.38,92,5124,True,BLOCKED,FRAUD
txn_6e9a11a5,user_2534,2115.83,71,491,True,BLOCKED,LEGITIMATE
txn_4728754a,user_8097,23786.58,85,1589,True,BLOCKED,FRAUD
txn_7e478abb,user_7932,28186.84,94,5884,True,BLOCKED,FRAUD
txn_0118b8cf,user_6375,20021.64,67,362,False,BLOCKED,LEGITIMATE
txn_8c60b364,user_1854,2689.49,91,7975,True,BLOCKED,FRAUD
txn_238d9bd0,user_9835,863.03,97,7974,True,BLOCKED,FRAUD
txn_375ea240,user_3433,21717.83,97,1898,True,BLOCKED,FRAUD
txn_02e0fb05,user_8721,13921.38,88,7264,True,BLOCKED,FRAUD
txn_e0e69588,user_7052,41604.52,95,2756,True,BLOCKED,FRAUD
txn_7ab51bda,user_1866,11350.4,65,56,False,BLOCKED,LEGITIMATE
txn_57863599,user_8309,34975.95,98,1002,True,BLOCKED,FRAUD
txn_79a8d327,user_1804,39551.05,85,9085,True,BLOCKED,FRAUD
txn_4291c215,user_7414,44136.52,97,9447,True,BLOCKED,FRAUD
txn_8d6bfae5,user_1713,43611.94,89,7966,True,BLOCKED,FRAUD
txn_c2bb8304,user_9547,45368.46,79,450,True,BLOCKED,LEGITIMATE
txn_ee67a02b,user_4560,37175.76,93,1980,True,BLOCKED,FRAUD
txn_7fd285f9,user_9596,36999.05,78,57,False,BLOCKED,LEGITIMATE
txn_54b5f485,user_5221,24105.55,77,468,False,BLOCKED,LEGITIMATE
txn_0fa0a506,user_3696,35030.63,98,8487,True,BLOCKED,FRAUD
txn_f996ab24,user_6316,32777.57,87,1804,True,BLOCKED,FRAUD
txn_cdf824ff,user_9624,16534.42,64,152,False,BLOCKED,LEGITIMATE
txn_d1d45769,user_5523,5054.93,94,6918,True,BLOCKED,FRAUD
txn_53df039b,user_3003,23346.37,82,182,True,BLOCKED,LEGITIMATE
txn_ffd3ecea,user_1768,17638.99,94,7029,True,BLOCKED,FRAUD
txn_e5ee7559,user_4132,47230.98,89,5622,True,BLOCKED,FRAUD
txn_fa5a3b55,user_5442,3526.42,89,5885,True,BLOCKED,FRAUD
txn_cf0cff39,user_5742,47626.43,90,4096,True,BLOCKED,FRAUD
txn_a64b0322,user_2677,47084.81,94,5604,True,BLOCKED,FRAUD
txn_c284c094,user_9156,35599.0,94,4718,True,BLOCKED,FRAUD
txn_c1ccc204,user_2978,41867.48,95,8834,True,BLOCKED,FRAUD
txn_6d0b37ca,user_6868,31208.48,99,8298,True,BLOCKED,FRAUD
txn_45ac941c,user_3198,48120.33,91,9403,True,BLOCKED,FRAUD
txn_8acc495c,user_6835,32423.02,96,9844,True,BLOCKED,FRAUD
txn_2f3bed6e,user_4428,26669.05,89,4706,True,BLOCKED,FRAUD
txn_e6300e57,user_7134,16812.7,85,3825,True,BLOCKED,FRAUD
txn_fd1668a7,user_2051,18351.28,90,5539,True,BLOCKED,FRAUD
txn_bfd371e9,user_5894,43560.36,93,4030,True,BLOCKED,FRAUD
txn_f0e219dd,user_5402,41275.14,98,6884,True,BLOCKED,FRAUD
txn_72eb166b,user_9482,17467.26,98,1273,True,BLOCKED,FRAUD
txn_d9421092,user_4769,41608.97,71,176,True,BLOCKED,LEGITIMATE
txn_561d5164,user_2184,8606.4,81,214,False,BLOCKED,LEGITIMATE
txn_f3b8394a,user_2461,12387.27,68,301,True,BLOCKED,LEGITIMATE
txn_5cdca5a8,user_9127,12977.28,98,9874,True,BLOCKED,FRAUD
txn_afdd8984,user_3475,26785.16,98,4711,True,BLOCKED,FRAUD
txn_f296ad6a,user_5328,39597.1,99,3321,True,BLOCKED,FRAUD
txn_3c62f887,user_8843,48467.1,86,9501,True,BLOCKED,FRAUD
txn_3ea21738,user_7493,48793.5,95,8315,True,BLOCKED,FRAUD
txn_c0b8cd42,user_3729,22368.92,78,366,True,BLOCKED,LEGITIMATE
txn_43070e0b,user_4624,12151.19,88,3466,True,BLOCKED,FRAUD
txn_a5e06037,user_7642,34958.27,92,8406,True,BLOCKED,FRAUD
txn_c76bb0c2,user_4145,23356.64,78,419,False,BLOCKED,LEGITIMATE
txn_4f3c69dd,user_6449,22780.41,86,2376,True,BLOCKED,FRAUD
txn_4554d548,user_6953,16971.99,89,6189,True,BLOCKED,FRAUD
txn_1aed8666,user_9336,26759.27,89,4511,True,BLOCKED,FRAUD
txn_491bc79e,user_4107,42763.0,60,171,False,BLOCKED,LEGITIMATE
txn_10741795,user_9518,49152.05,71,279,False,BLOCKED,LEGITIMATE
txn_9876b903,user_7108,16232.08,93,2182,True,BLOCKED,FRAUD
txn_f55a3881,user_5806,12619.85,76,246,False,BLOCKED,LEGITIMATE
txn_9ac6385e,user_4489,14417.51,91,8370,True,BLOCKED,FRAUD
txn_6f916fac,user_1912,20558.42,91,5639,True,BLOCKED,FRAUD
txn_86246431,user_8666,13509.48,88,3159,True,BLOCKED,FRAUD
txn_ef247039,user_9134,24531.71,99,7328,True,BLOCKED,FRAUD
txn_7ea3055b,user_5926,33893.49,73,446,True,BLOCKED,LEGITIMATE
txn_8741211c,user_3349,6868.23,89,8724,True,BLOCKED,FRAUD
txn_d7ea62d9,user_8044,28777.76,89,2788,True,BLOCKED,FRAUD
txn_a1f1ca93,user_8974,20070.04,96,6655,True,BLOCKED,FRAUD
txn_99756813,user_9423,49238.81,98,2910,True,BLOCKED,FRAUD
txn_626e626c,user_4058,18837.42,85,2434,True,BLOCKED,FRAUD
txn_e18f8f4d,user_3386,16204.71,89,6717,True,BLOCKED,FRAUD
txn_bf937e4b,user_6435,28347.76,70,484,False,BLOCKED,LEGITIMATE
txn_1ad60c71,user_4796,28445.96,87,3310,True,BLOCKED,FRAUD
txn_942b8afa,user_2300,4957.58,99,1775,True,BLOCKED,FRAUD
txn_bbff6c95,user_4605,17092.77,87,8819,True,BLOCKED,FRAUD
txn_dad9aee3,user_9979,49008.63,94,7086,True,BLOCKED,FRAUD
txn_06ad1123,user_5506,22867.35,87,8873,True,BLOCKED,FRAUD
txn_7b8ae7a4,user_3802,40961.86,68,319,False,BLOCKED,LEGITIMATE
txn_d035df4a,user_4039,45330.08,95,8104,True,BLOCKED,FRAUD
txn_565fd349,user_9245,37812.18,92,2850,True,BLOCKED,FRAUD
txn_5fad6d4a,user_8695,33022.92,96,8257,True,BLOCKED,FRAUD
txn_f643da1f,user_2493,3956.68,94,5121,True,BLOCKED,FRAUD
txn_0df216d5,user_8187,23117.45,95,1471,True,BLOCKED,FRAUD
txn_fa290c4a,user_7394,21335.13,99,7535,True,BLOCKED,FRAUD
txn_aec20ca2,user_8068,1866.48,93,1214,True,BLOCKED,FRAUD
txn_e7a26c98,user_9797,31583.99,96,5246,True,BLOCKED,FRAUD
txn_474a324d,user_1589,25917.41,88,4616,True,BLOCKED,FRAUD
txn_58250551,user_8627,17314.6,97,8404,True,BLOCKED,FRAUD
txn_daf834dd,user_4986,3052.13,99,6296,True,BLOCKED,FRAUD
txn_a2a4e94e,user_6315,46694.09,95,7419,True,BLOCKED,FRAUD
txn_92225479,user_1340,25243.14,69,349,True,BLOCKED,LEGITIMATE
txn_842cb711,user_3365,49334.66,87,1085,True,BLOCKED,FRAUD
txn_6321a483,user_8966,35667.11,85,1302,True,BLOCKED,FRAUD
txn_49d0fa45,user_7765,45558.22,85,7764,True,BLOCKED,FRAUD
txn_6dd86e92,user_7590,49233.93,99,6097,True,BLOCKED,FRAUD
txn_0af39e78,user_2687,49170.81,94,4265,True,BLOCKED,FRAUD
txn_f3f493b7,user_9703,22824.76,87,6429,True,BLOCKED,FRAUD
txn_9ac5335d,user_6799,38002.77,98,9928,True,BLOCKED,FRAUD
txn_f4dfc131,user_5623,44252.65,85,5875,True,BLOCKED,FRAUD
txn_fc5bfa0d,user_2763,32055.89,88,6292,True,BLOCKED,FRAUD
txn_42fe996d,user_5667,45181.25,66,438,False,BLOCKED,LEGITIMATE
txn_44b1450f,user_8590,10906.05,90,1901,True,BLOCKED,FRAUD
txn_a294a378,user_9284,18534.19,88,5544,True,BLOCKED,FRAUD
txn_9307340c,user_9589,24677.91,99,5960,True,BLOCKED,FRAUD
txn_53d10bec,user_3485,18839.6,96,9827,True,BLOCKED,FRAUD
txn_7de0ed40,user_7209,40590.75,69,282,True,BLOCKED,LEGITIMATE
txn_a3d6b7f3,user_8731,20588.63,73,89,True,BLOCKED,LEGITIMATE
txn_46231714,user_8504,25949.38,84,402,True,BLOCKED,LEGITIMATE
txn_ae8234a6,user_7270,14500.14,60,190,True,BLOCKED,LEGITIMATE
txn_5a7553c1,user_1075,45642.44,98,2488,True,BLOCKED,FRAUD
txn_998aaa15,user_7577,23491.65,99,8574,True,BLOCKED,FRAUD
txn_cd3062e6,user_4681,22262.62,63,347,False,BLOCKED,LEGITIMATE
txn_52fbc7f0,user_3232,1267.84,85,5327,True,BLOCKED,FRAUD
txn_aeb23416,user_7173,46991.82,75,257,True,BLOCKED,LEGITIMATE
txn_367f75c8,user_5522,40832.02,99,9452,True,BLOCKED,FRAUD
txn_3d1ab1be,user_5140,5655.96,69,248,True,BLOCKED,LEGITIMATE
txn_a986a3f8,user_6841,38267.04,64,319,False,BLOCKED,LEGITIMATE
txn_2f65e82a,user_8845,39186.85,64,273,True,BLOCKED,LEGITIMATE
txn_495e004d,user_8233,40071.3,91,3126,True,BLOCKED,FRAUD
txn_d8b11472,user_6503,37683.84,93,9877,True,BLOCKED,FRAUD
txn_55f6fdcb,user_4018,22545.43,97,2306,True,BLOCKED,FRAUD
txn_aca5317f,user_4091,10787.67,70,485,True,BLOCKED,LEGITIMATE
txn_741630de,user_2342,5769.25,96,9014,True,BLOCKED,FRAUD
txn_6dcf9e9f,user_5599,16017.77,87,4142,True,BLOCKED,FRAUD
txn_afa633d8,user_8371,17921.39,68,289,True,BLOCKED,LEGITIMATE
txn_bbcf1a09,user_4359,27781.77,91,9646,True,BLOCKED,FRAUD
txn_5cac9a55,user_6931,22674.6,98,7728,True,BLOCKED,FRAUD
txn_974ae19c,user_5928,22477.34,84,436,True,BLOCKED,LEGITIMATE
txn_020303b9,user_5820,41145.75,67,125,True,BLOCKED,LEGITIMATE
txn_9cfc9cc4,user_3695,4843.32,91,6827,True,BLOCKED,FRAUD
txn_460aea47,user_4410,17173.44,88,5547,True,BLOCKED,FRAUD
txn_b0dea219,user_3115,23895.76,90,2122,True,BLOCKED,FRAUD
txn_86b1e0df,user_2208,39470.02,72,213,False,BLOCKED,LEGITIMATE
txn_8ee4ed61,user_9121,9462.51,94,3065,True,BLOCKED,FRAUD
txn_beece5c9,user_8223,46937.1,99,5181,True,BLOCKED,FRAUD
txn_6e863b09,user_2054,26384.38,85,6701,True,BLOCKED,FRAUD
txn_b5a2f000,user_7696,3896.67,85,484,True,BLOCKED,LEGITIMATE
txn_c0b84329,user_9863,13695.57,98,1625,True,BLOCKED,FRAUD
txn_b501148f,user_7208,38353.67,98,8837,True,BLOCKED,FRAUD
txn_726047d3,user_5006,41527.65,99,2291,True,BLOCKED,FRAUD
txn_3e8b81c9,user_5561,16461.59,95,6820,True,BLOCKED,FRAUD
txn_0be4e3c2,user_5378,36742.04,97,8683,True,BLOCKED,FRAUD
txn_22a9fe31,user_8253,48603.65,89,4682,True,BLOCKED,FRAUD
txn_6851c55f,user_5651,5893.76,89,6378,True,BLOCKED,FRAUD
txn_09accf85,user_2795,36428.98,98,3681,True,BLOCKED,FRAUD
txn_5856603c,user_7676,15136.96,92,7937,True,BLOCKED,FRAUD
txn_4062dd8c,user_9246,8671.5,97,1151,True,BLOCKED,FRAUD
txn_3d5a792b,user_7206,43187.09,60,475,True,BLOCKED,LEGITIMATE
txn_8439896a,user_9304,46492.96,94,4380,True,BLOCKED,FRAUD
txn_9a46b4b8,user_3448,44722.27,85,7860,True,BLOCKED,FRAUD
txn_60294ab6,user_6013,40432.15,98,7267,True,BLOCKED,FRAUD
txn_f6684f78,user_2501,10613.49,89,5378,True,BLOCKED,FRAUD
txn_b8fd5384,user_3646,2953.21,62,231,False,BLOCKED,LEGITIMATE
txn_60cf3e74,user_3002,1760.49,85,4973,True,BLOCKED,FRAUD
txn_e800a219,user_3605,42908.4,95,2289,True,BLOCKED,FRAUD
txn_430b6a51,user_8832,48509.5,90,5791,True,BLOCKED,FRAUD
txn_323b13ea,user_1084,37620.19,99,5805,True,BLOCKED,FRAUD
txn_a6d53a2f,user_9115,42611.87,86,9365,True,BLOCKED,FRAUD
txn_bc909e16,user_3758,46780.34,80,64,False,BLOCKED,LEGITIMATE
txn_fc09dc04,user_1222,39106.72,89,7943,True,BLOCKED,FRAUD
txn_df528aa4,user_8650,19792.47,97,1587,True,BLOCKED,FRAUD
txn_cbad478c,user_6341,33520.43,92,3591,True,BLOCKED,FRAUD
txn_a046bae4,user_9675,18444.02,74,469,True,BLOCKED,LEGITIMATE
txn_e0430977,user_4311,20459.01,92,2500,True,BLOCKED,FRAUD
txn_13478128,user_2061,13006.63,75,347,True,BLOCKED,LEGITIMATE
txn_831da2d6,user_3418,43155.64,87,7090,True,BLOCKED,FRAUD
txn_32ab757b,user_7867,13884.85,98,6600,True,BLOCKED,FRAUD
txn_61007388,user_3652,25839.53,93,5214,True,BLOCKED,FRAUD
txn_86d82ce7,user_9899,46615.01,85,313,False,BLOCKED,LEGITIMATE
txn_a0b52f47,user_8530,24993.16,96,4260,True,BLOCKED,FRAUD
txn_84b34c55,user_6083,28311.84,88,2196,True,BLOCKED,FRAUD
txn_7904fbec,user_6898,16354.1,72,372,True,BLOCKED,LEGITIMATE
txn_7292851b,user_5964,41413.46,95,4765,True,BLOCKED,FRAUD
txn_30830744,user_3360,32123.83,93,8454,True,BLOCKED,FRAUD
txn_740e3314,user_3275,21064.29,83,186,True,BLOCKED,LEGITIMATE
txn_7f398043,user_1463,16498.76,89,3954,True,BLOCKED,FRAUD
txn_89d91060,user_6206,49704.45,88,9627,True,BLOCKED,FRAUD
txn_d33eda6d,user_9988,5957.2,90,3848,True,BLOCKED,FRAUD
txn_130d498a,user_1939,26611.63,63,475,True,BLOCKED,LEGITIMATE
txn_de63ea2e,user_3391,30590.73,98,1438,True,BLOCKED,FRAUD
txn_d28a58d4,user_4969,25133.37,97,5334,True,BLOCKED,FRAUD
txn_2ab4bd0b,user_3364,18961.33,90,5290,True,BLOCKED,FRAUD
txn_3e92b3f8,user_6231,48398.95,79,498,True,BLOCKED,LEGITIMATE
txn_3ca88172,user_6624,2759.48,98,5661,True,BLOCKED,FRAUD
txn_fa71960c,user_7597,5882.94,89,9566,True,BLOCKED,FRAUD
txn_e4048d25,user_5214,5785.71,84,356,False,BLOCKED,LEGITIMATE
txn_36b2a538,user_1060,13101.42,75,103,True,BLOCKED,LEGITIMATE
txn_4cb0e869,user_5930,31205.11,94,8699,True,BLOCKED,FRAUD
txn_661c058c,user_2472,29786.25,82,399,True,BLOCKED,LEGITIMATE
txn_3cc34633,user_9725,39897.66,61,97,False,BLOCKED,LEGITIMATE
txn_a4ac6ec0,user_2583,43637.91,91,7221,True,BLOCKED,FRAUD
txn_9b0822f2,user_4567,43212.85,71,184,False,BLOCKED,LEGITIMATE
txn_e354385d,user_2333,7509.59,87,3761,True,BLOCKED,FRAUD
txn_a4239903,user_4297,19117.36,64,145,False,BLOCKED,LEGITIMATE
txn_49d08cdc,user_7313,35716.46,97,7719,True,BLOCKED,FRAUD
txn_2b8c6c5b,user_7309,32262.23,70,115,True,BLOCKED,LEGITIMATE
txn_2edfad80,user_4132,23240.55,82,68,True,BLOCKED,LEGITIMATE
txn_52c904aa,user_3711,7266.97,82,477,False,BLOCKED,LEGITIMATE
txn_64918a93,user_9480,31229.61,98,3534,True,BLOCKED,FRAUD
txn_83d7df8d,user_2949,20827.95,78,439,True,BLOCKED,LEGITIMATE
txn_6e363637,user_2624,46423.58,94,6641,True,BLOCKED,FRAUD
txn_b968d5ec,user_5135,41338.45,64,242,True,BLOCKED,LEGITIMATE
txn_be4d8214,user_7899,32552.67,88,7422,True,BLOCKED,FRAUD
txn_515a9678,user_7024,3392.96,67,224,True,BLOCKED,LEGITIMATE
txn_ffb87d13,user_7429,15863.02,89,2632,True,BLOCKED,FRAUD
txn_0e1a9c76,user_6725,12242.85,98,8184,True,BLOCKED,FRAUD
txn_7c7613e6,user_9106,22894.5,60,225,True,BLOCKED,LEGITIMATE
txn_7177dca3,user_7681,10992.7,89,8961,True,BLOCKED,FRAUD
txn_ca90a63d,user_2429,11626.65,81,472,False,BLOCKED,LEGITIMATE
txn_455137ed,user_4192,25886.34,85,1289,True,BLOCKED,FRAUD
txn_896ec592,user_2300,20008.65,90,4097,True,BLOCKED,FRAUD
txn_391b477c,user_7333,27618.87,99,8702,True,BLOCKED,FRAUD
txn_d8f20c2b,user_8611,19032.73,88,9853,True,BLOCKED,FRAUD
txn_a633312f,user_6376,44670.28,69,320,False,BLOCKED,LEGITIMATE
txn_16f622c7,user_7550,26796.16,87,5468,True,BLOCKED,FRAUD
txn_2dab78c5,user_2270,11525.65,92,9101,True,BLOCKED,FRAUD
txn_a2c17685,user_2772,28948.43,90,2072,True,BLOCKED,FRAUD
txn_ba86d077,user_8357,32237.58,96,7948,True,BLOCKED,FRAUD
txn_9edaef1c,user_8607,37212.92,99,7034,True,BLOCKED,FRAUD
txn_8bb5bef1,user_8460,6480.53,81,230,True,BLOCKED,LEGITIMATE
txn_c5f14d7d,user_6182,43986.09,97,7314,True,BLOCKED,FRAUD
txn_e58b1614,user_2396,18214.96,86,8183,True,BLOCKED,FRAUD
txn_4396394c,user_3198,46944.03,98,2795,True,BLOCKED,FRAUD
txn_838d630c,user_4425,43010.95,75,207,False,BLOCKED,LEGITIMATE
txn_66903264,user_3012,43841.49,91,5588,True,BLOCKED,FRAUD
txn_1fc93a91,user_7918,8221.57,70,445,True,BLOCKED,LEGITIMATE
txn_194ebdad,user_3528,7962.91,93,8991,True,BLOCKED,FRAUD
txn_da417468,user_4486,42171.62,91,3988,True,BLOCKED,FRAUD
txn_aa1f7619,user_3556,17832.96,88,8232,True,BLOCKED,FRAUD
txn_a4f9291d,user_1996,26832.3,83,85,False,BLOCKED,LEGITIMATE
txn_66ca98a1,user_1457,16626.36,90,7004,True,BLOCKED,FRAUD
txn_53e49d9e,user_2080,10420.78,60,174,False,BLOCKED,LEGITIMATE
txn_039ddb57,user_9890,30641.86,89,2703,True,BLOCKED,FRAUD
txn_30108f36,user_7784,29469.14,85,7294,True,BLOCKED,FRAUD
txn_3f3f384c,user_6519,660.47,97,2479,True,BLOCKED,FRAUD
txn_eedc0e88,user_8082,17173.52,76,477,False,BLOCKED,LEGITIMATE
txn_ec40966e,user_4824,17862.13,95,1612,True,BLOCKED,FRAUD
txn_3e2de328,user_8346,36194.4,88,2362,True,BLOCKED,FRAUD
txn_b9d748aa,user_5479,23468.23,93,6377,True,BLOCKED,FRAUD
txn_e16d6788,user_1341,31473.93,86,9371,True,BLOCKED,FRAUD
txn_a344cd33,user_3483,49111.29,86,1788,True,BLOCKED,FRAUD
txn_5b5dbea2,user_1689,32245.01,82,204,False,BLOCKED,LEGITIMATE
txn_a9ccd934,user_8628,20657.8,80,492,False,BLOCKED,LEGITIMATE
txn_92226ff2,user_1909,11538.82,88,2078,True,BLOCKED,FRAUD
txn_9a2eef99,user_4684,5420.45,99,5483,True,BLOCKED,FRAUD
txn_753a8a4c,user_9748,10549.79,77,217,False,BLOCKED,LEGITIMATE
txn_bb3f137e,user_1791,44629.69,91,6708,True,BLOCKED,FRAUD
txn_53d07a43,user_6200,32625.98,96,6491,True,BLOCKED,FRAUD
txn_5fbd0d2b,user_2852,20647.08,92,3377,True,BLOCKED,FRAUD
txn_c96b0f3b,user_3968,12243.53,92,7380,True,BLOCKED,FRAUD
txn_563f0488,user_7500,21596.46,86,7187,True,BLOCKED,FRAUD
txn_307f7c86,user_1111,36662.09,77,467,False,BLOCKED,LEGITIMATE
txn_a6411bf2,user_6555,47028.31,90,8375,True,BLOCKED,FRAUD
txn_e6e9e672,user_6813,6455.52,98,8031,True,BLOCKED,FRAUD
txn_d2ed964b,user_1612,29784.9,98,2760,True,BLOCKED,FRAUD
txn_0d21de68,user_2116,12941.09,74,335,False,BLOCKED,LEGITIMATE
txn_50cfcff1,user_8318,21014.01,89,8691,True,BLOCKED,FRAUD
txn_a088d366,user_5795,34824.79,94,5260,True,BLOCKED,FRAUD
txn_40a3a430,user_8399,4156.83,60,280,True,BLOCKED,LEGITIMATE
txn_2519ed81,user_5891,8749.85,95,7486,True,BLOCKED,FRAUD
txn_23c0197b,user_1631,11302.13,87,7197,True,BLOCKED,FRAUD
txn_04e57e24,user_8790,19414.39,95,7948,True,BLOCKED,FRAUD
txn_54554bbb,user_5394,29062.08,90,9096,True,BLOCKED,FRAUD
txn_a7778f9d,user_6831,29680.61,98,7821,True,BLOCKED,FRAUD
txn_957e4f44,user_3375,44170.35,87,6564,True,BLOCKED,FRAUD
txn_d7909ace,user_8866,33625.44,95,1624,True,BLOCKED,FRAUD
txn_0e1afa1f,user_9228,15604.5,92,6356,True,BLOCKED,FRAUD
txn_ec677bbb,user_7459,37908.83,98,9520,True,BLOCKED,FRAUD
txn_db668a8c,user_9259,25763.77,95,8115,True,BLOCKED,FRAUD
txn_82b6d802,user_5622,16343.41,87,4659,True,BLOCKED,FRAUD
txn_2a163587,user_6750,23553.78,88,3635,True,BLOCKED,FRAUD
txn_b46f0b2d,user_1687,27416.57,91,7845,True,BLOCKED,FRAUD
txn_6d0f6633,user_1568,16132.79,92,8086,True,BLOCKED,FRAUD
txn_7a1e5a8b,user_1871,44129.45,94,9192,True,BLOCKED,FRAUD
txn_c877a112,user_9501,45097.32,96,7852,True,BLOCKED,FRAUD
txn_fcac8a48,user_4639,3574.9,99,9486,True,BLOCKED,FRAUD
txn_9f04b3cd,user_8635,14625.25,87,2737,True,BLOCKED,FRAUD
txn_240c2b1e,user_8135,22810.0,77,268,False,BLOCKED,LEGITIMATE
txn_570ef868,user_1952,31884.93,99,2944,True,BLOCKED,FRAUD
txn_31bf4c59,user_1216,31176.24,88,6959,True,BLOCKED,FRAUD
txn_df2b3e8f,user_7612,4912.05,87,2551,True,BLOCKED,FRAUD
txn_50d3e91f,user_7485,44880.03,91,8760,True,BLOCKED,FRAUD
txn_f25ffb5c,user_9375,48281.85,86,3933,True,BLOCKED,FRAUD
txn_b2e2fc5f,user_6381,35915.3,66,383,False,BLOCKED,LEGITIMATE
txn_285f5f49,user_9963,31004.55,97,1731,True,BLOCKED,FRAUD
txn_28b9f4c1,user_7405,24454.56,90,9936,True,BLOCKED,FRAUD
txn_da90e8af,user_7456,29856.81,73,127,True,BLOCKED,LEGITIMATE
txn_fba92cb5,user_9543,26345.69,81,318,True,BLOCKED,LEGITIMATE
txn_788f919f,user_7018,2042.63,95,2222,True,BLOCKED,FRAUD
txn_771aa5ba,user_2253,42159.74,98,6203,True,BLOCKED,FRAUD
txn_2ff8dc1d,user_5806,8638.72,87,5538,True,BLOCKED,FRAUD
txn_9cae03da,user_2473,39800.22,86,8571,True,BLOCKED,FRAUD
txn_575281c8,user_7485,12224.06,88,5084,True,BLOCKED,FRAUD
txn_6b9eb310,user_3017,37699.65,64,220,False,BLOCKED,LEGITIMATE
txn_e45f738c,user_2622,8294.66,71,368,False,BLOCKED,LEGITIMATE
txn_df05f25d,user_6660,30514.82,95,2124,True,BLOCKED,FRAUD
txn_d81b8458,user_1537,3723.71,89,4040,True,BLOCKED,FRAUD
txn_c97baaaa,user_6219,44716.54,74,97,True,BLOCKED,LEGITIMATE
txn_593dfbab,user_3969,22582.7,66,196,True,BLOCKED,LEGITIMATE
txn_2cb4f810,user_7917,29109.82,91,7252,True,BLOCKED,FRAUD
txn_e551e559,user_8299,40399.18,73,292,True,BLOCKED,LEGITIMATE
txn_588bcb3e,user_5427,47478.33,93,4006,True,BLOCKED,FRAUD
txn_9c9f4aa7,user_2171,37261.75,92,8582,True,BLOCKED,FRAUD
txn_ffa02bb6,user_5075,7896.45,95,4989,True,BLOCKED,FRAUD
txn_89beaa4f,user_1007,29732.21,92,3555,True,BLOCKED,FRAUD
txn_31b84ccb,user_4140,28310.85,78,372,True,BLOCKED,LEGITIMATE
txn_1cf07dd9,user_6834,39212.13,69,369,False,BLOCKED,LEGITIMATE
txn_5e101bb4,user_5478,35077.68,87,8732,True,BLOCKED,FRAUD
txn_73387e57,user_5260,10952.37,69,292,False,BLOCKED,LEGITIMATE
txn_1444f128,user_4219,9899.32,98,4301,True,BLOCKED,FRAUD
txn_971c984f,user_5330,19197.68,91,3558,True,BLOCKED,FRAUD
txn_62a726f4,user_9557,47367.31,96,1629,True,BLOCKED,FRAUD
txn_f34c8e24,user_6617,7397.1,95,6142,True,BLOCKED,FRAUD
txn_9ed585f1,user_9107,1293.16,64,468,True,BLOCKED,LEGITIMATE
txn_d95b7579,user_6373,5873.75,95,5034,True,BLOCKED,FRAUD
txn_f3ccb7fa,user_8084,44126.09,92,2031,True,BLOCKED,FRAUD
txn_e470c038,user_6836,45119.36,84,425,False,BLOCKED,LEGITIMATE
txn_f08ba545,user_8950,21506.17,71,332,False,BLOCKED,LEGITIMATE
txn_f3ca2ffb,user_7569,23708.18,62,239,False,BLOCKED,LEGITIMATE
txn_ddf9b9b3,user_6460,26191.8,88,2728,True,BLOCKED,FRAUD
txn_2405164a,user_3105,10370.3,90,2056,True,BLOCKED,FRAUD
txn_6e52b31f,user_7453,10133.99,89,4199,True,BLOCKED,FRAUD
txn_c1d6bcd0,user_1432,28855.45,60,160,True,BLOCKED,LEGITIMATE
txn_ce3dc6a1,user_2718,30301.62,88,9073,True,BLOCKED,FRAUD
txn_3ec46132,user_1988,3246.82,65,410,True,BLOCKED,LEGITIMATE
txn_8f191faa,user_3306,4792.26,93,3615,True,BLOCKED,FRAUD
txn_6d533cab,user_9805,21764.96,63,153,False,BLOCKED,LEGITIMATE
txn_099a768c,user_2278,23296.9,99,8108,True,BLOCKED,FRAUD
txn_3822b544,user_9176,39336.27,90,5741,True,BLOCKED,FRAUD
txn_4c2a20b5,user_3232,49172.0,64,185,True,BLOCKED,LEGITIMATE
txn_6f94c9ec,user_9164,16084.81,85,418,False,BLOCKED,LEGITIMATE
txn_5617e626,user_6634,35698.68,93,9863,True,BLOCKED,FRAUD
txn_5f100a80,user_3357,22300.87,94,1251,True,BLOCKED,FRAUD
txn_ed3c34db,user_3185,41233.91,67,235,False,BLOCKED,LEGITIMATE
txn_1713eae7,user_4279,18561.68,96,2414,True,BLOCKED,FRAUD
txn_14cbf32e,user_3845,49567.88,79,425,True,BLOCKED,LEGITIMATE
txn_610d700f,user_5483,37138.13,89,4758,True,BLOCKED,FRAUD
txn_3125a30e,user_6679,38750.55,61,106,True,BLOCKED,LEGITIMATE
txn_99d12e04,user_2305,4619.19,86,7368,True,BLOCKED,FRAUD
txn_35b8461b,user_5441,42373.58,86,9414,True,BLOCKED,FRAUD
txn_7afbb09f,user_2136,16732.33,98,6899,True,BLOCKED,FRAUD
txn_98fc8d41,user_7504,20270.78,62,226,True,BLOCKED,LEGITIMATE
txn_3aa45913,user_8355,37599.92,93,8198,True,BLOCKED,FRAUD
txn_f31c35d4,user_8673,3188.03,90,3876,True,BLOCKED,FRAUD
txn_def9e9ab,user_2356,28190.34,83,335,False,BLOCKED,LEGITIMATE
txn_c4aa6eb8,user_3340,31520.9,67,382,True,BLOCKED,LEGITIMATE
txn_2b2d0827,user_7662,9875.87,86,4014,True,BLOCKED,FRAUD
txn_78f1fff2,user_5738,10900.05,62,88,False,BLOCKED,LEGITIMATE
txn_6cdaa5d1,user_5838,36670.24,69,178,False,BLOCKED,LEGITIMATE
txn_e0e50e3f,user_2314,40617.35,91,4397,True,BLOCKED,FRAUD
txn_57a3d523,user_5681,4950.94,87,1046,True,BLOCKED,FRAUD
txn_4ed4a7c0,user_7843,33389.43,91,4194,True,BLOCKED,FRAUD
txn_3d48b475,user_1689,49180.69,85,1750,True,BLOCKED,FRAUD
txn_a8f2a48c,user_6362,36417.88,72,421,True,BLOCKED,LEGITIMATE
txn_0748f44a,user_4823,9494.65,67,77,False,BLOCKED,LEGITIMATE
txn_2729df6d,user_2049,7346.16,72,393,False,BLOCKED,LEGITIMATE
txn_5b7384c9,user_1913,12457.91,91,4729,True,BLOCKED,FRAUD
txn_18f0fd3f,user_2613,6220.22,97,2272,True,BLOCKED,FRAUD
txn_27075f75,user_6402,37735.18,62,156,False,BLOCKED,LEGITIMATE
txn_6b5da563,user_7081,29750.91,64,465,True,BLOCKED,LEGITIMATE
txn_e47d9e97,user_7284,20692.22,98,8966,True,BLOCKED,FRAUD
txn_958ac714,user_6086,12116.27,81,62,False,BLOCKED,LEGITIMATE
txn_e73faef8,user_4202,32484.87,93,5360,True,BLOCKED,FRAUD
txn_a4d62a37,user_1373,14158.99,75,212,True,BLOCKED,LEGITIMATE
txn_1342a506,user_1146,31232.4,97,3401,True,BLOCKED,FRAUD
txn_153ca918,user_2947,48583.09,93,9732,True,BLOCKED,FRAUD
txn_822d71d7,user_5861,1447.45,97,9123,True,BLOCKED,FRAUD
txn_fce7b444,user_3867,46700.9,88,2955,True,BLOCKED,FRAUD
txn_eec64a2a,user_9003,5193.67,89,7578,True,BLOCKED,FRAUD
txn_22745669,user_4474,41468.01,91,4368,True,BLOCKED,FRAUD
txn_66e2e760,user_5944,1199.49,91,8657,True,BLOCKED,FRAUD
txn_09184071,user_9502,14293.39,89,5497,True,BLOCKED,FRAUD
txn_56db19df,user_5937,47830.73,93,2785,True,BLOCKED,FRAUD
txn_1f9945cc,user_8737,36681.79,89,1071,True,BLOCKED,FRAUD
txn_c03c6082,user_6755,16485.06,94,8271,True,BLOCKED,FRAUD
txn_daaebc80,user_6993,22869.83,92,9467,True,BLOCKED,FRAUD
txn_62affbf8,user_7322,13805.03,99,9676,True,BLOCKED,FRAUD
txn_9ff2d19b,user_5233,33036.87,92,6674,True,BLOCKED,FRAUD
txn_5cb4a847,user_2108,18042.94,98,4257,True,BLOCKED,FRAUD
txn_bc03115a,user_5665,17615.99,91,4872,True,BLOCKED,FRAUD
txn_de4a8898,user_4720,2199.46,94,7525,True,BLOCKED,FRAUD
txn_3f358424,user_7924,29131.22,85,7848,True,BLOCKED,FRAUD
txn_79f0c136,user_1990,21111.28,95,9141,True,BLOCKED,FRAUD
txn_0f31b0da,user_9835,46754.38,87,5118,True,BLOCKED,FRAUD
txn_4987ed85,user_6526,37406.97,95,7911,True,BLOCKED,FRAUD
txn_319d3e42,user_4259,45588.83,97,9780,True,BLOCKED,FRAUD
txn_237a401f,user_3180,25195.2,85,5448,True,BLOCKED,FRAUD
txn_dc44701f,user_9014,21874.76,96,6946,True,BLOCKED,FRAUD
txn_24dec209,user_3777,44472.36,85,7909,True,BLOCKED,FRAUD
txn_53dd7c23,user_5305,48569.22,67,227,False,BLOCKED,LEGITIMATE
txn_a26dbc21,user_5888,17503.66,92,6536,True,BLOCKED,FRAUD
txn_eacfe423,user_9458,34437.7,96,6268,True,BLOCKED,FRAUD
txn_8ed7e177,user_8410,18103.5,85,1171,True,BLOCKED,FRAUD
txn_69f2900d,user_1929,26975.33,89,1096,True,BLOCKED,FRAUD
txn_00d49747,user_1760,731.85,97,5681,True,BLOCKED,FRAUD
txn_4e26721c,user_7446,33155.3,93,2807,True,BLOCKED,FRAUD
txn_a839497a,user_3299,42942.92,86,7003,True,BLOCKED,FRAUD
txn_0eb48173,user_2198,31327.47,90,5917,True,BLOCKED,FRAUD
txn_1018123e,user_1294,25689.81,98,5480,True,BLOCKED,FRAUD
txn_601d940a,user_4539,24850.45,95,7071,True,BLOCKED,FRAUD
txn_44bb451f,user_6745,37294.56,91,4083,True,BLOCKED,FRAUD
txn_309fa6ea,user_5411,8655.35,95,1756,True,BLOCKED,FRAUD
txn_2ce38fc3,user_1579,49578.94,89,3148,True,BLOCKED,FRAUD
txn_41e03b6c,user_9795,9048.69,62,414,True,BLOCKED,LEGITIMATE
txn_08200939,user_3969,45273.45,65,109,True,BLOCKED,LEGITIMATE
txn_4427a32f,user_1452,1246.07,92,8513,True,BLOCKED,FRAUD
txn_22a616ec,user_9502,935.3,86,6489,True,BLOCKED,FRAUD
txn_8674aabb,user_6510,34639.1,76,461,True,BLOCKED,LEGITIMATE
txn_7dc8d3b2,user_5958,49493.69,67,199,False,BLOCKED,LEGITIMATE
txn_1c63a96a,user_6861,31836.47,97,6838,True,BLOCKED,FRAUD
txn_3718f2be,user_9517,36256.13,62,414,False,BLOCKED,LEGITIMATE
txn_b02c0e71,user_4422,14227.24,89,9274,True,BLOCKED,FRAUD
txn_2054b517,user_7780,38243.77,96,1597,True,BLOCKED,FRAUD
txn_b8c98ba2,user_6626,19556.66,86,3724,True,BLOCKED,FRAUD
txn_aeb3bea1,user_1352,11614.44,71,360,True,BLOCKED,LEGITIMATE
txn_80034815,user_4678,30103.76,86,1018,True,BLOCKED,FRAUD
txn_2d42db34,user_3563,38469.1,89,9653,True,BLOCKED,FRAUD
txn_5fdb58f2,user_8844,14877.16,87,6540,True,BLOCKED,FRAUD
txn_b11ab1fe,user_2527,28190.78,77,379,True,BLOCKED,LEGITIMATE
txn_041247d0,user_7634,31586.34,90,4385,True,BLOCKED,FRAUD
txn_2a4073d5,user_6754,46253.61,94,7803,True,BLOCKED,FRAUD
txn_ac05ed11,user_5798,4309.62,76,197,True,BLOCKED,LEGITIMATE
txn_67a69111,user_7905,7971.58,89,1586,True,BLOCKED,FRAUD
txn_cd8efd98,user_3168,45168.06,93,6418,True,BLOCKED,FRAUD
txn_ae90f6b4,user_3433,45463.39,91,3184,True,BLOCKED,FRAUD
txn_2fecefa1,user_9238,30080.56,93,8677,True,BLOCKED,FRAUD
txn_5d7a361e,user_1863,17863.88,84,463,True,BLOCKED,LEGITIMATE
txn_0d0e1554,user_6158,41648.44,70,216,True,BLOCKED,LEGITIMATE
txn_8ce9f1be,user_8118,11463.05,78,236,True,BLOCKED,LEGITIMATE
txn_0d4ad6d3,user_2519,47647.14,89,1310,True,BLOCKED,FRAUD
txn_3e653815,user_3424,41496.66,97,9309,True,BLOCKED,FRAUD
txn_9c47a897,user_3350,47221.94,85,3888,True,BLOCKED,FRAUD
txn_f82165da,user_2052,13151.04,90,7247,True,BLOCKED,FRAUD
txn_77263a65,user_9273,24417.93,99,4105,True,BLOCKED,FRAUD
txn_0469e4db,user_2892,36658.07,98,3274,True,BLOCKED,FRAUD
txn_88c8f534,user_4685,32664.53,87,9669,True,BLOCKED,FRAUD
txn_e15c29dd,user_4374,38965.53,92,6124,True,BLOCKED,FRAUD
txn_c2f96d9f,user_9035,49302.61,95,3441,True,BLOCKED,FRAUD
txn_750c56d3,user_2682,11445.32,99,8600,True,BLOCKED,FRAUD
txn_1255db52,user_3481,1549.26,91,1885,True,BLOCKED,FRAUD
txn_4629f917,user_8343,21858.39,89,2589,True,BLOCKED,FRAUD
txn_3a2a577e,user_1616,11571.25,89,4366,True,BLOCKED,FRAUD
txn_7b4c8cf8,user_2634,24212.13,89,8519,True,BLOCKED,FRAUD
txn_a8e41742,user_4507,42050.16,89,7455,True,BLOCKED,FRAUD
txn_1e1ded63,user_6442,37966.45,96,9617,True,BLOCKED,FRAUD
txn_ef906932,user_2837,38364.05,99,1810,True,BLOCKED,FRAUD
txn_c1f79b19,user_5658,42636.44,69,415,True,BLOCKED,LEGITIMATE
txn_4a348692,user_6188,19923.38,98,2430,True,BLOCKED,FRAUD
txn_89623ee3,user_5215,6436.69,94,1135,True,BLOCKED,FRAUD
txn_89d3a581,user_7731,28117.38,95,1018,True,BLOCKED,FRAUD
txn_c55542f5,user_6518,32016.1,85,8966,True,BLOCKED,FRAUD
txn_25995d30,user_2684,22832.02,94,1189,True,BLOCKED,FRAUD
txn_d5fddba0,user_9453,15043.29,73,168,True,BLOCKED,LEGITIMATE
txn_bd506651,user_3761,29431.95,92,9755,True,BLOCKED,FRAUD
txn_ea88b1cc,user_7927,16860.12,84,418,False,BLOCKED,LEGITIMATE
txn_79ca3f6d,user_1224,16531.79,96,2886,True,BLOCKED,FRAUD
txn_da7c165c,user_8885,33325.04,91,9106,True,BLOCKED,FRAUD
txn_803045fb,user_3422,12489.31,89,3512,True,BLOCKED,FRAUD
txn_32d28b70,user_8672,25658.43,92,2514,True,BLOCKED,FRAUD
txn_8245688e,user_4221,39323.68,97,9585,True,BLOCKED,FRAUD
txn_3fdd2bba,user_8032,3078.26,91,3707,True,BLOCKED,FRAUD
txn_3265312e,user_2632,7019.12,99,1841,True,BLOCKED,FRAUD
txn_988d22bb,user_8585,19478.23,93,5118,True,BLOCKED,FRAUD
txn_a0fb843b,user_7584,9895.09,82,308,True,BLOCKED,LEGITIMATE
txn_1c8e6fa6,user_7565,18557.17,92,6215,True,BLOCKED,FRAUD
txn_11c27433,user_7389,43448.84,95,9054,True,BLOCKED,FRAUD
txn_52e1030b,user_9016,11557.74,61,198,False,BLOCKED,LEGITIMATE
txn_66525822,user_2030,2560.56,89,8698,True,BLOCKED,FRAUD
txn_5195866b,user_4451,14137.86,87,4486,True,BLOCKED,FRAUD
txn_53585d4d,user_8817,13038.02,85,1218,True,BLOCKED,FRAUD
txn_39bf4712,user_4718,15475.82,86,4746,True,BLOCKED,FRAUD
txn_c29410b6,user_4207,21375.94,87,7571,True,BLOCKED,FRAUD
txn_5909da51,user_3705,27721.41,87,4380,True,BLOCKED,FRAUD
txn_af2ceb64,user_5328,20462.61,92,3198,True,BLOCKED,FRAUD
txn_7f4e2a85,user_6249,44991.8,92,4995,True,BLOCKED,FRAUD
txn_db5af2f6,user_7980,45331.72,79,295,False,BLOCKED,LEGITIMATE
txn_68081937,user_9105,35971.5,95,1550,True,BLOCKED,FRAUD
txn_0cd7fdda,user_3279,17674.12,91,1516,True,BLOCKED,FRAUD
txn_90f172c3,user_8793,20504.49,85,8046,True,BLOCKED,FRAUD
txn_634c80a1,user_3729,3320.25,75,459,True,BLOCKED,LEGITIMATE
txn_3ded7a5a,user_9048,4459.83,68,417,False,BLOCKED,LEGITIMATE
txn_85e80801,user_2148,38902.16,85,3626,True,BLOCKED,FRAUD
txn_a46188d3,user_9819,48452.34,85,3846,True,BLOCKED,FRAUD
txn_6dadc471,user_8694,44063.58,61,253,True,BLOCKED,LEGITIMATE
txn_e56a4cc5,user_1943,27390.64,73,218,True,BLOCKED,LEGITIMATE
txn_109f9f80,user_9293,35587.64,87,8278,True,BLOCKED,FRAUD
txn_1f7215aa,user_9435,28386.62,88,3215,True,BLOCKED,FRAUD
txn_9173363b,user_8928,49449.27,94,5840,True,BLOCKED,FRAUD
txn_68f2bae3,user_3970,41522.62,89,9137,True,BLOCKED,FRAUD
txn_7159af86,user_8871,18512.34,93,9093,True,BLOCKED,FRAUD
txn_2c076168,user_8580,45677.6,65,192,False,BLOCKED,LEGITIMATE
txn_f81ca714,user_7775,34479.59,97,9820,True,BLOCKED,FRAUD
txn_8ba5c123,user_4786,47609.91,85,381,True,BLOCKED,LEGITIMATE
txn_e07c0077,user_6585,14193.74,96,4459,True,BLOCKED,FRAUD
txn_2f886002,user_6534,45164.94,70,355,False,BLOCKED,LEGITIMATE
txn_ae1711fa,user_8996,44396.23,93,9795,True,BLOCKED,FRAUD
txn_ab9da5c3,user_1199,37885.47,74,52,False,BLOCKED,LEGITIMATE
txn_ae37b347,user_9261,25766.57,89,4662,True,BLOCKED,FRAUD
txn_45fe548b,user_5280,6830.25,65,365,False,BLOCKED,LEGITIMATE
txn_cef4ed5d,user_1073,41355.77,86,9228,True,BLOCKED,FRAUD
txn_6bf6673e,user_3433,13748.6,93,4363,True,BLOCKED,FRAUD
txn_fcf3fb1f,user_8245,47725.87,93,9347,True,BLOCKED,FRAUD
txn_5ffd796b,user_8447,32097.66,95,6753,True,BLOCKED,FRAUD
txn_60780ad0,user_1154,32565.15,92,6120,True,BLOCKED,FRAUD
txn_328727a0,user_2950,30618.31,96,9694,True,BLOCKED,FRAUD
txn_d9020059,user_9718,5581.62,88,9583,True,BLOCKED,FRAUD
txn_e7294bbb,user_5635,41676.75,91,3688,True,BLOCKED,FRAUD
txn_3837fc88,user_6884,31625.95,96,5680,True,BLOCKED,FRAUD
txn_9fabd42b,user_6233,6369.12,94,5995,True,BLOCKED,FRAUD
txn_3b8d7250,user_9106,28999.96,98,5690,True,BLOCKED,FRAUD
txn_d523ee5f,user_2568,43375.7,94,5413,True,BLOCKED,FRAUD
txn_b6e3cfc6,user_5198,19128.36,86,7987,True,BLOCKED,FRAUD
txn_8969def8,user_5791,1248.92,68,378,True,BLOCKED,LEGITIMATE
txn_087763b1,user_9078,42008.54,91,1105,True,BLOCKED,FRAUD
txn_d32348b6,user_7005,8294.65,62,274,True,BLOCKED,LEGITIMATE
txn_6e0ef568,user_9824,27431.13,94,4592,True,BLOCKED,FRAUD
txn_7979b336,user_8965,47992.17,99,1423,True,BLOCKED,FRAUD
txn_ace69e73,user_1136,18636.74,94,4587,True,BLOCKED,FRAUD
txn_91bd4f85,user_1065,35442.63,65,314,True,BLOCKED,LEGITIMATE
txn_3c02f744,user_3891,12032.19,73,336,True,BLOCKED,LEGITIMATE
txn_0c723f37,user_1999,15585.27,97,4881,True,BLOCKED,FRAUD
txn_3b111f85,user_2780,34247.54,98,9565,True,BLOCKED,FRAUD
txn_ce78346e,user_1565,30287.44,65,52,True,BLOCKED,LEGITIMATE
txn_5ee3089d,user_3219,38893.1,69,373,False,BLOCKED,LEGITIMATE
txn_048505c8,user_6592,40670.79,90,9054,True,BLOCKED,FRAUD
txn_c4eb5693,user_8177,10558.66,96,2662,True,BLOCKED,FRAUD
txn_e5272267,user_9000,41497.96,65,369,True,BLOCKED,LEGITIMATE
txn_e3147b97,user_6868,10877.06,89,4929,True,BLOCKED,FRAUD
txn_261c190a,user_5489,30612.7,86,9404,True,BLOCKED,FRAUD
txn_eba78471,user_8111,48911.4,76,296,True,BLOCKED,LEGITIMATE
txn_fb74f597,user_2260,18560.76,72,177,False,BLOCKED,LEGITIMATE
txn_f767e6c2,user_7659,7903.81,87,7177,True,BLOCKED,FRAUD
txn_af29e850,user_9596,18040.02,97,9559,True,BLOCKED,FRAUD
txn_52b8b25f,user_6775,728.08,80,161,False,BLOCKED,LEGITIMATE
txn_4d111246,user_7865,41437.55,96,3041,True,BLOCKED,FRAUD
txn_0f125b95,user_4560,13635.32,61,242,False,BLOCKED,LEGITIMATE
txn_85edd0b5,user_5151,44754.4,90,8845,True,BLOCKED,FRAUD
txn_3c189a3c,user_4223,40644.01,90,1669,True,BLOCKED,FRAUD
txn_d9ecd00c,user_9177,38360.03,95,8061,True,BLOCKED,FRAUD
txn_a7e3326d,user_7882,44445.3,98,5563,True,BLOCKED,FRAUD
txn_62d6354c,user_5717,21113.05,97,3313,True,BLOCKED,FRAUD
txn_29a135b6,user_4151,17573.75,90,4012,True,BLOCKED,FRAUD
txn_709e801b,user_1560,34347.66,91,5860,True,BLOCKED,FRAUD
txn_1f1cae43,user_2604,32287.97,88,1898,True,BLOCKED,FRAUD
txn_75cd2fd5,user_8786,38431.76,65,380,True,BLOCKED,LEGITIMATE
txn_1c110bea,user_4074,5375.55,90,8101,True,BLOCKED,FRAUD
txn_bb430bb0,user_2209,42214.82,98,5763,True,BLOCKED,FRAUD
txn_80230652,user_4063,552.0,92,8873,True,BLOCKED,FRAUD
txn_5d3603c6,user_2988,37383.16,72,459,True,BLOCKED,LEGITIMATE
txn_714cd0c2,user_2719,49861.64,87,5077,True,BLOCKED,FRAUD
txn_00a19c41,user_7852,12136.73,90,4974,True,BLOCKED,FRAUD
txn_399b008b,user_2633,5710.76,84,334,False,BLOCKED,LEGITIMATE
txn_84e3f314,user_8414,37839.42,95,4191,True,BLOCKED,FRAUD
txn_2ff227ca,user_5996,10454.16,96,5952,True,BLOCKED,FRAUD
txn_7f7b4cc3,user_8943,7872.97,87,1060,True,BLOCKED,FRAUD
txn_986c7022,user_4188,5518.86,75,199,False,BLOCKED,LEGITIMATE
txn_cfbc565c,user_3470,1653.29,97,5109,True,BLOCKED,FRAUD
txn_a1294cb3,user_5310,11299.39,90,2314,True,BLOCKED,FRAUD
txn_6e6848e2,user_9407,46916.24,99,4821,True,BLOCKED,FRAUD
txn_7aae4194,user_9212,894.04,99,9178,True,BLOCKED,FRAUD
txn_08965bdc,user_1506,45868.11,88,1069,True,BLOCKED,FRAUD
txn_cb7fd039,user_6261,41361.59,76,225,True,BLOCKED,LEGITIMATE
txn_a851e081,user_3591,28774.76,62,270,True,BLOCKED,LEGITIMATE
txn_18b109cc,user_7433,30466.1,85,8111,True,BLOCKED,FRAUD
txn_95a6b50a,user_2678,9296.99,86,6398,True,BLOCKED,FRAUD
txn_744ef401,user_6504,43934.11,88,1599,True,BLOCKED,FRAUD
txn_fe56abdc,user_4689,3079.24,90,2448,True,BLOCKED,FRAUD
txn_6a3d7b8e,user_7047,4009.1,92,8221,True,BLOCKED,FRAUD
txn_ced682d2,user_5880,47088.82,97,4314,True,BLOCKED,FRAUD
txn_0fb1da31,user_5248,32468.71,95,8153,True,BLOCKED,FRAUD
txn_b4c11a18,user_4553,15145.38,97,9807,True,BLOCKED,FRAUD
txn_c0a2c976,user_8045,30766.46,96,4368,True,BLOCKED,FRAUD
txn_47a6df40,user_3199,3324.89,81,313,True,BLOCKED,LEGITIMATE
txn_4f5d8bc7,user_4922,9069.93,71,493,False,BLOCKED,LEGITIMATE
txn_1cd29b32,user_9645,12113.53,89,9182,True,BLOCKED,FRAUD
txn_6f4f7ea8,user_3039,20044.18,86,3601,True,BLOCKED,FRAUD
txn_c0a6b693,user_6252,10113.07,85,3174,True,BLOCKED,FRAUD
txn_f6d89aa1,user_7834,3491.5,95,5523,True,BLOCKED,FRAUD
txn_c5623e9a,user_1104,28037.67,93,7604,True,BLOCKED,FRAUD
txn_af3271f5,user_1035,38457.65,94,7172,True,BLOCKED,FRAUD
txn_25dd0fe0,user_8723,31072.67,72,191,True,BLOCKED,LEGITIMATE
txn_f2250851,user_3101,42987.52,69,175,True,BLOCKED,LEGITIMATE
txn_7002595c,user_7884,7227.63,92,9483,True,BLOCKED,FRAUD
txn_e2e6c047,user_3338,41695.5,88,9536,True,BLOCKED,FRAUD
txn_c0c05e55,user_1116,39529.15,85,8101,True,BLOCKED,FRAUD
txn_969e129e,user_4400,32156.22,95,3300,True,BLOCKED,FRAUD
txn_02a16207,user_6591,31700.07,89,6765,True,BLOCKED,FRAUD
txn_165f8161,user_1458,40834.1,93,3187,True,BLOCKED,FRAUD
txn_22a56d4e,user_3010,14917.83,92,4280,True,BLOCKED,FRAUD
txn_77cff9ba,user_5214,18638.45,74,80,True,BLOCKED,LEGITIMATE
txn_550e65fa,user_8277,31744.73,90,5060,True,BLOCKED,FRAUD
txn_ef56546b,user_2497,8745.05,87,4463,True,BLOCKED,FRAUD
txn_85644e39,user_7092,31338.9,64,483,False,BLOCKED,LEGITIMATE
txn_51638673,user_7749,17889.78,86,5278,True,BLOCKED,FRAUD
txn_b6a5a02a,user_7497,49127.92,89,2715,True,BLOCKED,FRAUD
txn_a386b3a0,user_2788,42164.87,99,1423,True,BLOCKED,FRAUD
txn_91057d07,user_8980,32924.73,88,8126,True,BLOCKED,FRAUD
txn_8360f411,user_4144,40911.74,89,2571,True,BLOCKED,FRAUD
txn_7a60d710,user_1864,49517.23,94,8423,True,BLOCKED,FRAUD
txn_4fa1438b,user_7101,6615.31,87,1117,True,BLOCKED,FRAUD
txn_d98e2c97,user_8109,1174.28,70,274,False,BLOCKED,LEGITIMATE
txn_201d9d05,user_1076,13811.33,79,291,False,BLOCKED,LEGITIMATE
txn_9623eb9f,user_1316,26846.24,98,3579,True,BLOCKED,FRAUD
txn_a55feb6d,user_6057,32606.3,77,360,False,BLOCKED,LEGITIMATE
txn_72dbe4fa,user_4725,47522.87,99,3902,True,BLOCKED,FRAUD
txn_97286edc,user_5373,11342.06,90,4810,True,BLOCKED,FRAUD
txn_06a91e21,user_2504,22401.34,85,6798,True,BLOCKED,FRAUD
txn_b343e40e,user_7928,5847.08,60,103,True,BLOCKED,LEGITIMATE
txn_41ef696f,user_8364,20528.87,99,6826,True,BLOCKED,FRAUD
txn_62217584,user_5874,6814.55,94,5529,True,BLOCKED,FRAUD
txn_00932e2f,user_7182,48077.87,62,320,False,BLOCKED,LEGITIMATE
txn_de8ebaff,user_4961,48949.18,95,7077,True,BLOCKED,FRAUD
txn_96caf464,user_7048,31988.22,96,3947,True,BLOCKED,FRAUD
txn_ac63e276,user_7836,5431.41,94,9045,True,BLOCKED,FRAUD
txn_51bb31ba,user_3815,12507.17,87,8816,True,BLOCKED,FRAUD
txn_b4796b85,user_7751,4813.17,63,60,True,BLOCKED,LEGITIMATE
txn_1bc0d51a,user_5185,27303.83,86,5920,True,BLOCKED,FRAUD
txn_82a5e9f3,user_2699,27544.54,89,6074,True,BLOCKED,FRAUD
txn_f8c1d4ff,user_7796,5870.29,86,6839,True,BLOCKED,FRAUD
txn_d5030fc2,user_1857,12411.08,85,5727,True,BLOCKED,FRAUD
txn_38000333,user_8811,6499.58,86,3825,True,BLOCKED,FRAUD
txn_2cfbf917,user_5804,40350.71,91,6069,True,BLOCKED,FRAUD
txn_a1018d51,user_3367,3266.1,96,8264,True,BLOCKED,FRAUD
txn_1b0d896d,user_8701,3300.42,82,410,False,BLOCKED,LEGITIMATE
txn_a87caf17,user_7587,6805.46,88,3938,True,BLOCKED,FRAUD
txn_3647bb68,user_9288,26177.57,78,295,False,BLOCKED,LEGITIMATE
txn_1193d8a6,user_7562,5898.66,89,1702,True,BLOCKED,FRAUD
txn_b9a57580,user_3446,24055.78,81,194,True,BLOCKED,LEGITIMATE
txn_dd087a34,user_8917,43501.77,99,9873,True,BLOCKED,FRAUD
txn_ffecae5a,user_7615,8909.91,86,6223,True,BLOCKED,FRAUD
txn_baead5b9,user_6645,21585.38,77,127,True,BLOCKED,LEGITIMATE
txn_c055f878,user_2929,19571.0,84,271,False,BLOCKED,LEGITIMATE
txn_2273b5aa,user_7179,14663.21,97,7584,True,BLOCKED,FRAUD
txn_9c108e76,user_3295,27653.55,95,2502,True,BLOCKED,FRAUD
txn_274a9c62,user_9857,8788.51,90,9196,True,BLOCKED,FRAUD
txn_26c931eb,user_1825,19326.09,62,115,True,BLOCKED,LEGITIMATE
txn_f7a97f08,user_5707,17123.45,79,121,False,BLOCKED,LEGITIMATE
txn_b709c59b,user_9047,31754.28,92,8306,True,BLOCKED,FRAUD
txn_2cdd5cd5,user_8835,26733.53,93,6996,True,BLOCKED,FRAUD
txn_acf5fd41,user_2706,40546.59,91,1767,True,BLOCKED,FRAUD
txn_7588d708,user_5282,22613.23,67,474,False,BLOCKED,LEGITIMATE
txn_315048cd,user_7945,35728.62,89,8701,True,BLOCKED,FRAUD
txn_3504cda2,user_2969,11857.43,76,158,False,BLOCKED,LEGITIMATE
txn_76ce96ea,user_3153,4596.93,97,2040,True,BLOCKED,FRAUD
txn_5e9145b1,user_5697,47982.96,90,2628,True,BLOCKED,FRAUD
txn_6c91a413,user_3276,2380.88,90,3840,True,BLOCKED,FRAUD
txn_361975cd,user_4101,8612.37,79,389,False,BLOCKED,LEGITIMATE
txn_fb4d4c00,user_9336,38064.19,94,2902,True,BLOCKED,FRAUD
txn_49f599f6,user_5653,48439.7,92,3577,True,BLOCKED,FRAUD
txn_42c241eb,user_3651,48233.05,88,5307,True,BLOCKED,FRAUD
txn_100e3875,user_9282,4585.18,64,281,False,BLOCKED,LEGITIMATE
txn_e7968c50,user_8169,3226.61,85,4388,True,BLOCKED,FRAUD
txn_d0f69276,user_6495,33230.07,85,1488,True,BLOCKED,FRAUD
txn_6a7f274c,user_4328,27671.71,95,3497,True,BLOCKED,FRAUD
txn_76917fbb,user_2155,1719.34,95,7565,True,BLOCKED,FRAUD
txn_54feb971,user_7504,5825.82,97,4869,True,BLOCKED,FRAUD
txn_b9996689,user_2914,9865.33,76,108,True,BLOCKED,LEGITIMATE
txn_3b16b39c,user_4522,23605.46,81,495,True,BLOCKED,LEGITIMATE
txn_7a4b4540,user_9908,17067.96,93,5203,True,BLOCKED,FRAUD
txn_e9772648,user_5073,36890.67,92,1195,True,BLOCKED,FRAUD
txn_cef7811a,user_4321,13883.16,87,8651,True,BLOCKED,FRAUD
txn_8a34850a,user_2088,10318.63,90,5736,True,BLOCKED,FRAUD
txn_845d65a5,user_1255,20053.27,85,223,True,BLOCKED,LEGITIMATE
txn_7d77a6dd,user_8893,11799.08,87,7960,True,BLOCKED,FRAUD
txn_6ef6af3c,user_8308,14859.28,65,396,False,BLOCKED,LEGITIMATE
txn_fa5711c1,user_2335,28696.8,88,7414,True,BLOCKED,FRAUD
txn_7e6bdc21,user_3834,17661.92,82,285,True,BLOCKED,LEGITIMATE
txn_7726402c,user_5369,23978.68,76,356,True,BLOCKED,LEGITIMATE
txn_50058faa,user_1458,28027.82,61,126,False,BLOCKED,LEGITIMATE
txn_cbe3a2a1,user_3690,14447.3,89,5146,True,BLOCKED,FRAUD
txn_b8aef55c,user_3380,19893.03,99,3546,True,BLOCKED,FRAUD
txn_54f0d2de,user_3487,49928.26,97,1297,True,BLOCKED,FRAUD
txn_7626eadd,user_8971,14631.8,82,473,False,BLOCKED,LEGITIMATE
txn_0570d54b,user_1250,624.49,89,3131,True,BLOCKED,FRAUD
txn_398ab29d,user_8684,49663.44,89,1889,True,BLOCKED,FRAUD
txn_3809dc85,user_3589,21022.8,94,8345,True,BLOCKED,FRAUD
txn_0b437dc4,user_1310,20977.12,93,3155,True,BLOCKED,FRAUD
txn_ea006a51,user_3379,42848.29,98,6269,True,BLOCKED,FRAUD
txn_a5f9d19c,user_7778,27418.1,95,1286,True,BLOCKED,FRAUD
txn_68ae2ab5,user_5190,747.97,99,5165,True,BLOCKED,FRAUD
txn_5790a8e6,user_1327,40061.33,94,3257,True,BLOCKED,FRAUD
txn_0b280cf2,user_6635,23372.63,97,8440,True,BLOCKED,FRAUD
txn_c0e803e1,user_1150,16880.46,81,446,True,BLOCKED,LEGITIMATE
txn_dbea7636,user_3630,42284.47,95,4679,True,BLOCKED,FRAUD
txn_ad65b418,user_2794,8010.67,96,7899,True,BLOCKED,FRAUD
txn_51559be0,user_2389,623.21,72,103,False,BLOCKED,LEGITIMATE
txn_6b60a134,user_4811,37839.1,87,7446,True,BLOCKED,FRAUD
txn_d6f41f0e,user_3417,25908.09,86,2830,True,BLOCKED,FRAUD
txn_b154b9b2,user_3438,47238.01,88,8083,True,BLOCKED,FRAUD
txn_eb16c212,user_5038,7808.18,94,1275,True,BLOCKED,FRAUD
txn_225a3186,user_8843,37508.45,90,1884,True,BLOCKED,FRAUD
txn_015dd791,user_7199,33170.74,95,1724,True,BLOCKED,FRAUD
txn_8a632ccb,user_2109,42706.78,97,7420,True,BLOCKED,FRAUD
txn_5bda9583,user_6845,26816.71,85,5649,True,BLOCKED,FRAUD
txn_2a6ace42,user_5131,45385.25,98,6577,True,BLOCKED,FRAUD
txn_13b87b76,user_8330,31619.91,97,8439,True,BLOCKED,FRAUD
txn_3341d7dd,user_8019,42801.68,86,1155,True,BLOCKED,FRAUD
txn_6e8092f2,user_5245,39323.42,79,281,False,BLOCKED,LEGITIMATE
txn_565502ec,user_3266,4391.82,97,3096,True,BLOCKED,FRAUD
txn_ea4ae354,user_4944,31144.19,89,7585,True,BLOCKED,FRAUD
txn_83f6f601,user_4588,49549.01,91,1734,True,BLOCKED,FRAUD
txn_2f5cab09,user_3259,38831.49,80,218,False,BLOCKED,LEGITIMATE
txn_4bcc81b0,user_2831,16841.21,81,166,False,BLOCKED,LEGITIMATE
txn_bfafa3f7,user_7446,10134.06,98,7934,True,BLOCKED,FRAUD
txn_08affb0c,user_1602,15532.58,87,3185,True,BLOCKED,FRAUD
txn_79551d2d,user_1949,4110.56,65,353,False,BLOCKED,LEGITIMATE
txn_1dd6c9e2,user_4975,30241.02,67,108,False,BLOCKED,LEGITIMATE
txn_21f14d7c,user_9223,48393.89,72,180,True,BLOCKED,LEGITIMATE
txn_305004ef,user_1070,28588.86,92,3582,True,BLOCKED,FRAUD
txn_4eb9def3,user_5886,47234.34,87,2957,True,BLOCKED,FRAUD
txn_237249aa,user_2679,9543.67,87,2009,True,BLOCKED,FRAUD
txn_b846e7a3,user_5356,25980.11,73,98,False,BLOCKED,LEGITIMATE
txn_95175200,user_9104,47066.09,88,3795,True,BLOCKED,FRAUD
txn_42d1df58,user_2136,8556.62,62,102,False,BLOCKED,LEGITIMATE
txn_4fa9d579,user_7728,42467.34,97,6968,True,BLOCKED,FRAUD
txn_5b7e3720,user_4275,36173.19,94,4834,True,BLOCKED,FRAUD
txn_2b321d27,user_1202,31617.92,68,372,False,BLOCKED,LEGITIMATE
txn_ca579d93,user_3456,28481.18,85,229,False,BLOCKED,LEGITIMATE
txn_b662f138,user_9906,23432.01,76,283,True,BLOCKED,LEGITIMATE
txn_4d03e51f,user_4973,26068.04,89,1215,True,BLOCKED,FRAUD
txn_9f50446c,user_4570,29541.13,94,5207,True,BLOCKED,FRAUD
txn_6d832741,user_9817,33455.35,94,9644,True,BLOCKED,FRAUD
txn_1ff1a910,user_7636,1444.72,94,1765,True,BLOCKED,FRAUD
txn_df31ab22,user_3160,11793.6,95,4482,True,BLOCKED,FRAUD
txn_2e1750b3,user_5849,31989.37,91,7111,True,BLOCKED,FRAUD
txn_a2a73a15,user_4476,28788.88,63,341,True,BLOCKED,LEGITIMATE
txn_11e28498,user_3702,43376.12,97,4750,True,BLOCKED,FRAUD
txn_98bef0b9,user_2547,18743.02,86,9458,True,BLOCKED,FRAUD
txn_bc9c902b,user_7764,8265.98,99,3719,True,BLOCKED,FRAUD
txn_e64e4027,user_3310,16945.98,96,3112,True,BLOCKED,FRAUD
txn_0c43ce6c,user_1283,20188.66,93,9259,True,BLOCKED,FRAUD
txn_d4433d23,user_7077,49340.03,65,53,False,BLOCKED,LEGITIMATE
txn_38d538ed,user_9637,875.33,92,1781,True,BLOCKED,FRAUD
txn_7f589eee,user_1143,37288.25,71,207,False,BLOCKED,LEGITIMATE
txn_5346a48f,user_1577,31178.71,96,7090,True,BLOCKED,FRAUD
txn_134da77b,user_8307,28289.65,93,5056,True,BLOCKED,FRAUD
txn_8cc73b2d,user_2771,8344.43,61,467,False,BLOCKED,LEGITIMATE
txn_66c9b41f,user_8985,12952.95,85,6816,True,BLOCKED,FRAUD
txn_3840e1c1,user_8715,27804.78,85,9319,True,BLOCKED,FRAUD
txn_26bd852b,user_8169,35537.08,85,1752,True,BLOCKED,FRAUD
txn_ec6b8891,user_7342,10572.3,95,3756,True,BLOCKED,FRAUD
txn_26578c32,user_3156,36146.19,98,4606,True,BLOCKED,FRAUD
txn_7466954a,user_7899,29666.38,94,4961,True,BLOCKED,FRAUD
txn_d5058c05,user_3448,49045.45,75,211,True,BLOCKED,LEGITIMATE
txn_8acd247c,user_4697,24514.98,89,3292,True,BLOCKED,FRAUD
txn_9721669a,user_9143,7623.8,94,5065,True,BLOCKED,FRAUD
txn_80c49f6f,user_3705,39063.71,99,5166,True,BLOCKED,FRAUD
txn_1581d3d5,user_7725,34931.85,98,4070,True,BLOCKED,FRAUD
txn_cb568d33,user_3016,6845.27,79,427,False,BLOCKED,LEGITIMATE
txn_9bc25cea,user_2697,46268.22,94,9460,True,BLOCKED,FRAUD
txn_00b800a0,user_2923,32359.24,87,1038,True,BLOCKED,FRAUD
txn_e419af39,user_9819,29833.28,69,207,False,BLOCKED,LEGITIMATE
txn_b7228a6f,user_4067,11072.3,88,7862,True,BLOCKED,FRAUD
txn_eed58bc5,user_5554,25959.43,78,147,False,BLOCKED,LEGITIMATE
txn_ee6a5d94,user_9972,36582.57,97,5772,True,BLOCKED,FRAUD
txn_776862d4,user_3898,33036.67,88,4230,True,BLOCKED,FRAUD
txn_e2a3be0a,user_1789,7540.91,93,8506,True,BLOCKED,FRAUD
txn_e797a0f1,user_9230,30134.14,90,5998,True,BLOCKED,FRAUD
txn_b54936cd,user_9772,33264.14,89,3070,True,BLOCKED,FRAUD
txn_4f4f8200,user_9835,38192.98,93,8352,True,BLOCKED,FRAUD
txn_1ae0d697,user_8841,26700.95,85,4287,True,BLOCKED,FRAUD
txn_8208a8ff,user_5097,13821.93,79,481,True,BLOCKED,LEGITIMATE
txn_d81d9973,user_5885,26991.53,78,186,True,BLOCKED,LEGITIMATE
txn_db056d23,user_9823,22258.45,67,389,False,BLOCKED,LEGITIMATE
txn_6037160b,user_8226,17454.3,86,6868,True,BLOCKED,FRAUD
txn_711b072d,user_4212,1478.79,98,5083,True,BLOCKED,FRAUD
txn_f60c826c,user_2856,29072.19,99,9266,True,BLOCKED,FRAUD
txn_0574b454,user_2211,34423.4,72,236,True,BLOCKED,LEGITIMATE
txn_4644364d,user_8614,21741.84,94,7485,True,BLOCKED,FRAUD
txn_4fe69fd0,user_1060,47960.31,88,9680,True,BLOCKED,FRAUD
txn_49135026,user_9745,43521.97,86,1076,True,BLOCKED,FRAUD
txn_3634ff84,user_7221,23076.7,71,128,False,BLOCKED,LEGITIMATE
txn_556bd0a5,user_1189,26239.27,97,3409,True,BLOCKED,FRAUD
txn_68ea5127,user_8540,12521.59,62,307,True,BLOCKED,LEGITIMATE
txn_9b0fcb6d,user_7501,28087.21,99,2568,True,BLOCKED,FRAUD
txn_30a99f45,user_8793,22429.31,93,5359,True,BLOCKED,FRAUD
txn_4d24b7f6,user_1788,14716.45,96,5723,True,BLOCKED,FRAUD
txn_76a506ee,user_6795,45837.04,62,416,True,BLOCKED,LEGITIMATE
txn_1369bad3,user_4311,41422.39,91,5336,True,BLOCKED,FRAUD
txn_4d953066,user_4311,12499.62,92,1077,True,BLOCKED,FRAUD
txn_699246dd,user_6323,3819.99,86,3215,True,BLOCKED,FRAUD
txn_bcd6f02d,user_7871,3775.68,91,9454,True,BLOCKED,FRAUD
txn_253380e7,user_4155,49488.03,94,9111,True,BLOCKED,FRAUD
txn_7427e0b5,user_8864,24428.11,91,2073,True,BLOCKED,FRAUD
txn_7e42f731,user_4854,20459.02,96,4241,True,BLOCKED,FRAUD
txn_8df6cee0,user_2568,35689.66,62,374,True,BLOCKED,LEGITIMATE
txn_8ee4ee48,user_2433,16773.99,86,6115,True,BLOCKED,FRAUD
txn_b28796c6,user_8291,25944.16,97,3455,True,BLOCKED,FRAUD
txn_34108f50,user_8921,45171.83,97,1190,True,BLOCKED,FRAUD
txn_050bf527,user_2118,14012.82,96,5379,True,BLOCKED,FRAUD
txn_5a25660c,user_9007,36241.42,98,7523,True,BLOCKED,FRAUD
txn_56d72c6d,user_5639,40245.99,96,8591,True,BLOCKED,FRAUD
txn_cef3fca3,user_9953,35961.65,74,164,False,BLOCKED,LEGITIMATE
txn_14b36878,user_5875,30084.21,79,267,False,BLOCKED,LEGITIMATE
txn_deab4c68,user_1044,27175.47,95,2022,True,BLOCKED,FRAUD
txn_4072d830,user_3870,25367.0,83,145,False,BLOCKED,LEGITIMATE
txn_969a6884,user_7320,28334.95,86,4316,True,BLOCKED,FRAUD
txn_9fd50bfc,user_2231,12183.47,93,6214,True,BLOCKED,FRAUD
txn_2d552434,user_1018,36971.71,86,3160,True,BLOCKED,FRAUD
txn_f6bb3f77,user_7356,20775.09,96,4036,True,BLOCKED,FRAUD
txn_d56c2a85,user_4775,44836.19,98,3657,True,BLOCKED,FRAUD
txn_121537a6,user_8187,36692.64,88,1368,True,BLOCKED,FRAUD
txn_c7535f11,user_5060,16299.52,95,1603,True,BLOCKED,FRAUD
txn_54b35d25,user_8091,13799.83,66,450,False,BLOCKED,LEGITIMATE
txn_b60762a6,user_8951,12487.21,77,274,False,BLOCKED,LEGITIMATE
txn_4933aaf3,user_5815,7038.19,89,4693,True,BLOCKED,FRAUD
txn_d5bda04f,user_5857,39275.21,89,7009,True,BLOCKED,FRAUD
txn_626e0422,user_1655,48162.06,92,6360,True,BLOCKED,FRAUD
txn_910434f2,user_2515,11348.42,94,3905,True,BLOCKED,FRAUD
txn_28f10f99,user_7985,4686.36,89,1808,True,BLOCKED,FRAUD
txn_fc00541e,user_6480,19232.67,85,3030,True,BLOCKED,FRAUD
txn_3b2d77d2,user_8986,24800.41,67,91,False,BLOCKED,LEGITIMATE
txn_1562d3bb,user_8869,37928.63,91,7227,True,BLOCKED,FRAUD
txn_d3d7c8a5,user_4571,19732.75,65,134,True,BLOCKED,LEGITIMATE
txn_14083c0c,user_2523,23830.47,95,8334,True,BLOCKED,FRAUD
txn_ce21180a,user_4604,8081.93,75,409,False,BLOCKED,LEGITIMATE
txn_7f38ccf5,user_3528,49200.8,88,6110,True,BLOCKED,FRAUD
txn_36e07c8d,user_9981,7223.33,90,7824,True,BLOCKED,FRAUD
txn_38b9d4c0,user_7450,17674.41,88,2109,True,BLOCKED,FRAUD
txn_24331e8e,user_4030,24203.66,91,9719,True,BLOCKED,FRAUD
txn_b7378be6,user_2877,9692.46,95,7901,True,BLOCKED,FRAUD
txn_d5ba0815,user_1792,28224.71,77,407,False,BLOCKED,LEGITIMATE
txn_6062b7b0,user_4175,41264.01,90,3410,True,BLOCKED,FRAUD
txn_1d9f8268,user_2763,48074.85,64,482,False,BLOCKED,LEGITIMATE
txn_85412be0,user_2143,26632.06,98,3951,True,BLOCKED,FRAUD
txn_a1a19f9d,user_2157,19734.06,93,4487,True,BLOCKED,FRAUD
txn_ed4b6d7d,user_7541,35741.28,71,236,False,BLOCKED,LEGITIMATE
txn_2deea33d,user_5631,41259.65,82,249,False,BLOCKED,LEGITIMATE
txn_22e7a47b,user_9126,44416.0,86,3651,True,BLOCKED,FRAUD
txn_83fd2e98,user_6691,46264.77,85,5201,True,BLOCKED,FRAUD
txn_bdb7eff0,user_1632,24950.55,88,9787,True,BLOCKED,FRAUD
txn_81794abb,user_2055,13618.99,61,495,False,BLOCKED,LEGITIMATE
txn_5318dcd0,user_5066,47256.67,94,7207,True,BLOCKED,FRAUD
txn_8506ecd2,user_6561,37971.1,89,4859,True,BLOCKED,FRAUD
txn_6e2849e8,user_7025,8972.72,66,483,False,BLOCKED,LEGITIMATE
txn_0bc7d98d,user_2926,14923.62,96,3535,True,BLOCKED,FRAUD
txn_a53ee3ff,user_8808,6502.73,97,5332,True,BLOCKED,FRAUD
txn_e7ae82be,user_3652,23208.76,98,9504,True,BLOCKED,FRAUD
txn_f3713f7c,user_2631,7243.55,97,7263,True,BLOCKED,FRAUD
txn_0377febc,user_2607,39421.6,94,7624,True,BLOCKED,FRAUD
txn_e29279f7,user_2375,37651.58,99,5932,True,BLOCKED,FRAUD
txn_e369f588,user_2613,2904.18,76,483,False,BLOCKED,LEGITIMATE
txn_19de2560,user_3873,21387.0,77,176,True,BLOCKED,LEGITIMATE
txn_5beeae9e,user_5997,23900.96,99,8891,True,BLOCKED,FRAUD
txn_781422c7,user_3203,1117.0,92,9481,True,BLOCKED,FRAUD
txn_51c1bf2b,user_8632,44241.83,92,5822,True,BLOCKED,FRAUD
txn_b4e5e96e,user_9678,3759.94,77,185,True,BLOCKED,LEGITIMATE
txn_bc70f8e3,user_5330,36559.55,80,251,True,BLOCKED,LEGITIMATE
txn_78816904,user_7587,42260.29,88,9697,True,BLOCKED,FRAUD
txn_6e8df9d5,user_7354,37791.3,92,1473,True,BLOCKED,FRAUD
txn_728cb22f,user_8148,37177.19,99,5603,True,BLOCKED,FRAUD
txn_0ad30587,user_2997,33693.44,63,314,False,BLOCKED,LEGITIMATE
txn_3b9384f5,user_7786,34450.32,64,174,True,BLOCKED,LEGITIMATE
txn_fd81fcf9,user_6108,13092.05,61,102,False,BLOCKED,LEGITIMATE
txn_bd31c6cd,user_8142,15935.68,80,310,False,BLOCKED,LEGITIMATE
txn_293daaff,user_3725,46987.83,89,1603,True,BLOCKED,FRAUD
txn_fc9c65b0,user_2808,44106.46,95,4699,True,BLOCKED,FRAUD
txn_e4f838d7,user_6163,23659.47,84,368,True,BLOCKED,LEGITIMATE
txn_48b0ad8c,user_3242,5614.54,97,6368,True,BLOCKED,FRAUD
txn_eaf1601e,user_6575,45225.18,85,1500,True,BLOCKED,FRAUD
txn_da24370a,user_2979,38809.24,93,9805,True,BLOCKED,FRAUD
txn_d808a130,user_9996,48807.73,94,8756,True,BLOCKED,FRAUD
txn_3f9473ea,user_8738,13030.27,65,360,False,BLOCKED,LEGITIMATE
txn_933abe5b,user_4689,12949.9,88,4670,True,BLOCKED,FRAUD
txn_a4b84e56,user_6662,40589.38,98,3777,True,BLOCKED,FRAUD
txn_b2ae7177,user_2091,11607.33,92,5149,True,BLOCKED,FRAUD
txn_37b9d5d0,user_8360,29696.95,94,1647,True,BLOCKED,FRAUD
txn_53094b82,user_3234,49815.42,94,3444,True,BLOCKED,FRAUD
txn_05536eed,user_2696,14483.95,76,428,True,BLOCKED,LEGITIMATE
txn_efde7bdc,user_8018,32793.82,74,53,True,BLOCKED,LEGITIMATE
txn_787a0e22,user_1213,3672.81,60,67,False,BLOCKED,LEGITIMATE
txn_55b72d2f,user_1688,2031.41,71,367,True,BLOCKED,LEGITIMATE
txn_a41f4c02,user_6727,37586.96,63,161,False,BLOCKED,LEGITIMATE
txn_ca3598e2,user_6329,14329.97,90,9883,True,BLOCKED,FRAUD
txn_2b9b6522,user_6025,3132.0,94,3260,True,BLOCKED,FRAUD
txn_bbaa9020,user_5150,13061.93,98,1685,True,BLOCKED,FRAUD
txn_771c7f3e,user_3121,43142.14,92,3081,True,BLOCKED,FRAUD
txn_cfb51c57,user_7111,31152.54,95,9361,True,BLOCKED,FRAUD
txn_88c12da7,user_1853,40910.36,90,6198,True,BLOCKED,FRAUD
txn_f807ee11,user_1890,8971.72,85,9914,True,BLOCKED,FRAUD
txn_d61ad703,user_5703,43885.5,89,6353,True,BLOCKED,FRAUD
txn_f47d8818,user_1431,5242.36,74,363,True,BLOCKED,LEGITIMATE
txn_f49a6235,user_2736,1907.55,96,1821,True,BLOCKED,FRAUD
txn_64e7ee58,user_2784,41167.83,94,8553,True,BLOCKED,FRAUD
txn_50965f19,user_1388,9367.57,64,333,True,BLOCKED,LEGITIMATE
txn_554a05aa,user_9810,36640.68,61,279,False,BLOCKED,LEGITIMATE
txn_8d649e63,user_6011,49148.49,96,1442,True,BLOCKED,FRAUD
txn_1cc544ff,user_1012,24486.23,98,6610,True,BLOCKED,FRAUD
txn_4ce9dff6,user_4242,30472.23,85,3487,True,BLOCKED,FRAUD
txn_1bdedc6b,user_1183,37161.92,72,71,True,BLOCKED,LEGITIMATE
txn_0b94a345,user_4400,37419.39,86,3403,True,BLOCKED,FRAUD
txn_34c3d457,user_9556,35206.77,76,219,True,BLOCKED,LEGITIMATE
txn_2ed005ec,user_3919,8047.8,85,2421,True,BLOCKED,FRAUD
txn_7edb9529,user_1526,43597.39,61,166,True,BLOCKED,LEGITIMATE
txn_b6cbdfdf,user_4748,43755.65,96,2909,True,BLOCKED,FRAUD
txn_6604db7a,user_5666,48062.45,99,4412,True,BLOCKED,FRAUD
txn_6bb26777,user_6424,48035.58,86,5717,True,BLOCKED,FRAUD
txn_4891ecb3,user_1214,22718.02,86,8413,True,BLOCKED,FRAUD
txn_2f87b377,user_6857,5305.63,86,9857,True,BLOCKED,FRAUD
txn_7808eb7a,user_9636,37361.48,83,340,False,BLOCKED,LEGITIMATE
txn_bea4b593,user_7421,28786.67,96,8826,True,BLOCKED,FRAUD
txn_59519cec,user_1108,46800.84,99,2580,True,BLOCKED,FRAUD
txn_b2a0a4e3,user_8915,33635.39,93,1312,True,BLOCKED,FRAUD
txn_7649c0ac,user_8588,4822.6,83,142,False,BLOCKED,LEGITIMATE
txn_78b688bc,user_4954,20505.94,90,7726,True,BLOCKED,FRAUD
txn_62aaf1bb,user_3295,47943.22,90,4667,True,BLOCKED,FRAUD
txn_9bf3e322,user_3891,23441.88,97,7737,True,BLOCKED,FRAUD
txn_b0394f52,user_6865,36564.59,64,383,False,BLOCKED,LEGITIMATE
txn_5ef4c0d9,user_9850,45285.38,87,8993,True,BLOCKED,FRAUD
txn_a06e95d7,user_7000,48229.49,96,2635,True,BLOCKED,FRAUD
txn_09aa49dd,user_3229,16243.01,93,6836,True,BLOCKED,FRAUD
txn_8c6d4710,user_7298,39765.07,90,5091,True,BLOCKED,FRAUD
txn_8f4d61bb,user_1777,43002.91,91,9699,True,BLOCKED,FRAUD
txn_fe120cda,user_5392,23829.29,88,2084,True,BLOCKED,FRAUD
txn_2f9208bc,user_1900,17806.88,83,222,False,BLOCKED,LEGITIMATE
txn_de06bdc1,user_5875,42747.16,93,7151,True,BLOCKED,FRAUD
txn_f2086ef7,user_1138,12754.07,85,355,False,BLOCKED,LEGITIMATE
txn_e2e03e18,user_4145,17435.69,87,4986,True,BLOCKED,FRAUD
txn_6a29a9c8,user_8545,9224.83,96,1910,True,BLOCKED,FRAUD
txn_6ac94fc9,user_5824,10129.72,82,54,False,BLOCKED,LEGITIMATE
txn_23d22538,user_5371,12618.18,89,7905,True,BLOCKED,FRAUD
txn_151881ff,user_1586,2839.45,90,1189,True,BLOCKED,FRAUD
txn_be1f66e0,user_3573,43072.71,73,249,True,BLOCKED,LEGITIMATE
txn_5384ddf0,user_8738,43792.88,86,3359,True,BLOCKED,FRAUD
txn_c710a504,user_4879,10171.59,92,3001,True,BLOCKED,FRAUD
txn_bd25eaca,user_7387,2225.43,86,5749,True,BLOCKED,FRAUD
txn_90b31313,user_8421,2360.41,90,7590,True,BLOCKED,FRAUD
txn_91e594fc,user_1202,49793.26,96,3325,True,BLOCKED,FRAUD
txn_1b086c1a,user_3941,40098.73,97,9785,True,BLOCKED,FRAUD
txn_f49158e5,user_8976,26570.17,90,7707,True,BLOCKED,FRAUD
txn_0c44da9c,user_7450,12048.84,90,4519,True,BLOCKED,FRAUD
txn_076c2923,user_6150,38287.83,97,2457,True,BLOCKED,FRAUD
txn_b9e648cb,user_8627,23149.78,99,8632,True,BLOCKED,FRAUD
txn_5f69ba85,user_3817,41320.98,85,3766,True,BLOCKED,FRAUD
txn_208ea393,user_8521,23360.64,85,4888,True,BLOCKED,FRAUD
txn_d07e34fa,user_3821,39029.69,89,2528,True,BLOCKED,FRAUD
txn_525358eb,user_7754,34274.54,85,94,True,BLOCKED,LEGITIMATE
txn_36aa1100,user_1644,41140.35,85,8850,True,BLOCKED,FRAUD
txn_e04c678d,user_4013,962.66,67,314,False,BLOCKED,LEGITIMATE
txn_127ccb6c,user_8260,41436.72,88,6515,True,BLOCKED,FRAUD
txn_2612becf,user_3838,37647.88,99,5813,True,BLOCKED,FRAUD
txn_e1e6c111,user_4900,15686.96,96,7716,True,BLOCKED,FRAUD
txn_aac9d012,user_9392,6950.71,97,9461,True,BLOCKED,FRAUD
txn_99718359,user_1743,49868.0,97,5112,True,BLOCKED,FRAUD
txn_53091515,user_5008,21566.05,64,438,False,BLOCKED,LEGITIMATE
txn_62b4bd81,user_5983,9591.11,88,6457,True,BLOCKED,FRAUD
txn_d1d7f456,user_5983,38402.17,68,310,False,BLOCKED,LEGITIMATE
txn_7d02e149,user_9633,39037.54,70,104,False,BLOCKED,LEGITIMATE
txn_6e4ef8bb,user_8520,18767.1,97,3781,True,BLOCKED,FRAUD
txn_0aafac03,user_5991,13760.28,62,496,True,BLOCKED,LEGITIMATE
txn_0374a6d8,user_4733,35855.74,60,491,False,BLOCKED,LEGITIMATE
txn_e6479851,user_7984,26354.93,99,9837,True,BLOCKED,FRAUD
txn_7b8b779a,user_5219,33031.72,92,9418,True,BLOCKED,FRAUD
txn_e9196805,user_3035,21163.6,92,8171,True,BLOCKED,FRAUD
txn_bdbc8f2b,user_7791,47249.19,68,258,False,BLOCKED,LEGITIMATE
txn_d8a6b90d,user_7883,20111.35,96,1257,True,BLOCKED,FRAUD
txn_8f4f42f1,user_3099,37229.18,94,2609,True,BLOCKED,FRAUD
txn_28102369,user_7926,39755.27,86,5018,True,BLOCKED,FRAUD
txn_7ab2c2ec,user_6623,27155.04,85,7677,True,BLOCKED,FRAUD
txn_15723ad7,user_6335,1286.3,97,3238,True,BLOCKED,FRAUD
txn_30589185,user_5448,9172.07,89,1220,True,BLOCKED,FRAUD
txn_fcbd3fa1,user_7689,37093.17,87,9665,True,BLOCKED,FRAUD
txn_dca2d393,user_3232,11535.15,98,5012,True,BLOCKED,FRAUD
txn_0fcea1f5,user_9137,7245.16,93,1972,True,BLOCKED,FRAUD
txn_fde38ed2,user_5122,31222.71,72,438,False,BLOCKED,LEGITIMATE
txn_933026d4,user_6968,28727.96,94,5404,True,BLOCKED,FRAUD
txn_d73a2b2c,user_2665,20686.58,98,4078,True,BLOCKED,FRAUD
txn_76407090,user_5758,40754.85,87,3832,True,BLOCKED,FRAUD
txn_78622355,user_7711,43369.16,89,3841,True,BLOCKED,FRAUD
txn_9b89b183,user_7271,7284.71,99,9558,True,BLOCKED,FRAUD
txn_581ded74,user_8684,35216.41,62,169,False,BLOCKED,LEGITIMATE
txn_fcbad73f,user_4461,9015.44,75,103,True,BLOCKED,LEGITIMATE
txn_e70fd561,user_6162,35608.16,88,7403,True,BLOCKED,FRAUD
txn_321d735b,user_2624,46394.53,64,99,True,BLOCKED,LEGITIMATE
txn_e8ab2e63,user_4228,12304.41,63,368,False,BLOCKED,LEGITIMATE
txn_3aba4ade,user_9984,45383.72,91,8068,True,BLOCKED,FRAUD
txn_ecb2d736,user_9737,23212.15,95,5928,True,BLOCKED,FRAUD
txn_85fe9488,user_5299,25286.92,98,9708,True,BLOCKED,FRAUD
txn_5a70a547,user_1751,7734.83,79,475,False,BLOCKED,LEGITIMATE
txn_9b245cb3,user_5766,34870.5,73,50,True,BLOCKED,LEGITIMATE
txn_553ccb00,user_5958,9780.95,95,6730,True,BLOCKED,FRAUD
txn_24bfb990,user_4403,22680.12,66,261,False,BLOCKED,LEGITIMATE
txn_e9546c1e,user_7155,45379.02,88,6111,True,BLOCKED,FRAUD
txn_c333fe03,user_2761,14435.41,90,9609,True,BLOCKED,FRAUD
txn_5a814a9a,user_9961,37649.28,98,5739,True,BLOCKED,FRAUD
txn_06e8462a,user_7704,49159.2,96,6219,True,BLOCKED,FRAUD
txn_5ee3cf57,user_2974,39556.27,86,3535,True,BLOCKED,FRAUD
txn_c3f47e61,user_7524,22281.52,85,8393,True,BLOCKED,FRAUD
txn_c5e6a6bc,user_5982,14222.72,72,161,True,BLOCKED,LEGITIMATE
txn_3676b09e,user_7076,23167.63,87,3768,True,BLOCKED,FRAUD
txn_842f6b32,user_2065,30526.51,85,6595,True,BLOCKED,FRAUD
txn_e452e664,user_3831,846.68,89,1094,True,BLOCKED,FRAUD
txn_c2d07c12,user_8011,17666.79,93,2935,True,BLOCKED,FRAUD
txn_85c498a2,user_8558,47905.31,93,8634,True,BLOCKED,FRAUD
txn_6bdc296a,user_1026,3215.02,94,1478,True,BLOCKED,FRAUD
txn_e41fdbf3,user_8855,20327.68,68,365,True,BLOCKED,LEGITIMATE
txn_9566d0f3,user_2549,26419.17,94,3890,True,BLOCKED,FRAUD
txn_119554d4,user_7288,42453.89,77,111,False,BLOCKED,LEGITIMATE
txn_74c0e0a5,user_7592,25570.45,74,296,False,BLOCKED,LEGITIMATE
txn_16401d2f,user_2425,5153.62,78,355,True,BLOCKED,LEGITIMATE
txn_02623679,user_2903,35019.19,63,60,True,BLOCKED,LEGITIMATE
txn_8ab1cd7a,user_3712,5698.84,91,1835,True,BLOCKED,FRAUD
txn_e3b60e5e,user_7627,24410.84,87,3803,True,BLOCKED,FRAUD
txn_c6fd828c,user_1391,3735.01,92,3098,True,BLOCKED,FRAUD
txn_dcb662e0,user_4696,6331.8,99,9764,True,BLOCKED,FRAUD
txn_e58e7bdb,user_6527,15538.79,90,2671,True,BLOCKED,FRAUD
txn_44eade44,user_8517,16987.56,92,6052,True,BLOCKED,FRAUD
txn_fbb8f667,user_3799,35671.57,97,5844,True,BLOCKED,FRAUD
txn_d59e6416,user_6059,45874.38,99,1399,True,BLOCKED,FRAUD
txn_62e01295,user_2800,49045.42,84,217,True,BLOCKED,LEGITIMATE
txn_95733fec,user_8255,24533.83,67,264,False,BLOCKED,LEGITIMATE
txn_cb87a9f4,user_5512,21123.47,89,5034,True,BLOCKED,FRAUD
txn_065bab99,user_3254,44744.5,99,2125,True,BLOCKED,FRAUD
txn_aa388b38,user_9035,46658.44,95,3043,True,BLOCKED,FRAUD
txn_9d330a62,user_6758,38910.13,97,4410,True,BLOCKED,FRAUD
txn_79494f0c,user_1201,34200.49,93,9178,True,BLOCKED,FRAUD
txn_c154497e,user_3613,17709.52,87,3032,True,BLOCKED,FRAUD
txn_6f02da7c,user_3587,21970.12,92,2182,True,BLOCKED,FRAUD
txn_a402af0c,user_3865,49825.39,75,426,True,BLOCKED,LEGITIMATE
txn_4b3c671a,user_5295,36260.85,97,2132,True,BLOCKED,FRAUD
txn_1eaa21d7,user_4284,11443.26,77,136,True,BLOCKED,LEGITIMATE
txn_2b09f28a,user_3447,9465.29,65,81,False,BLOCKED,LEGITIMATE
txn_61805a05,user_8552,42515.79,64,321,False,BLOCKED,LEGITIMATE
txn_5acc1941,user_3659,4385.48,84,266,False,BLOCKED,LEGITIMATE
txn_428b8a61,user_9399,8010.98,88,8313,True,BLOCKED,FRAUD
txn_631fefb7,user_5078,4868.79,87,2387,True,BLOCKED,FRAUD
txn_15c10bd7,user_1612,28281.73,90,3240,True,BLOCKED,FRAUD
txn_180fe134,user_3738,7625.5,67,241,True,BLOCKED,LEGITIMATE
txn_400045f2,user_3914,17148.09,99,5879,True,BLOCKED,FRAUD
txn_27f61130,user_3612,15745.61,99,7051,True,BLOCKED,FRAUD
txn_e72119cc,user_1817,2923.44,88,4721,True,BLOCKED,FRAUD
txn_a2568cbb,user_2908,26646.47,82,264,False,BLOCKED,LEGITIMATE
txn_ee32a064,user_4147,23987.04,92,8548,True,BLOCKED,FRAUD
txn_b60e7ac6,user_5687,41019.46,92,8451,True,BLOCKED,FRAUD
txn_030e926d,user_4087,49456.08,94,7632,True,BLOCKED,FRAUD
txn_e1d17715,user_6929,36745.14,76,375,True,BLOCKED,LEGITIMATE
txn_4e0f3aeb,user_8684,46358.2,99,6639,True,BLOCKED,FRAUD
txn_02b730f5,user_8825,46052.36,74,60,True,BLOCKED,LEGITIMATE
txn_8186f750,user_6528,12118.77,88,1216,True,BLOCKED,FRAUD
txn_b44f474f,user_5774,29051.64,99,3595,True,BLOCKED,FRAUD
txn_7aa63a97,user_9261,30708.83,98,9513,True,BLOCKED,FRAUD
txn_a3c3aa1d,user_6102,36884.78,93,6853,True,BLOCKED,FRAUD
txn_910ac203,user_2621,39023.41,61,174,False,BLOCKED,LEGITIMATE
txn_dd1ff3b7,user_7847,16219.76,65,103,False,BLOCKED,LEGITIMATE
txn_c539fead,user_3059,19118.09,95,9883,True,BLOCKED,FRAUD
txn_391bd9a7,user_6335,42971.05,92,6826,True,BLOCKED,FRAUD
txn_28d43baa,user_7010,9750.16,87,6367,True,BLOCKED,FRAUD
txn_d2256e41,user_6773,19615.14,86,6272,True,BLOCKED,FRAUD
txn_c727c28e,user_9679,19870.55,72,468,True,BLOCKED,LEGITIMATE
txn_99d0637b,user_6286,21158.92,94,6297,True,BLOCKED,FRAUD
txn_4445cd0e,user_7895,15016.43,92,9252,True,BLOCKED,FRAUD
txn_13969708,user_4895,7479.99,87,5643,True,BLOCKED,FRAUD
txn_b0a28a46,user_4948,30886.52,92,1417,True,BLOCKED,FRAUD
txn_c90fa98a,user_9050,32131.29,94,8920,True,BLOCKED,FRAUD
txn_276e7687,user_9167,45921.89,64,284,False,BLOCKED,LEGITIMATE
txn_65fa0449,user_9675,35004.78,92,8571,True,BLOCKED,FRAUD
txn_665b2314,user_4065,49311.38,88,6874,True,BLOCKED,FRAUD
txn_0ecb8eca,user_7264,25256.38,96,8918,True,BLOCKED,FRAUD
txn_88f59227,user_2802,24622.92,93,3866,True,BLOCKED,FRAUD
txn_9465781f,user_1348,27583.68,89,5230,True,BLOCKED,FRAUD
txn_a98e9bcc,user_9082,29769.66,89,8675,True,BLOCKED,FRAUD
txn_0e7de61e,user_7648,25943.79,98,9967,True,BLOCKED,FRAUD
txn_b5664e09,user_4705,14594.75,76,274,True,BLOCKED,LEGITIMATE
txn_29935f2a,user_2429,27664.75,92,4524,True,BLOCKED,FRAUD
txn_e5b6b5de,user_1205,8229.15,61,318,True,BLOCKED,LEGITIMATE
txn_1b5d43a0,user_5465,23446.35,85,98,False,BLOCKED,LEGITIMATE
txn_889d1a16,user_3493,25820.88,74,204,False,BLOCKED,LEGITIMATE
txn_c21e1157,user_7470,7006.92,97,1713,True,BLOCKED,FRAUD
txn_26bdca63,user_7369,21581.22,97,3616,True,BLOCKED,FRAUD
txn_aa8696e0,user_7907,39229.59,90,8933,True,BLOCKED,FRAUD
txn_04466237,user_6417,42212.39,68,164,True,BLOCKED,LEGITIMATE
txn_732cb272,user_2397,3213.83,85,1538,True,BLOCKED,FRAUD
txn_2660a79d,user_3102,44451.8,75,113,True,BLOCKED,LEGITIMATE
txn_84a252b7,user_9478,17261.91,88,8618,True,BLOCKED,FRAUD
txn_c412c46e,user_8361,20388.77,95,8957,True,BLOCKED,FRAUD
txn_46c12752,user_4338,20065.58,94,6069,True,BLOCKED,FRAUD
txn_7a24ce47,user_3996,40037.86,94,6393,True,BLOCKED,FRAUD
txn_082169a2,user_8826,37970.59,95,3832,True,BLOCKED,FRAUD
txn_eb0c06d0,user_5716,29625.74,83,452,False,BLOCKED,LEGITIMATE
txn_e6c8e7a3,user_3361,9758.18,93,9160,True,BLOCKED,FRAUD
txn_f82e7db4,user_1128,16341.74,89,3338,True,BLOCKED,FRAUD
txn_05f2d92d,user_4859,43157.3,90,6966,True,BLOCKED,FRAUD
txn_bf29d556,user_2792,22929.69,98,9480,True,BLOCKED,FRAUD
txn_13f8e3d7,user_5857,39495.07,95,9783,True,BLOCKED,FRAUD
txn_fb560e6e,user_8758,12973.3,96,7585,True,BLOCKED,FRAUD
txn_f405d3ab,user_9903,33120.79,86,1091,True,BLOCKED,FRAUD
txn_8db2a6d8,user_8346,28997.51,91,4799,True,BLOCKED,FRAUD
txn_8500f709,user_1277,7490.8,87,6872,True,BLOCKED,FRAUD
txn_cae57a92,user_6089,34858.38,60,110,True,BLOCKED,LEGITIMATE
txn_28e933bf,user_8798,3080.09,90,8974,True,BLOCKED,FRAUD
txn_9b1964b4,user_7105,30187.13,70,486,True,BLOCKED,LEGITIMATE
txn_5622a260,user_7344,37950.55,66,253,False,BLOCKED,LEGITIMATE
txn_4e854b23,user_3048,16941.44,95,2779,True,BLOCKED,FRAUD
txn_a007cfcc,user_2039,21056.51,72,60,True,BLOCKED,LEGITIMATE
txn_f9901a54,user_8644,39266.55,89,4666,True,BLOCKED,FRAUD
txn_04808572,user_7069,32805.91,96,9575,True,BLOCKED,FRAUD
txn_d05ad57c,user_6509,36323.34,87,6702,True,BLOCKED,FRAUD
txn_9041c45c,user_3342,49709.43,91,9833,True,BLOCKED,FRAUD
txn_4f9d53fe,user_3118,2541.25,90,2022,True,BLOCKED,FRAUD
txn_b15a7c52,user_6840,46538.02,80,194,False,BLOCKED,LEGITIMATE
txn_a48ec25a,user_9009,26824.08,93,1741,True,BLOCKED,FRAUD
txn_aec77dda,user_1989,37090.61,96,8781,True,BLOCKED,FRAUD
txn_12c5923d,user_5929,20123.22,82,471,True,BLOCKED,LEGITIMATE
txn_99615314,user_3692,5628.34,60,347,True,BLOCKED,LEGITIMATE
txn_50f06b09,user_4505,24564.61,95,1002,True,BLOCKED,FRAUD
txn_bbab95d0,user_1893,1905.35,87,4296,True,BLOCKED,FRAUD
txn_6c259365,user_3503,34640.4,83,253,True,BLOCKED,LEGITIMATE
txn_55a822e0,user_4402,38003.36,96,2386,True,BLOCKED,FRAUD
txn_cebc9c10,user_9819,16526.06,78,56,True,BLOCKED,LEGITIMATE
txn_0b8de55e,user_7030,9122.27,95,9961,True,BLOCKED,FRAUD
txn_12866e63,user_8620,40331.34,89,1034,True,BLOCKED,FRAUD
txn_f85b0209,user_9358,46885.46,88,7871,True,BLOCKED,FRAUD
txn_f938fac0,user_1220,10367.31,73,320,False,BLOCKED,LEGITIMATE
txn_5ee1408a,user_6951,41220.6,74,451,False,BLOCKED,LEGITIMATE
txn_bbce6897,user_1419,18814.2,95,1152,True,BLOCKED,FRAUD
txn_5a01fa72,user_8270,44908.1,90,9642,True,BLOCKED,FRAUD
txn_f1b06096,user_4677,15405.48,83,285,True,BLOCKED,LEGITIMATE
txn_c0b76dd7,user_4502,13781.94,99,5147,True,BLOCKED,FRAUD
txn_ea85e21d,user_7116,49859.02,83,151,True,BLOCKED,LEGITIMATE
txn_be2cd08a,user_2958,43925.34,86,3547,True,BLOCKED,FRAUD
txn_cb670c58,user_7416,11460.15,60,389,True,BLOCKED,LEGITIMATE
txn_02805f09,user_6480,15574.74,86,7911,True,BLOCKED,FRAUD
txn_1dabbc4c,user_8880,1270.7,97,9300,True,BLOCKED,FRAUD
txn_5906f8f4,user_2766,22789.68,62,406,True,BLOCKED,LEGITIMATE
txn_a04dcb42,user_4421,14713.83,97,6324,True,BLOCKED,FRAUD
txn_6db68eaa,user_9118,12476.63,93,6766,True,BLOCKED,FRAUD
txn_b6a9e9ae,user_1711,3210.41,82,164,False,BLOCKED,LEGITIMATE
txn_642bf0af,user_8015,25684.81,77,294,False,BLOCKED,LEGITIMATE
txn_0c0bf1c4,user_2458,15989.68,94,8072,True,BLOCKED,FRAUD
txn_7c58a45d,user_3666,13866.13,62,466,False,BLOCKED,LEGITIMATE
txn_bf37fe9c,user_2253,38844.11,69,285,False,BLOCKED,LEGITIMATE
txn_e7ad6f65,user_1625,35651.12,92,3020,True,BLOCKED,FRAUD
txn_14ebb350,user_9307,42898.14,87,2300,True,BLOCKED,FRAUD
txn_d295d6e8,user_7291,17989.43,88,9655,True,BLOCKED,FRAUD
txn_85543260,user_7793,4591.09,93,1000,True,BLOCKED,FRAUD
txn_770a4ead,user_8910,7218.86,72,57,False,BLOCKED,LEGITIMATE
txn_9d538c63,user_1767,35103.62,67,476,True,BLOCKED,LEGITIMATE
txn_b2455a62,user_2069,29243.21,94,2011,True,BLOCKED,FRAUD
txn_61c7adb6,user_3147,6102.01,91,7471,True,BLOCKED,FRAUD
txn_784f8fa2,user_1611,42275.12,94,4151,True,BLOCKED,FRAUD
txn_380f1629,user_6794,1600.53,93,8721,True,BLOCKED,FRAUD
txn_8f9887ef,user_4450,9541.75,88,9545,True,BLOCKED,FRAUD
txn_1a0a8df5,user_6024,1063.55,76,325,False,BLOCKED,LEGITIMATE
txn_fc39a355,user_7686,41287.6,94,8850,True,BLOCKED,FRAUD
txn_cab33f6a,user_7101,15364.93,89,9612,True,BLOCKED,FRAUD
txn_67027e3f,user_9543,40467.65,73,108,True,BLOCKED,LEGITIMATE
txn_e20cf84f,user_6914,32498.49,83,89,False,BLOCKED,LEGITIMATE
txn_8ba87379,user_6146,37697.89,79,366,True,BLOCKED,LEGITIMATE
txn_133dd565,user_5090,47888.67,86,6315,True,BLOCKED,FRAUD
txn_c376beb0,user_2130,19482.78,60,365,True,BLOCKED,LEGITIMATE
txn_e493e64b,user_9821,14930.75,82,460,False,BLOCKED,LEGITIMATE
txn_b89b62a0,user_5844,46203.39,88,6059,True,BLOCKED,FRAUD
txn_53ad37f9,user_2183,4174.55,75,381,False,BLOCKED,LEGITIMATE
txn_c57a631e,user_2706,43722.67,98,1035,True,BLOCKED,FRAUD
txn_f83913fb,user_5046,8960.74,66,383,True,BLOCKED,LEGITIMATE
txn_db65cdfb,user_6402,16718.18,88,5793,True,BLOCKED,FRAUD
txn_1d946759,user_8822,29386.85,98,1731,True,BLOCKED,FRAUD
txn_504ff81e,user_1952,21906.97,66,240,False,BLOCKED,LEGITIMATE
txn_fe779863,user_6880,36084.33,89,1249,True,BLOCKED,FRAUD
txn_bf7256ab,user_6943,39957.19,90,8567,True,BLOCKED,FRAUD
txn_471e69d3,user_5858,36007.81,89,2879,True,BLOCKED,FRAUD
txn_68e429fd,user_3921,6562.72,85,2887,True,BLOCKED,FRAUD
txn_664e4227,user_4877,39165.76,89,1885,True,BLOCKED,FRAUD
txn_c3848b8b,user_6768,35972.06,67,111,True,BLOCKED,LEGITIMATE
txn_f427b9ac,user_4378,49894.43,98,1251,True,BLOCKED,FRAUD
txn_eefafee8,user_1927,29435.89,92,4668,True,BLOCKED,FRAUD
txn_10f1ce2c,user_8239,20378.2,98,6217,True,BLOCKED,FRAUD
txn_8b86e2ca,user_5820,13489.51,64,377,False,BLOCKED,LEGITIMATE
txn_bac962dc,user_4748,25040.76,94,2087,True,BLOCKED,FRAUD
txn_775d8ca4,user_4607,33636.17,99,4795,True,BLOCKED,FRAUD
txn_5629b1b0,user_8011,5889.13,75,62,False,BLOCKED,LEGITIMATE
txn_1d20a9b1,user_4883,27507.78,88,9397,True,BLOCKED,FRAUD
txn_da582ad1,user_5747,28393.54,92,8082,True,BLOCKED,FRAUD
txn_72389315,user_7777,27637.69,95,1754,True,BLOCKED,FRAUD
txn_84d42c42,user_2262,26730.81,76,273,True,BLOCKED,LEGITIMATE
txn_526b5e16,user_2313,42555.61,78,450,True,BLOCKED,LEGITIMATE
txn_ee5108f3,user_3274,11777.51,88,1861,True,BLOCKED,FRAUD
txn_a9fa1e7c,user_8556,49433.6,76,319,False,BLOCKED,LEGITIMATE
txn_6a63e955,user_2449,22045.86,63,198,False,BLOCKED,LEGITIMATE
txn_a8b8945e,user_1822,5427.73,93,2080,True,BLOCKED,FRAUD
txn_18e7ec96,user_1036,2338.95,90,5626,True,BLOCKED,FRAUD
txn_924a1be9,user_3287,31749.01,95,7509,True,BLOCKED,FRAUD
txn_e8f48dc9,user_1491,17690.98,97,3075,True,BLOCKED,FRAUD
txn_77ee8800,user_9015,19972.8,97,6952,True,BLOCKED,FRAUD
txn_3d37e5d9,user_7938,49804.41,80,341,False,BLOCKED,LEGITIMATE
txn_07cef8f4,user_7778,30478.7,79,176,False,BLOCKED,LEGITIMATE
txn_3084126c,user_2106,18057.93,90,2456,True,BLOCKED,FRAUD
txn_1b10bf2d,user_7308,25188.57,87,1734,True,BLOCKED,FRAUD
txn_4f5ca2ba,user_6665,23403.16,94,6529,True,BLOCKED,FRAUD
txn_8c5c5b42,user_6707,28684.45,88,1427,True,BLOCKED,FRAUD
txn_ad34ca0b,user_5035,17021.84,97,8964,True,BLOCKED,FRAUD
txn_94137636,user_2263,16794.96,65,124,False,BLOCKED,LEGITIMATE
txn_15440088,user_4123,29488.01,89,5402,True,BLOCKED,FRAUD
txn_9dfbffd1,user_3212,2740.46,90,3331,True,BLOCKED,FRAUD
txn_3fe628b0,user_2715,10323.69,73,460,False,BLOCKED,LEGITIMATE
txn_8dd9e823,user_4341,21680.6,97,8242,True,BLOCKED,FRAUD
txn_087d36f2,user_3640,41252.08,92,7831,True,BLOCKED,FRAUD
txn_e79d823d,user_4397,38685.76,70,148,True,BLOCKED,LEGITIMATE
txn_f39e4745,user_1154,49294.94,95,6501,True,BLOCKED,FRAUD
txn_d34e53f8,user_2403,10932.49,96,1455,True,BLOCKED,FRAUD
txn_8952fba9,user_4679,40285.42,90,3938,True,BLOCKED,FRAUD
txn_084b3b00,user_3546,42582.51,85,4335,True,BLOCKED,FRAUD
txn_3e6ddbcb,user_8685,30930.93,87,7479,True,BLOCKED,FRAUD
txn_c696c01d,user_2299,45921.63,90,3563,True,BLOCKED,FRAUD
txn_754250f8,user_1654,40400.58,85,5439,True,BLOCKED,FRAUD
txn_ce72dcc2,user_3013,14758.6,97,4295,True,BLOCKED,FRAUD
txn_f7af519c,user_1558,14232.69,92,1643,True,BLOCKED,FRAUD
txn_a91c61cc,user_5118,42788.8,85,5984,True,BLOCKED,FRAUD
txn_28cfee16,user_1493,31563.14,86,8863,True,BLOCKED,FRAUD
txn_d1685087,user_8399,40847.32,97,7279,True,BLOCKED,FRAUD
txn_8a71a671,user_4118,15987.61,95,6453,True,BLOCKED,FRAUD
txn_b20983ed,user_7730,14026.23,88,7653,True,BLOCKED,FRAUD
txn_3afe1c53,user_3590,45913.91,85,9471,True,BLOCKED,FRAUD
txn_3e01aa01,user_8231,39962.81,85,8389,True,BLOCKED,FRAUD
txn_17f7bd7e,user_1310,13329.92,98,3820,True,BLOCKED,FRAUD
txn_93af32c6,user_5283,1070.23,98,6239,True,BLOCKED,FRAUD
txn_e6f9515d,user_4719,543.8,63,172,False,BLOCKED,LEGITIMATE
txn_a59b821e,user_8934,18433.48,90,3383,True,BLOCKED,FRAUD
txn_2bebb401,user_7187,3220.34,92,2754,True,BLOCKED,FRAUD
txn_ab47d0c4,user_2678,40164.14,85,2454,True,BLOCKED,FRAUD
txn_7ccecab1,user_4692,32441.98,95,5672,True,BLOCKED,FRAUD
txn_1f7f982d,user_6725,16148.58,76,278,False,BLOCKED,LEGITIMATE
txn_144e0d7f,user_2915,888.03,96,1531,True,BLOCKED,FRAUD
txn_ec0d50a4,user_4239,39677.56,62,202,False,BLOCKED,LEGITIMATE
txn_361fc99b,user_3323,5284.69,93,6332,True,BLOCKED,FRAUD
txn_5254dc1e,user_5222,48755.92,88,6923,True,BLOCKED,FRAUD
txn_f18aa869,user_1236,43082.08,89,3422,True,BLOCKED,FRAUD
txn_95c09d43,user_1123,10428.2,97,4306,True,BLOCKED,FRAUD
txn_2a27af36,user_2154,8535.55,85,184,True,BLOCKED,LEGITIMATE
txn_6029075e,user_7537,21565.67,91,6792,True,BLOCKED,FRAUD
txn_4ad83983,user_8545,26002.22,93,5471,True,BLOCKED,FRAUD
txn_2cb1faae,user_6934,32966.04,94,8842,True,BLOCKED,FRAUD
txn_e7f5c4a2,user_4054,35172.31,60,476,True,BLOCKED,LEGITIMATE
txn_9f15b818,user_8598,33988.14,65,229,True,BLOCKED,LEGITIMATE
txn_3b7af509,user_5047,26885.71,77,114,False,BLOCKED,LEGITIMATE
txn_0c46ffb0,user_6660,16772.21,98,7184,True,BLOCKED,FRAUD
txn_05192f8c,user_9235,47444.24,95,4454,True,BLOCKED,FRAUD
txn_5e2a4a97,user_2408,23901.18,95,9270,True,BLOCKED,FRAUD
txn_207d61ae,user_5396,47328.36,90,7355,True,BLOCKED,FRAUD
txn_7bbe0fc5,user_5881,25232.92,76,462,True,BLOCKED,LEGITIMATE
txn_8172e25c,user_2199,24162.9,93,6867,True,BLOCKED,FRAUD
txn_722c7254,user_2543,23722.55,87,8831,True,BLOCKED,FRAUD
txn_7d2f7eaf,user_9817,46789.41,96,7837,True,BLOCKED,FRAUD
txn_68ba7a8c,user_7769,12959.96,98,9111,True,BLOCKED,FRAUD
txn_71f47f62,user_2544,28298.67,88,1562,True,BLOCKED,FRAUD
txn_3a9c2e40,user_1247,9547.57,91,4874,True,BLOCKED,FRAUD
txn_e0c6e478,user_6218,32379.5,92,7178,True,BLOCKED,FRAUD
txn_e54b5864,user_6279,8069.25,93,5977,True,BLOCKED,FRAUD
txn_c809d5f1,user_6893,3256.15,90,5381,True,BLOCKED,FRAUD
txn_be01ce81,user_5391,7642.19,76,312,False,BLOCKED,LEGITIMATE
txn_fa572e4c,user_9921,1341.01,93,1411,True,BLOCKED,FRAUD
txn_cdcf0f9e,user_3953,6411.94,89,8466,True,BLOCKED,FRAUD
txn_1d29d25e,user_2825,4686.17,91,8412,True,BLOCKED,FRAUD
txn_45901ee2,user_3976,24762.53,87,8281,True,BLOCKED,FRAUD
txn_0db4ab56,user_6195,6984.72,79,300,True,BLOCKED,LEGITIMATE
txn_9342f685,user_4349,49462.01,92,9471,True,BLOCKED,FRAUD
txn_dd43dba6,user_2578,25202.4,86,5212,True,BLOCKED,FRAUD
txn_2cbfd85a,user_3742,18979.68,86,8612,True,BLOCKED,FRAUD
txn_c87ffcb4,user_5262,45945.56,87,4631,True,BLOCKED,FRAUD
txn_08c78072,user_5088,18771.07,96,1154,True,BLOCKED,FRAUD
txn_21c10ec3,user_7204,17400.49,86,1516,True,BLOCKED,FRAUD
txn_def30176,user_9733,20208.83,95,7284,True,BLOCKED,FRAUD
txn_8a692f4e,user_3107,3751.0,99,8844,True,BLOCKED,FRAUD
txn_a51efef1,user_6153,46579.01,91,1489,True,BLOCKED,FRAUD
txn_2846b8cd,user_2978,21579.07,96,7157,True,BLOCKED,FRAUD
txn_f03f6570,user_6792,23365.76,85,5791,True,BLOCKED,FRAUD
txn_01284120,user_7405,33899.44,80,344,True,BLOCKED,LEGITIMATE
txn_4c22a792,user_4753,29595.95,75,472,True,BLOCKED,LEGITIMATE
txn_019ad173,user_8732,43761.14,89,1220,True,BLOCKED,FRAUD
txn_54a25fd8,user_9157,24694.65,71,76,True,BLOCKED,LEGITIMATE
txn_e213e8f7,user_1528,1860.86,76,77,True,BLOCKED,LEGITIMATE
txn_6101e4c0,user_9917,19381.81,90,1866,True,BLOCKED,FRAUD
txn_bd56e89b,user_3109,14201.59,96,9253,True,BLOCKED,FRAUD
txn_049586d1,user_5170,29834.56,92,4280,True,BLOCKED,FRAUD
txn_54f2471f,user_6313,39161.05,85,77,False,BLOCKED,LEGITIMATE
txn_0eaf0491,user_7798,16928.47,92,4444,True,BLOCKED,FRAUD
txn_0137dbf8,user_1567,14736.7,71,133,True,BLOCKED,LEGITIMATE
txn_2f564f8a,user_3581,6405.48,79,151,True,BLOCKED,LEGITIMATE
txn_71ef7eaf,user_4801,39455.91,93,3583,True,BLOCKED,FRAUD
txn_4b56d83d,user_1342,31931.89,91,1678,True,BLOCKED,FRAUD
txn_a9ed9236,user_4852,48479.0,74,228,True,BLOCKED,LEGITIMATE
txn_35b1a689,user_2550,997.16,94,2440,True,BLOCKED,FRAUD
txn_7dc9e454,user_1397,17161.81,95,5129,True,BLOCKED,FRAUD
txn_fcb4d9f3,user_8110,10617.23,98,6642,True,BLOCKED,FRAUD
txn_2e4f6ec9,user_9907,16753.71,87,1370,True,BLOCKED,FRAUD
txn_278bd4fb,user_3283,16820.98,99,3212,True,BLOCKED,FRAUD
txn_b4303225,user_9581,5347.87,95,5096,True,BLOCKED,FRAUD
txn_16f77daf,user_7785,29721.16,64,155,True,BLOCKED,LEGITIMATE
txn_987402b5,user_4668,19332.82,94,2042,True,BLOCKED,FRAUD
txn_0232784f,user_3779,3864.58,84,355,False,BLOCKED,LEGITIMATE
txn_dd8341b3,user_9610,21267.29,83,172,True,BLOCKED,LEGITIMATE
txn_af9b527c,user_7571,17144.46,87,2052,True,BLOCKED,FRAUD
txn_3567ccdb,user_7373,48998.87,86,5906,True,BLOCKED,FRAUD
txn_1e008134,user_7380,12416.04,78,497,False,BLOCKED,LEGITIMATE
txn_3e31dd4e,user_9305,11178.41,79,349,False,BLOCKED,LEGITIMATE
txn_295e3aaa,user_4340,8411.31,86,1113,True,BLOCKED,FRAUD
txn_589faa10,user_7249,22871.12,91,3765,True,BLOCKED,FRAUD
txn_b4d3d863,user_3949,500.19,95,5250,True,BLOCKED,FRAUD
txn_b8198530,user_9811,8746.89,88,7445,True,BLOCKED,FRAUD
txn_430ec769,user_7378,36421.92,86,3205,True,BLOCKED,FRAUD
txn_18feb3ba,user_9905,32828.63,65,66,True,BLOCKED,LEGITIMATE
txn_dde9b0df,user_6161,30995.86,86,8661,True,BLOCKED,FRAUD
txn_7a13e6e6,user_3208,36539.51,93,9004,True,BLOCKED,FRAUD
txn_df003e67,user_6745,45408.55,86,7969,True,BLOCKED,FRAUD
txn_aed3102d,user_9208,16653.29,89,6305,True,BLOCKED,FRAUD
txn_f8ed8d90,user_5121,33209.17,87,1023,True,BLOCKED,FRAUD
txn_28e73563,user_3252,18146.5,62,415,False,BLOCKED,LEGITIMATE
txn_808df847,user_1138,33467.04,97,7377,True,BLOCKED,FRAUD
txn_150944fa,user_1142,45247.84,90,8815,True,BLOCKED,FRAUD
txn_ce1e2d64,user_7877,6705.85,94,5206,True,BLOCKED,FRAUD
txn_afb787fd,user_8463,17192.78,90,5086,True,BLOCKED,FRAUD
txn_374dfe27,user_4051,19431.4,62,180,True,BLOCKED,LEGITIMATE
txn_42583ba4,user_2268,19424.72,95,3954,True,BLOCKED,FRAUD
txn_883924b3,user_3400,41182.32,78,462,False,BLOCKED,LEGITIMATE
txn_9b583a85,user_6956,31364.29,85,5243,True,BLOCKED,FRAUD
txn_fce4aedd,user_4817,33834.93,87,6177,True,BLOCKED,FRAUD
txn_820c2011,user_8507,29196.01,89,9432,True,BLOCKED,FRAUD
txn_0b444aa6,user_6060,22501.88,99,6218,True,BLOCKED,FRAUD
txn_b57397aa,user_8138,24352.08,86,6292,True,BLOCKED,FRAUD
txn_8fdc8e04,user_1415,25963.32,94,9027,True,BLOCKED,FRAUD
txn_9c55408f,user_6808,47668.59,87,8076,True,BLOCKED,FRAUD
txn_71f8b465,user_8388,6836.77,97,1234,True,BLOCKED,FRAUD
txn_d9458dd1,user_4392,16261.35,77,459,False,BLOCKED,LEGITIMATE
txn_6a926466,user_9462,10415.31,65,134,True,BLOCKED,LEGITIMATE
txn_98aecab8,user_3402,1157.98,99,7322,True,BLOCKED,FRAUD
txn_7a02b08f,user_9908,40937.08,88,7970,True,BLOCKED,FRAUD
txn_a78d8d91,user_8461,8207.09,71,482,False,BLOCKED,LEGITIMATE
txn_770dd843,user_2286,20672.78,68,95,False,BLOCKED,LEGITIMATE
txn_66465a1d,user_7762,9111.47,98,6220,True,BLOCKED,FRAUD
txn_bf05ee40,user_7403,3366.12,93,3379,True,BLOCKED,FRAUD
txn_fe6b5953,user_2365,3209.36,99,1158,True,BLOCKED,FRAUD
txn_d078bd08,user_6790,14716.19,75,463,True,BLOCKED,LEGITIMATE
txn_150ce1f3,user_9845,17640.82,97,7678,True,BLOCKED,FRAUD
txn_a5160680,user_4375,41152.71,90,9931,True,BLOCKED,FRAUD
txn_70e63e3a,user_4721,19171.21,67,324,True,BLOCKED,LEGITIMATE
txn_b26bd0e0,user_9995,33938.58,89,6610,True,BLOCKED,FRAUD
txn_0494b94b,user_3359,37586.33,88,7804,True,BLOCKED,FRAUD
txn_19c00a2e,user_5838,29615.46,79,373,True,BLOCKED,LEGITIMATE
txn_5330b2c1,user_4087,3130.81,63,214,False,BLOCKED,LEGITIMATE
txn_dbf36e52,user_5572,34617.81,98,7722,True,BLOCKED,FRAUD
txn_6b176589,user_7242,15926.0,94,9295,True,BLOCKED,FRAUD
txn_da44e53b,user_8406,24935.09,93,4332,True,BLOCKED,FRAUD
txn_97d5acc2,user_1062,40087.19,78,274,False,BLOCKED,LEGITIMATE
txn_68c15aac,user_4918,15708.16,95,3503,True,BLOCKED,FRAUD
txn_eff62d2b,user_8646,21662.67,87,5582,True,BLOCKED,FRAUD
txn_906af0d0,user_6955,27116.84,90,6438,True,BLOCKED,FRAUD
txn_bb75a90c,user_2624,39887.24,87,2232,True,BLOCKED,FRAUD
txn_7b133021,user_2816,16111.12,90,1014,True,BLOCKED,FRAUD
txn_98f21877,user_4021,42052.61,86,5905,True,BLOCKED,FRAUD
txn_e0d278a6,user_9283,33855.6,89,3538,True,BLOCKED,FRAUD
txn_03cf5b17,user_5488,33501.69,96,2520,True,BLOCKED,FRAUD
txn_f06cf8e0,user_1248,16545.6,87,3589,True,BLOCKED,FRAUD
txn_a074018e,user_8804,49638.89,76,470,True,BLOCKED,LEGITIMATE
txn_f8d337d6,user_5527,43822.65,94,5001,True,BLOCKED,FRAUD
txn_b7063619,user_4899,29982.29,75,500,True,BLOCKED,LEGITIMATE
txn_fe5cc837,user_9548,45652.94,90,5969,True,BLOCKED,FRAUD
txn_060ddcce,user_6740,7234.38,89,9339,True,BLOCKED,FRAUD
txn_dea3506b,user_2508,40136.14,63,247,True,BLOCKED,LEGITIMATE
txn_8c0ed763,user_3586,35689.58,91,1058,True,BLOCKED,FRAUD
txn_fe4618aa,user_6149,18357.29,96,9674,True,BLOCKED,FRAUD
txn_80a1c790,user_5073,49723.52,93,5187,True,BLOCKED,FRAUD
txn_58340039,user_7708,5828.13,92,9682,True,BLOCKED,FRAUD
txn_91dde0e9,user_8707,23901.17,60,494,True,BLOCKED,LEGITIMATE
txn_cd736024,user_4280,27242.25,60,193,True,BLOCKED,LEGITIMATE
txn_8652ec23,user_4683,43227.44,99,3038,True,BLOCKED,FRAUD
txn_b713c638,user_6893,40433.13,83,254,False,BLOCKED,LEGITIMATE
txn_7e4000f5,user_1978,11341.27,86,2852,True,BLOCKED,FRAUD
txn_033e0507,user_3156,22753.07,77,211,True,BLOCKED,LEGITIMATE
txn_02c550de,user_2482,49447.81,96,3711,True,BLOCKED,FRAUD
txn_61d75ef3,user_1755,44267.76,99,3034,True,BLOCKED,FRAUD
txn_14e6c423,user_5603,47620.04,91,4716,True,BLOCKED,FRAUD
txn_9ac276d2,user_8009,34332.4,61,196,True,BLOCKED,LEGITIMATE
txn_b1bafee0,user_7311,41499.36,88,4197,True,BLOCKED,FRAUD
txn_cff01c19,user_4963,29660.21,91,9576,True,BLOCKED,FRAUD
txn_eab21731,user_9965,37143.73,95,4813,True,BLOCKED,FRAUD
txn_c2beb52c,user_3935,1033.76,98,8860,True,BLOCKED,FRAUD
txn_c1bf5a50,user_4205,4692.53,92,4713,True,BLOCKED,FRAUD
txn_883607f0,user_9716,23873.45,79,498,True,BLOCKED,LEGITIMATE
txn_956d34a9,user_5793,49845.65,89,3097,True,BLOCKED,FRAUD
txn_306e1e31,user_9483,30372.07,90,3413,True,BLOCKED,FRAUD
txn_75289e7b,user_5891,3701.67,72,455,True,BLOCKED,LEGITIMATE
txn_5f7058a4,user_2162,12712.29,85,7368,True,BLOCKED,FRAUD
txn_3523a76d,user_8481,35779.08,80,259,True,BLOCKED,LEGITIMATE
txn_401a96ce,user_5920,2292.78,91,4975,True,BLOCKED,FRAUD
txn_231efe24,user_9342,24208.18,88,4731,True,BLOCKED,FRAUD
txn_02c2cc59,user_5185,34891.9,62,346,False,BLOCKED,LEGITIMATE
txn_48e19238,user_2907,15873.3,60,475,False,BLOCKED,LEGITIMATE
txn_22b1ae12,user_6080,18727.87,93,1936,True,BLOCKED,FRAUD
txn_fb5ce2c7,user_9100,4134.27,99,9848,True,BLOCKED,FRAUD
txn_2cd7519f,user_4888,41157.73,61,146,False,BLOCKED,LEGITIMATE
txn_7db03c55,user_9429,4270.14,88,8418,True,BLOCKED,FRAUD
txn_7dbbb8f5,user_1565,41206.75,66,80,False,BLOCKED,LEGITIMATE
txn_aa52895d,user_8158,47750.32,85,8964,True,BLOCKED,FRAUD
txn_ded7a05a,user_7518,42427.72,98,8136,True,BLOCKED,FRAUD
txn_7a7ea852,user_9044,45273.71,89,6952,True,BLOCKED,FRAUD
txn_6927aebf,user_7631,40482.71,80,409,True,BLOCKED,LEGITIMATE
txn_1729bae2,user_3217,2652.8,86,5577,True,BLOCKED,FRAUD
txn_a257dd17,user_5458,45820.28,97,8380,True,BLOCKED,FRAUD
txn_66d5e648,user_3289,12211.8,88,9548,True,BLOCKED,FRAUD
txn_b7be67fd,user_3828,15374.21,97,1795,True,BLOCKED,FRAUD
txn_1816d765,user_3921,37459.09,76,490,True,BLOCKED,LEGITIMATE
txn_0802f301,user_5178,19171.04,82,287,False,BLOCKED,LEGITIMATE
txn_fa4a886a,user_4977,11174.93,96,3737,True,BLOCKED,FRAUD
txn_2064a31b,user_6432,20318.42,63,352,False,BLOCKED,LEGITIMATE
txn_6886166e,user_3997,39798.43,93,1065,True,BLOCKED,FRAUD
txn_0a4cccfe,user_8832,32087.67,87,8866,True,BLOCKED,FRAUD
txn_98425cab,user_6857,44919.12,87,7397,True,BLOCKED,FRAUD
txn_84a562b1,user_3209,19578.98,94,1345,True,BLOCKED,FRAUD
txn_e4f6db26,user_2608,30799.1,62,186,True,BLOCKED,LEGITIMATE
txn_b0dcf7a4,user_2419,28492.32,68,233,False,BLOCKED,LEGITIMATE
txn_f625e95b,user_3527,28904.28,85,7038,True,BLOCKED,FRAUD
txn_2de486bc,user_5108,32642.7,98,6057,True,BLOCKED,FRAUD
txn_d6e95a3b,user_3666,5284.64,82,207,False,BLOCKED,LEGITIMATE
txn_b779a1b8,user_6136,4740.51,91,5820,True,BLOCKED,FRAUD
txn_273a6ac4,user_4208,40783.84,97,6561,True,BLOCKED,FRAUD
txn_bd0dffcf,user_4238,9381.5,99,3395,True,BLOCKED,FRAUD
txn_b0348fe3,user_5446,30800.23,83,369,True,BLOCKED,LEGITIMATE
txn_4117c104,user_5799,35237.85,93,5315,True,BLOCKED,FRAUD
txn_422ed48a,user_8040,10180.21,95,9084,True,BLOCKED,FRAUD
txn_2ec3174a,user_2929,20609.75,65,298,False,BLOCKED,LEGITIMATE
txn_8e5e720a,user_8933,8582.51,98,5750,True,BLOCKED,FRAUD
txn_c175018c,user_4582,1536.07,99,1819,True,BLOCKED,FRAUD
txn_79e84500,user_8027,15022.35,87,6431,True,BLOCKED,FRAUD
txn_949e3320,user_6913,45445.8,92,4941,True,BLOCKED,FRAUD
txn_6cd6f9c1,user_9894,18014.9,94,6914,True,BLOCKED,FRAUD
txn_a614fdb5,user_5335,41997.41,85,1079,True,BLOCKED,FRAUD
txn_3f2d3518,user_1761,7187.52,64,110,True,BLOCKED,LEGITIMATE
txn_f2dfcf83,user_8039,24090.28,69,60,True,BLOCKED,LEGITIMATE
txn_6ec8b814,user_4545,16268.86,87,5852,True,BLOCKED,FRAUD
txn_2b74fa18,user_9739,16614.58,94,6146,True,BLOCKED,FRAUD
txn_75099488,user_4355,11916.3,91,1809,True,BLOCKED,FRAUD
txn_3e2ddb88,user_4383,22268.71,85,3087,True,BLOCKED,FRAUD
txn_39df12fb,user_9368,49742.53,70,52,False,BLOCKED,LEGITIMATE
txn_706c9624,user_3890,738.26,65,330,False,BLOCKED,LEGITIMATE
txn_11317541,user_3369,20939.4,96,4313,True,BLOCKED,FRAUD
txn_312e139f,user_7280,7937.31,88,3238,True,BLOCKED,FRAUD
txn_53e7112b,user_9722,40772.26,86,7711,True,BLOCKED,FRAUD
txn_4e837cda,user_9358,48848.68,94,1514,True,BLOCKED,FRAUD
txn_064a08df,user_6178,42899.49,61,346,False,BLOCKED,LEGITIMATE
txn_5906a3b4,user_8367,8100.11,96,9150,True,BLOCKED,FRAUD
txn_499b13ec,user_9227,37985.64,95,3120,True,BLOCKED,FRAUD
txn_69cc1585,user_3251,43978.69,98,5709,True,BLOCKED,FRAUD
txn_c724a374,user_2443,9127.78,84,270,False,BLOCKED,LEGITIMATE
txn_870fe392,user_1461,2795.9,83,330,False,BLOCKED,LEGITIMATE
txn_a780b27d,user_2222,36413.99,94,2142,True,BLOCKED,FRAUD
txn_0347c5f9,user_4263,42679.07,90,9925,True,BLOCKED,FRAUD
txn_e67a0ade,user_9480,26304.34,83,356,False,BLOCKED,LEGITIMATE
txn_e32bd09c,user_2093,39296.53,87,8273,True,BLOCKED,FRAUD
txn_fe844837,user_1016,28610.26,85,435,True,BLOCKED,LEGITIMATE
txn_e7645ad9,user_6609,7272.4,99,5490,True,BLOCKED,FRAUD
txn_44c1c4df,user_6884,44864.24,98,6388,True,BLOCKED,FRAUD
txn_37b73154,user_6717,572.14,69,313,False,BLOCKED,LEGITIMATE
txn_c43adf1c,user_3356,45346.34,70,86,True,BLOCKED,LEGITIMATE
txn_ef7a5d9c,user_4184,36492.76,66,339,False,BLOCKED,LEGITIMATE
txn_300f6417,user_5539,29099.33,84,129,False,BLOCKED,LEGITIMATE
txn_22ba9f7e,user_9567,33151.53,89,8461,True,BLOCKED,FRAUD
txn_2ce0f600,user_9850,27121.53,85,1378,True,BLOCKED,FRAUD
txn_8331bfc7,user_8835,28268.84,88,3353,True,BLOCKED,FRAUD
txn_001687e0,user_5800,40055.94,87,4248,True,BLOCKED,FRAUD
txn_df8ded4d,user_2524,18125.25,94,2559,True,BLOCKED,FRAUD
txn_ceb5a451,user_6161,8856.19,97,7774,True,BLOCKED,FRAUD
txn_d60bf982,user_4691,10252.53,77,414,False,BLOCKED,LEGITIMATE
txn_7074b207,user_2414,31979.16,86,1044,True,BLOCKED,FRAUD
txn_29f2cdeb,user_4557,41318.61,87,7100,True,BLOCKED,FRAUD
txn_d7a2bca4,user_1905,47573.52,75,295,False,BLOCKED,LEGITIMATE
txn_ea2425c1,user_6210,48421.35,89,4345,True,BLOCKED,FRAUD
txn_1e92e062,user_3625,47647.72,91,7485,True,BLOCKED,FRAUD
txn_20bebfd1,user_5993,23997.68,95,2029,True,BLOCKED,FRAUD
txn_127b3b64,user_6512,45420.95,76,337,False,BLOCKED,LEGITIMATE
txn_6f835a16,user_7905,1851.37,89,9212,True,BLOCKED,FRAUD
txn_13813bb9,user_9289,14166.37,98,9354,True,BLOCKED,FRAUD
txn_3a029c6a,user_6969,17244.98,74,174,True,BLOCKED,LEGITIMATE
txn_2016fe7b,user_1432,45707.09,96,3688,True,BLOCKED,FRAUD
txn_a4643165,user_3594,16867.97,93,9136,True,BLOCKED,FRAUD
txn_6323dfb3,user_6995,33314.78,96,3922,True,BLOCKED,FRAUD
txn_a67c22c5,user_7265,34999.79,92,1259,True,BLOCKED,FRAUD
txn_8add0b51,user_2573,9826.93,82,206,True,BLOCKED,LEGITIMATE
txn_3c656cf0,user_4314,28657.41,85,7784,True,BLOCKED,FRAUD
txn_bca15846,user_1619,42935.47,90,3294,True,BLOCKED,FRAUD
txn_7e670b68,user_2812,9020.95,85,51,True,BLOCKED,LEGITIMATE
txn_c37de7d0,user_9822,34822.1,97,1628,True,BLOCKED,FRAUD
txn_6e7b86cf,user_2440,45354.98,70,252,False,BLOCKED,LEGITIMATE
txn_17d18440,user_2801,6445.14,85,3483,True,BLOCKED,FRAUD
txn_6f96e46f,user_4568,22723.78,66,296,True,BLOCKED,LEGITIMATE
txn_26b4c316,user_8501,12753.96,92,5624,True,BLOCKED,FRAUD
txn_927b3f6b,user_9447,2080.55,93,7727,True,BLOCKED,FRAUD
txn_6a28c215,user_7167,18649.47,88,2719,True,BLOCKED,FRAUD
txn_84585f90,user_8847,19057.32,94,9427,True,BLOCKED,FRAUD
txn_0a790fb7,user_1316,42897.34,94,4735,True,BLOCKED,FRAUD
txn_d64e1296,user_6278,25537.43,70,79,False,BLOCKED,LEGITIMATE
txn_7741366c,user_6221,24030.66,83,152,False,BLOCKED,LEGITIMATE
txn_f5705bae,user_3637,29146.75,82,326,True,BLOCKED,LEGITIMATE
txn_9fc597e5,user_2710,13516.68,86,4995,True,BLOCKED,FRAUD
txn_fd231fd2,user_4508,18863.68,99,8478,True,BLOCKED,FRAUD
txn_ddfe086a,user_1154,13980.18,97,1547,True,BLOCKED,FRAUD
txn_6ed8bfc7,user_2237,20251.79,94,7835,True,BLOCKED,FRAUD
txn_75f83ccd,user_8806,27610.2,87,6844,True,BLOCKED,FRAUD
txn_172a9d46,user_2673,2211.56,97,3268,True,BLOCKED,FRAUD
txn_4cf5b520,user_4097,43030.65,65,194,True,BLOCKED,LEGITIMATE
txn_144e5384,user_4149,27269.42,90,9435,True,BLOCKED,FRAUD
txn_576bafd2,user_3681,37990.73,96,2618,True,BLOCKED,FRAUD
txn_11d6824e,user_5897,13884.76,85,84,False,BLOCKED,LEGITIMATE
txn_15447c63,user_5227,33498.3,73,68,False,BLOCKED,LEGITIMATE
txn_1433e673,user_7506,43657.32,65,476,False,BLOCKED,LEGITIMATE
txn_8496475f,user_2338,10127.91,88,2447,True,BLOCKED,FRAUD
txn_a9ce8190,user_8680,24137.22,65,208,True,BLOCKED,LEGITIMATE
txn_1d076d02,user_9895,7315.36,90,7818,True,BLOCKED,FRAUD
txn_ebfc209a,user_2566,17582.43,92,5385,True,BLOCKED,FRAUD
txn_c5630eb5,user_3063,16960.37,95,8154,True,BLOCKED,FRAUD
txn_267a1d7e,user_9965,41473.18,76,322,False,BLOCKED,LEGITIMATE
txn_dc8d4e60,user_9002,20943.08,88,5114,True,BLOCKED,FRAUD
txn_76a9d5b8,user_4763,20862.81,93,4503,True,BLOCKED,FRAUD
txn_3b67ab0a,user_1895,11065.06,94,8382,True,BLOCKED,FRAUD
txn_669127a5,user_8056,27432.86,85,5958,True,BLOCKED,FRAUD
txn_6b15111f,user_2127,15515.91,94,8204,True,BLOCKED,FRAUD
txn_7af3e81b,user_4071,9968.96,92,2963,True,BLOCKED,FRAUD
txn_b81425f3,user_6625,25062.0,91,7017,True,BLOCKED,FRAUD
txn_c10b0e24,user_4709,26982.33,86,2516,True,BLOCKED,FRAUD
txn_bab0bcee,user_6998,15532.97,88,9976,True,BLOCKED,FRAUD
txn_5e04a4c7,user_5963,8995.74,64,107,True,BLOCKED,LEGITIMATE
txn_3c47c95f,user_5521,28016.87,87,4177,True,BLOCKED,FRAUD
txn_d8a86384,user_9105,8641.19,93,8439,True,BLOCKED,FRAUD
txn_94557395,user_7779,40982.46,89,3403,True,BLOCKED,FRAUD
txn_96842d69,user_9523,7874.16,89,9897,True,BLOCKED,FRAUD
txn_affd6a26,user_2726,24474.13,67,200,False,BLOCKED,LEGITIMATE
txn_2ea084a6,user_9418,33030.47,89,4193,True,BLOCKED,FRAUD
txn_1f094d9f,user_6356,6071.9,80,305,True,BLOCKED,LEGITIMATE
txn_bec2a2cb,user_3578,8996.8,90,2018,True,BLOCKED,FRAUD
txn_e606788b,user_4642,25841.57,89,1589,True,BLOCKED,FRAUD
txn_05b3c10a,user_8989,9823.28,96,1597,True,BLOCKED,FRAUD
txn_ceb9c607,user_7536,45793.8,74,326,True,BLOCKED,LEGITIMATE
txn_2298fba0,user_4566,21397.69,99,4203,True,BLOCKED,FRAUD
txn_c4c76648,user_2723,24458.81,88,3147,True,BLOCKED,FRAUD
txn_cd37a56c,user_2392,49480.87,63,115,False,BLOCKED,LEGITIMATE
txn_cc5ea616,user_8606,29077.17,96,5980,True,BLOCKED,FRAUD
txn_38c15b46,user_9839,7897.94,85,148,True,BLOCKED,LEGITIMATE
txn_2c59bb25,user_7443,39909.3,85,152,False,BLOCKED,LEGITIMATE
txn_e5d977f1,user_9761,41127.71,80,200,False,BLOCKED,LEGITIMATE
txn_2a1400b5,user_9575,42865.82,70,449,True,BLOCKED,LEGITIMATE
txn_e7273d5f,user_6756,18039.25,98,4130,True,BLOCKED,FRAUD
txn_0306a16d,user_9869,22693.84,90,1008,True,BLOCKED,FRAUD
txn_7e74c95b,user_8282,35123.64,91,1474,True,BLOCKED,FRAUD
txn_2193bc89,user_4156,24475.12,98,4405,True,BLOCKED,FRAUD
txn_6d7eb7fc,user_6790,1422.87,91,5681,True,BLOCKED,FRAUD
txn_4ac12785,user_5709,40891.34,89,3282,True,BLOCKED,FRAUD
txn_f396b15d,user_4762,22964.88,64,65,True,BLOCKED,LEGITIMATE
txn_28d9c010,user_4447,39648.98,86,4471,True,BLOCKED,FRAUD
txn_0a51c925,user_1376,38466.03,85,3847,True,BLOCKED,FRAUD
txn_8f73090b,user_2894,22234.33,98,2000,True,BLOCKED,FRAUD
txn_55a7ad90,user_3742,15348.29,81,188,True,BLOCKED,LEGITIMATE
txn_5696e067,user_6701,15095.73,68,313,True,BLOCKED,LEGITIMATE
txn_08ecf1e4,user_4642,47120.59,88,7525,True,BLOCKED,FRAUD
txn_7d5c6dde,user_2411,20896.95,94,1046,True,BLOCKED,FRAUD
txn_34658a33,user_3557,22131.74,60,130,True,BLOCKED,LEGITIMATE
txn_bf4a5091,user_7054,4652.9,86,8478,True,BLOCKED,FRAUD
txn_c4c897c2,user_6759,46434.5,89,5840,True,BLOCKED,FRAUD
txn_f6d70dc4,user_1886,21927.26,88,9582,True,BLOCKED,FRAUD
txn_2ccfe156,user_7850,30494.56,90,5390,True,BLOCKED,FRAUD
txn_9c7f5fb0,user_7579,32801.13,61,268,False,BLOCKED,LEGITIMATE
txn_73738dcd,user_7454,40012.69,85,1940,True,BLOCKED,FRAUD
txn_92741452,user_4611,13106.39,82,288,True,BLOCKED,LEGITIMATE
txn_4c0e755d,user_6544,28654.99,76,242,True,BLOCKED,LEGITIMATE
txn_d5744a67,user_9746,46916.83,90,3490,True,BLOCKED,FRAUD
txn_19c71d0a,user_7100,26527.62,93,6954,True,BLOCKED,FRAUD
txn_62a70977,user_3982,17884.28,97,3344,True,BLOCKED,FRAUD
txn_28b4c1e9,user_3829,34048.51,91,8507,True,BLOCKED,FRAUD
txn_43697976,user_9592,11949.33,86,7918,True,BLOCKED,FRAUD
txn_173a510a,user_2719,29124.91,93,6619,True,BLOCKED,FRAUD
txn_f18e1fd1,user_6891,23008.13,99,9320,True,BLOCKED,FRAUD
txn_f98de364,user_4462,41778.89,91,5042,True,BLOCKED,FRAUD
txn_d3448df1,user_9954,10214.3,92,4883,True,BLOCKED,FRAUD
txn_8d7f2c87,user_2697,18515.08,91,3689,True,BLOCKED,FRAUD
txn_c3164abe,user_1553,35494.12,99,2656,True,BLOCKED,FRAUD
txn_de7a58e8,user_7260,39872.05,86,9992,True,BLOCKED,FRAUD
txn_f1b8bf7c,user_4639,34516.43,96,9688,True,BLOCKED,FRAUD
txn_9e266737,user_1395,28697.89,97,6959,True,BLOCKED,FRAUD
txn_d71754bb,user_8906,2728.25,80,228,True,BLOCKED,LEGITIMATE
txn_69de7267,user_5260,45534.84,85,9695,True,BLOCKED,FRAUD
txn_f0c46098,user_4239,27910.66,72,183,True,BLOCKED,LEGITIMATE
txn_2184a58c,user_4458,16267.24,94,6917,True,BLOCKED,FRAUD
txn_318f54dc,user_5445,12079.42,81,218,False,BLOCKED,LEGITIMATE
txn_99cb6acc,user_1322,35483.56,73,391,False,BLOCKED,LEGITIMATE
txn_c6c0ef4a,user_6921,11068.13,97,2978,True,BLOCKED,FRAUD
txn_e59a9e72,user_9275,34235.33,85,2656,True,BLOCKED,FRAUD
txn_d2941152,user_7615,46102.44,98,9919,True,BLOCKED,FRAUD
txn_263ff728,user_4577,28908.21,91,1071,True,BLOCKED,FRAUD
txn_ba58ba28,user_5582,5453.3,81,131,True,BLOCKED,LEGITIMATE
txn_3d8c5f05,user_9075,26810.84,61,177,True,BLOCKED,LEGITIMATE
txn_fb89d963,user_3838,38449.96,89,9106,True,BLOCKED,FRAUD
txn_cb1cbc57,user_7902,42403.47,89,1593,True,BLOCKED,FRAUD
txn_9a71961c,user_4433,16635.69,91,4963,True,BLOCKED,FRAUD
txn_090cfcbb,user_3512,21809.46,73,84,False,BLOCKED,LEGITIMATE
txn_0720cca4,user_2830,13714.94,86,4053,True,BLOCKED,FRAUD
txn_30171711,user_6595,39299.13,98,9854,True,BLOCKED,FRAUD
txn_4bbdfda6,user_3577,15779.18,96,6346,True,BLOCKED,FRAUD
txn_99c31bea,user_5616,18632.46,89,4409,True,BLOCKED,FRAUD
txn_6dbba4db,user_3011,6989.74,80,270,False,BLOCKED,LEGITIMATE
txn_de57f83b,user_4463,12413.74,94,7078,True,BLOCKED,FRAUD
txn_340bb56a,user_9386,15357.58,71,447,True,BLOCKED,LEGITIMATE
txn_15bb2bc2,user_8885,17954.06,90,9676,True,BLOCKED,FRAUD
txn_3015c29e,user_9347,14737.15,72,185,True,BLOCKED,LEGITIMATE
txn_3b6e1893,user_3794,28549.36,93,3745,True,BLOCKED,FRAUD
txn_5a02fcb3,user_4542,39367.82,68,105,False,BLOCKED,LEGITIMATE
txn_6148838e,user_6500,47674.94,89,6612,True,BLOCKED,FRAUD
txn_c902fc84,user_6740,25418.56,85,53,False,BLOCKED,LEGITIMATE
txn_df6633bf,user_3170,5354.13,89,8499,True,BLOCKED,FRAUD
txn_060f77ec,user_2970,46871.23,99,3472,True,BLOCKED,FRAUD
txn_cb5b9768,user_4570,616.89,85,2353,True,BLOCKED,FRAUD
txn_ca986e72,user_9580,20980.42,93,7831,True,BLOCKED,FRAUD
txn_dde9f568,user_2072,42099.34,87,5572,True,BLOCKED,FRAUD
txn_549c1046,user_3381,21085.43,88,4500,True,BLOCKED,FRAUD
txn_0e94e6bc,user_8581,29552.44,90,2265,True,BLOCKED,FRAUD
txn_200308cd,user_5340,14443.91,93,6577,True,BLOCKED,FRAUD
txn_3553b2ce,user_9712,35154.68,60,446,False,BLOCKED,LEGITIMATE
txn_a751fb32,user_6574,35009.75,94,2743,True,BLOCKED,FRAUD
txn_8f021a30,user_9288,9684.33,78,131,True,BLOCKED,LEGITIMATE
txn_befcf43d,user_9522,41421.14,96,9304,True,BLOCKED,FRAUD
txn_1b9a3f98,user_7565,29868.42,94,2185,True,BLOCKED,FRAUD
txn_5340792e,user_7775,35700.71,90,2564,True,BLOCKED,FRAUD
txn_b67bc417,user_4787,8086.51,60,345,True,BLOCKED,LEGITIMATE
txn_324f3e35,user_7547,12835.69,89,8537,True,BLOCKED,FRAUD
txn_fcbac726,user_2604,43177.99,89,4326,True,BLOCKED,FRAUD
txn_08d8c797,user_3324,16169.79,85,4605,True,BLOCKED,FRAUD
txn_e00a167f,user_2886,16185.8,99,4551,True,BLOCKED,FRAUD
txn_e1cc2a73,user_5329,32306.25,63,365,True,BLOCKED,LEGITIMATE
txn_f7ecfda7,user_8847,34373.68,60,106,True,BLOCKED,LEGITIMATE
txn_5bd9e37e,user_7371,11347.74,86,7691,True,BLOCKED,FRAUD
txn_9e8a8f21,user_8667,17984.78,64,96,True,BLOCKED,LEGITIMATE
txn_a53a841f,user_3479,3936.16,88,7889,True,BLOCKED,FRAUD
txn_57f3c872,user_7622,39686.5,93,1220,True,BLOCKED,FRAUD
txn_f7e1ba61,user_8085,3961.89,87,8483,True,BLOCKED,FRAUD
txn_963dfe19,user_7484,20161.86,90,7521,True,BLOCKED,FRAUD
txn_557d93bd,user_6198,45828.17,93,5083,True,BLOCKED,FRAUD
txn_3329a556,user_6663,35902.64,88,3936,True,BLOCKED,FRAUD
txn_7badf957,user_3782,44377.65,88,8052,True,BLOCKED,FRAUD
txn_b7450a3f,user_1769,42877.88,98,9432,True,BLOCKED,FRAUD
txn_0cf6f02b,user_1451,31207.75,97,1442,True,BLOCKED,FRAUD
txn_2403f8c1,user_4962,36843.86,86,7324,True,BLOCKED,FRAUD
txn_c9d89ed4,user_5604,40793.99,78,127,False,BLOCKED,LEGITIMATE
txn_4cc799d7,user_5205,18685.88,85,494,False,BLOCKED,LEGITIMATE
txn_80987241,user_3853,19695.28,94,8853,True,BLOCKED,FRAUD
txn_f827ddff,user_4090,3974.22,96,8856,True,BLOCKED,FRAUD
txn_f53db171,user_8117,30011.45,84,400,True,BLOCKED,LEGITIMATE
txn_e1aafe27,user_1235,22072.49,87,7799,True,BLOCKED,FRAUD
txn_46a6ee37,user_7737,19900.95,87,8745,True,BLOCKED,FRAUD
txn_c09c7945,user_3775,48253.96,72,290,False,BLOCKED,LEGITIMATE
txn_d0dbc1fc,user_8430,45569.83,96,3741,True,BLOCKED,FRAUD
txn_eb480007,user_6876,18243.83,98,2858,True,BLOCKED,FRAUD
txn_fa0adb8a,user_2128,13724.94,95,7038,True,BLOCKED,FRAUD
txn_a33e45bd,user_3086,34461.13,82,238,False,BLOCKED,LEGITIMATE
txn_b27ad5b8,user_4748,33133.59,75,222,False,BLOCKED,LEGITIMATE
txn_8cb17f82,user_1504,46510.38,92,3394,True,BLOCKED,FRAUD
txn_419b7048,user_9630,20397.8,92,9629,True,BLOCKED,FRAUD
txn_31c40d4d,user_3121,49688.85,92,7747,True,BLOCKED,FRAUD
txn_5ec474ae,user_4055,42214.49,82,286,True,BLOCKED,LEGITIMATE
txn_4aae45c7,user_1995,43203.79,95,3159,True,BLOCKED,FRAUD
txn_cf85d301,user_9942,8683.86,90,5927,True,BLOCKED,FRAUD
txn_d7034507,user_2804,2650.41,82,162,False,BLOCKED,LEGITIMATE
txn_9a6a7c10,user_7150,37452.87,65,204,True,BLOCKED,LEGITIMATE
txn_1d9561e6,user_2113,22858.14,85,4035,True,BLOCKED,FRAUD
txn_32c0b82d,user_2310,33784.01,87,3959,True,BLOCKED,FRAUD
txn_0ec405d1,user_5419,25081.06,86,6941,True,BLOCKED,FRAUD
txn_7909b64d,user_6592,5239.79,90,6009,True,BLOCKED,FRAUD
txn_9cabd7d5,user_2201,12802.82,88,6848,True,BLOCKED,FRAUD
txn_c19990ba,user_5894,32860.03,87,9747,True,BLOCKED,FRAUD
txn_065e3539,user_2369,38564.47,95,3472,True,BLOCKED,FRAUD
txn_1d2ad2b1,user_5451,5273.44,88,4269,True,BLOCKED,FRAUD
txn_630f3c2d,user_6163,20581.9,98,9416,True,BLOCKED,FRAUD
txn_74b2abf4,user_7758,42634.42,98,3268,True,BLOCKED,FRAUD
txn_ed2cc7d8,user_4579,13352.33,80,185,False,BLOCKED,LEGITIMATE
txn_d2f1b4e3,user_3565,37254.14,72,311,False,BLOCKED,LEGITIMATE
txn_e35e5bea,user_1041,40634.69,90,6148,True,BLOCKED,FRAUD
txn_c9733ad2,user_1219,28943.34,67,112,False,BLOCKED,LEGITIMATE
txn_649bf8ad,user_2390,46744.2,60,80,False,BLOCKED,LEGITIMATE
txn_a3424bee,user_1794,42968.17,88,2864,True,BLOCKED,FRAUD
txn_6f40dcb3,user_7026,2131.08,94,4879,True,BLOCKED,FRAUD
txn_d3b4e46f,user_4427,30785.06,74,408,True,BLOCKED,LEGITIMATE
txn_677457d2,user_9749,45753.36,77,304,False,BLOCKED,LEGITIMATE
txn_abe51c99,user_2470,22242.38,68,408,False,BLOCKED,LEGITIMATE
txn_efdf6f79,user_9497,17788.07,62,209,False,BLOCKED,LEGITIMATE
txn_86c63bf0,user_8249,17877.07,91,8159,True,BLOCKED,FRAUD
txn_30364880,user_8082,11057.13,73,109,False,BLOCKED,LEGITIMATE
txn_1cdb1aee,user_7085,38239.59,85,7807,True,BLOCKED,FRAUD
txn_a987b9d8,user_8555,19007.93,95,5442,True,BLOCKED,FRAUD
txn_e31f7326,user_3064,14444.37,97,6226,True,BLOCKED,FRAUD
txn_325b4551,user_4971,25188.3,96,8248,True,BLOCKED,FRAUD
txn_d125ee2b,user_3416,22424.35,98,2696,True,BLOCKED,FRAUD
txn_4e834bf5,user_4868,24561.12,95,3998,True,BLOCKED,FRAUD
txn_526ad930,user_1007,44160.33,66,215,True,BLOCKED,LEGITIMATE
txn_2745272e,user_6272,24514.19,75,159,True,BLOCKED,LEGITIMATE
txn_d703d5a7,user_6450,7557.48,91,8860,True,BLOCKED,FRAUD
txn_87b481b7,user_5312,1471.75,98,7765,True,BLOCKED,FRAUD
txn_775415c5,user_8133,43073.64,76,467,False,BLOCKED,LEGITIMATE
txn_8dc51864,user_7673,21933.4,92,4141,True,BLOCKED,FRAUD
txn_41666968,user_8501,23129.17,86,9143,True,BLOCKED,FRAUD
txn_430051b7,user_7459,12096.6,66,87,True,BLOCKED,LEGITIMATE
txn_3ac26c97,user_7489,11092.52,72,156,False,BLOCKED,LEGITIMATE
txn_30c46a25,user_6722,34886.93,86,2228,True,BLOCKED,FRAUD
txn_907fb59b,user_6537,34306.96,61,60,True,BLOCKED,LEGITIMATE
txn_e2d0581a,user_4052,14837.74,89,2068,True,BLOCKED,FRAUD
txn_2b4b5013,user_9214,41800.74,66,275,True,BLOCKED,LEGITIMATE
txn_83fcbf4e,user_5781,35230.23,92,5146,True,BLOCKED,FRAUD
txn_18d6beda,user_4852,36162.44,97,1264,True,BLOCKED,FRAUD
txn_5f52428f,user_3551,30218.02,98,5976,True,BLOCKED,FRAUD
txn_70a1d2c0,user_6202,43546.97,86,6513,True,BLOCKED,FRAUD
txn_1bd8baf2,user_5233,33300.66,91,8097,True,BLOCKED,FRAUD
txn_c889e2f6,user_4022,34759.7,89,7512,True,BLOCKED,FRAUD
txn_df704554,user_6779,29896.38,86,8061,True,BLOCKED,FRAUD
txn_9b95f84e,user_8683,41702.48,70,382,True,BLOCKED,LEGITIMATE
txn_1de21c76,user_5785,4607.64,89,3226,True,BLOCKED,FRAUD
txn_1ef6f871,user_9027,25675.58,89,2123,True,BLOCKED,FRAUD
txn_17aa3ad0,user_2493,21192.51,87,9596,True,BLOCKED,FRAUD
txn_df76f0b5,user_6255,13880.18,86,7615,True,BLOCKED,FRAUD
txn_4853adeb,user_1474,30877.61,66,396,False,BLOCKED,LEGITIMATE
txn_cd4c17f1,user_5802,8248.53,93,9091,True,BLOCKED,FRAUD
txn_e3270483,user_5809,35704.39,91,5709,True,BLOCKED,FRAUD
txn_ee788e24,user_5491,47155.27,73,69,False,BLOCKED,LEGITIMATE
txn_bba82478,user_4966,32407.95,93,6405,True,BLOCKED,FRAUD
txn_cebb8020,user_2565,19752.3,92,3804,True,BLOCKED,FRAUD
txn_563996ed,user_2605,30337.17,79,88,True,BLOCKED,LEGITIMATE
txn_47164900,user_2632,29300.3,60,183,True,BLOCKED,LEGITIMATE
txn_ef373c47,user_2807,34767.89,88,6206,True,BLOCKED,FRAUD
txn_28d74faa,user_2419,12123.24,88,7072,True,BLOCKED,FRAUD
txn_84ab2787,user_3274,46263.66,99,5779,True,BLOCKED,FRAUD
txn_4050f1ee,user_3424,37787.93,79,206,True,BLOCKED,LEGITIMATE
txn_1f231265,user_5408,2676.9,92,6511,True,BLOCKED,FRAUD
txn_544608b2,user_1794,47211.93,88,1344,True,BLOCKED,FRAUD
txn_c5fef7ad,user_5634,38109.33,87,5620,True,BLOCKED,FRAUD
txn_4f13f0d7,user_1963,37482.55,97,6787,True,BLOCKED,FRAUD
txn_b45b9d8e,user_6273,46005.44,99,1888,True,BLOCKED,FRAUD
txn_91738e88,user_5741,5825.93,61,278,False,BLOCKED,LEGITIMATE
txn_320ea11e,user_9543,12621.45,86,3510,True,BLOCKED,FRAUD
txn_297051a4,user_3663,15856.97,85,6596,True,BLOCKED,FRAUD
txn_0d852dd5,user_3748,27724.39,99,4088,True,BLOCKED,FRAUD
txn_0bb3f507,user_4822,12763.35,85,395,True,BLOCKED,LEGITIMATE
txn_c639826f,user_1962,1026.29,94,7693,True,BLOCKED,FRAUD
txn_411b25bd,user_2651,19423.37,84,294,True,BLOCKED,LEGITIMATE
txn_fd3f5f79,user_3401,48459.17,64,195,False,BLOCKED,LEGITIMATE
txn_66c83d54,user_5152,6751.01,72,60,True,BLOCKED,LEGITIMATE
txn_142c164f,user_6679,30505.94,71,499,True,BLOCKED,LEGITIMATE
txn_d9377146,user_8780,4682.37,91,4461,True,BLOCKED,FRAUD
txn_a1c96624,user_1872,39030.39,96,7420,True,BLOCKED,FRAUD
txn_bbcd6e22,user_3928,2874.44,80,269,False,BLOCKED,LEGITIMATE
txn_bf32db17,user_8939,37518.85,91,5539,True,BLOCKED,FRAUD
txn_b97376bb,user_6328,41822.64,69,71,False,BLOCKED,LEGITIMATE
txn_2db427fa,user_2625,44954.49,98,5677,True,BLOCKED,FRAUD
txn_63fe2e6e,user_8929,22334.63,95,8593,True,BLOCKED,FRAUD
txn_cf3e8958,user_1120,33548.95,73,187,True,BLOCKED,LEGITIMATE
txn_1f6cc8f7,user_8966,8982.09,99,4646,True,BLOCKED,FRAUD
txn_4bbc3315,user_3256,13683.73,85,2152,True,BLOCKED,FRAUD
txn_0193415c,user_4658,18183.13,98,5138,True,BLOCKED,FRAUD
txn_1dcc0307,user_7481,39070.01,90,2572,True,BLOCKED,FRAUD
txn_951da7b4,user_5498,39609.31,99,7906,True,BLOCKED,FRAUD
txn_f0df55c3,user_5092,1058.07,88,1054,True,BLOCKED,FRAUD
txn_dda452b7,user_2491,33756.39,98,3172,True,BLOCKED,FRAUD
txn_30682c42,user_9961,4616.42,90,3918,True,BLOCKED,FRAUD
txn_00f7806b,user_5347,28919.51,92,5803,True,BLOCKED,FRAUD
txn_fac61c41,user_9426,2905.11,92,2704,True,BLOCKED,FRAUD
txn_6be19ee2,user_4971,6180.81,62,55,False,BLOCKED,LEGITIMATE
txn_d601b32f,user_2500,18160.25,98,3822,True,BLOCKED,FRAUD
txn_fff8a0f3,user_3753,1010.95,63,157,False,BLOCKED,LEGITIMATE
txn_d4953891,user_8503,43454.95,74,286,True,BLOCKED,LEGITIMATE
txn_d93d2a0d,user_8309,41931.95,94,1160,True,BLOCKED,FRAUD
txn_f0f84b81,user_7303,32112.86,83,203,False,BLOCKED,LEGITIMATE
txn_7b92415a,user_5836,9168.62,87,1484,True,BLOCKED,FRAUD
txn_b8ae3c2c,user_1972,32332.28,85,1936,True,BLOCKED,FRAUD
txn_4fef7eda,user_3015,41570.33,98,8688,True,BLOCKED,FRAUD
txn_4a505454,user_8301,8487.93,93,4754,True,BLOCKED,FRAUD
txn_be00a918,user_1614,9103.4,60,67,False,BLOCKED,LEGITIMATE
txn_651388f5,user_4310,29858.93,95,4126,True,BLOCKED,FRAUD
txn_7cff3aa8,user_2316,34135.88,92,3124,True,BLOCKED,FRAUD
txn_14b1228f,user_1638,35814.18,98,7879,True,BLOCKED,FRAUD
txn_d4f5ab46,user_8652,10553.32,84,403,False,BLOCKED,LEGITIMATE
txn_07207960,user_9663,20224.51,70,281,True,BLOCKED,LEGITIMATE
txn_3fb2f7dc,user_5773,21878.84,97,9902,True,BLOCKED,FRAUD
txn_762d6aa7,user_2787,2089.78,65,164,True,BLOCKED,LEGITIMATE
txn_827e74e9,user_5273,35877.85,86,5732,True,BLOCKED,FRAUD
txn_55cbbfa2,user_4282,28739.57,77,152,True,BLOCKED,LEGITIMATE
txn_ac37aa8e,user_7557,28279.69,61,303,False,BLOCKED,LEGITIMATE
txn_128c209d,user_6299,30468.22,97,5093,True,BLOCKED,FRAUD
txn_0d9ec288,user_8479,2114.45,82,179,False,BLOCKED,LEGITIMATE
txn_8105d6cf,user_5353,39873.92,89,8145,True,BLOCKED,FRAUD
txn_d002b002,user_2918,8940.65,65,179,False,BLOCKED,LEGITIMATE
txn_ed20dc24,user_8811,32943.78,98,3664,True,BLOCKED,FRAUD
txn_7a4b7fe0,user_2976,27371.59,98,4693,True,BLOCKED,FRAUD
txn_399ffe7e,user_8239,27012.71,87,1953,True,BLOCKED,FRAUD
txn_c7f0e449,user_9270,9560.72,92,6957,True,BLOCKED,FRAUD
txn_ae511866,user_7575,31190.39,70,487,True,BLOCKED,LEGITIMATE
txn_19c4214e,user_3025,40323.46,88,7726,True,BLOCKED,FRAUD
txn_636c681a,user_7252,40512.2,85,8207,True,BLOCKED,FRAUD
txn_e9b75c1f,user_9295,43978.98,92,4215,True,BLOCKED,FRAUD
txn_ca58ea58,user_6317,25341.71,86,4357,True,BLOCKED,FRAUD
txn_efc72076,user_5287,47598.22,87,2682,True,BLOCKED,FRAUD
txn_a012111e,user_3686,45294.58,86,3825,True,BLOCKED,FRAUD
txn_c3931082,user_7645,4824.91,73,244,True,BLOCKED,LEGITIMATE
txn_2be60bde,user_5889,6127.05,89,9339,True,BLOCKED,FRAUD
txn_940759d7,user_3222,41705.37,91,9524,True,BLOCKED,FRAUD
txn_7092a237,user_3346,12651.75,90,1614,True,BLOCKED,FRAUD
txn_4da8eca3,user_6013,44921.14,85,5041,True,BLOCKED,FRAUD
txn_2dce668b,user_4971,26253.15,95,8995,True,BLOCKED,FRAUD
txn_1faf04ce,user_4374,47837.06,85,7046,True,BLOCKED,FRAUD
txn_196485cf,user_9080,40932.03,67,434,False,BLOCKED,LEGITIMATE
txn_11346ee1,user_8311,16896.47,88,2299,True,BLOCKED,FRAUD
txn_22fb9a91,user_6519,48324.55,91,6556,True,BLOCKED,FRAUD
txn_92101b67,user_5482,12400.06,91,3678,True,BLOCKED,FRAUD
txn_b7abe59c,user_4587,27219.29,88,1452,True,BLOCKED,FRAUD
txn_8e1a316a,user_7051,14690.11,89,8420,True,BLOCKED,FRAUD
txn_37e93586,user_8144,22090.66,91,3301,True,BLOCKED,FRAUD
txn_36eddf38,user_8174,15521.74,67,55,False,BLOCKED,LEGITIMATE
txn_390ed0f2,user_6969,9037.29,96,7780,True,BLOCKED,FRAUD
txn_bbbcf90c,user_6241,11499.65,63,224,True,BLOCKED,LEGITIMATE
txn_e0bc3281,user_7201,18640.15,85,8336,True,BLOCKED,FRAUD
txn_1cb8548c,user_7152,19094.65,76,242,False,BLOCKED,LEGITIMATE
txn_35a7160d,user_5823,26265.21,94,9755,True,BLOCKED,FRAUD
txn_ad2db926,user_5655,37723.63,87,8193,True,BLOCKED,FRAUD
txn_3aed04f5,user_1700,3347.69,86,1469,True,BLOCKED,FRAUD
txn_193f051e,user_9185,48114.1,60,472,True,BLOCKED,LEGITIMATE
txn_b2c4ca59,user_3761,8414.45,92,9723,True,BLOCKED,FRAUD
txn_6a54639f,user_9273,35891.45,98,5162,True,BLOCKED,FRAUD
txn_072d53f9,user_6248,46975.86,77,466,True,BLOCKED,LEGITIMATE
txn_9ee43244,user_2484,39254.94,98,2749,True,BLOCKED,FRAUD
txn_c63dbb56,user_6311,49043.0,85,7308,True,BLOCKED,FRAUD
txn_302fe173,user_7354,40987.65,90,1238,True,BLOCKED,FRAUD
txn_547afffc,user_2458,26110.59,94,3444,True,BLOCKED,FRAUD
txn_808d735c,user_4635,43461.12,64,446,True,BLOCKED,LEGITIMATE
txn_3db9c509,user_7465,10203.5,90,1778,True,BLOCKED,FRAUD
txn_1291a5ed,user_7384,32931.65,60,55,True,BLOCKED,LEGITIMATE
txn_8c83098c,user_6274,9640.3,87,9713,True,BLOCKED,FRAUD
txn_f33c6ca1,user_1488,30127.7,92,2340,True,BLOCKED,FRAUD
txn_9a5fbb23,user_5492,24351.14,91,3258,True,BLOCKED,FRAUD
txn_5b88e877,user_6878,48634.86,85,304,False,BLOCKED,LEGITIMATE
txn_528eb615,user_6613,13704.27,87,9862,True,BLOCKED,FRAUD
txn_a87369a5,user_2157,19258.06,69,295,False,BLOCKED,LEGITIMATE
txn_962d9e21,user_1295,10854.78,67,64,False,BLOCKED,LEGITIMATE
txn_b5bae101,user_4084,2102.1,79,336,False,BLOCKED,LEGITIMATE
txn_9d5cc88b,user_9970,20116.28,65,50,True,BLOCKED,LEGITIMATE
txn_d1811871,user_4532,43958.51,65,229,True,BLOCKED,LEGITIMATE
txn_22bb57d8,user_3903,47646.32,65,376,True,BLOCKED,LEGITIMATE
txn_3181dbbc,user_4571,35705.68,87,2070,True,BLOCKED,FRAUD
txn_2512a4c2,user_8413,19935.1,81,354,False,BLOCKED,LEGITIMATE
txn_d65e9e3e,user_3810,30241.02,93,3584,True,BLOCKED,FRAUD
txn_b4684986,user_2539,17158.39,87,6565,True,BLOCKED,FRAUD
txn_fc7ec0df,user_5222,19806.55,85,1405,True,BLOCKED,FRAUD
txn_555e06a4,user_4882,18426.39,88,5980,True,BLOCKED,FRAUD
txn_eccac899,user_5869,39356.0,91,1256,True,BLOCKED,FRAUD
txn_e5878e56,user_6965,36900.51,95,8611,True,BLOCKED,FRAUD
txn_565411d0,user_5079,48185.82,98,9598,True,BLOCKED,FRAUD
txn_145a523a,user_3398,11406.23,98,9903,True,BLOCKED,FRAUD
txn_ffbf5eb8,user_5644,39231.06,78,244,False,BLOCKED,LEGITIMATE
txn_e8beb071,user_6153,16632.45,95,4469,True,BLOCKED,FRAUD
txn_eff986a5,user_8127,12518.1,98,2272,True,BLOCKED,FRAUD
txn_86fa0c6c,user_4311,32010.54,88,8545,True,BLOCKED,FRAUD
txn_95d7e474,user_9683,47761.54,78,434,True,BLOCKED,LEGITIMATE
txn_4418923b,user_9350,15508.78,72,247,False,BLOCKED,LEGITIMATE
txn_a5a78b7e,user_8333,36544.08,88,8566,True,BLOCKED,FRAUD
txn_545cb301,user_4008,12045.2,72,171,False,BLOCKED,LEGITIMATE
txn_43356e5a,user_2570,10337.08,87,5502,True,BLOCKED,FRAUD
txn_62f7b32f,user_2529,49798.19,86,9793,True,BLOCKED,FRAUD
txn_d71de7a2,user_5680,44775.72,93,2046,True,BLOCKED,FRAUD
txn_898116d7,user_8294,43763.62,83,303,True,BLOCKED,LEGITIMATE
txn_516de91a,user_9451,7692.95,75,137,False,BLOCKED,LEGITIMATE
txn_68c4a842,user_5049,47221.5,60,362,False,BLOCKED,LEGITIMATE
txn_c130062d,user_4378,33894.51,85,2293,True,BLOCKED,FRAUD
txn_5554b293,user_6569,22295.97,89,7170,True,BLOCKED,FRAUD
txn_55bae421,user_1317,16352.44,90,2403,True,BLOCKED,FRAUD
txn_34dd2356,user_1451,9464.12,73,309,True,BLOCKED,LEGITIMATE
txn_d6bbde7a,user_6577,25484.78,86,4586,True,BLOCKED,FRAUD
txn_77fb1b52,user_3363,3244.98,66,250,False,BLOCKED,LEGITIMATE
txn_c4d92a57,user_3526,7659.18,89,1693,True,BLOCKED,FRAUD
txn_9288222b,user_1087,35360.91,99,6079,True,BLOCKED,FRAUD
txn_7b3bb99e,user_5036,25679.69,93,7854,True,BLOCKED,FRAUD
txn_d035c735,user_1224,27355.16,85,7810,True,BLOCKED,FRAUD
txn_efb7a630,user_5017,12509.55,69,57,False,BLOCKED,LEGITIMATE
txn_d77f0dbf,user_7964,37176.5,80,394,False,BLOCKED,LEGITIMATE
txn_60bc8b99,user_1233,17475.57,93,5738,True,BLOCKED,FRAUD
txn_d3bc3f1c,user_1535,20132.62,99,2452,True,BLOCKED,FRAUD
txn_29d77285,user_3591,2903.3,99,9100,True,BLOCKED,FRAUD
txn_a838b472,user_6325,40317.79,68,226,False,BLOCKED,LEGITIMATE
txn_a3c94f09,user_3471,30423.47,78,424,True,BLOCKED,LEGITIMATE
txn_5b462990,user_5463,17342.04,85,5570,True,BLOCKED,FRAUD
txn_db967768,user_1350,39913.6,80,160,True,BLOCKED,LEGITIMATE
txn_1b075e3f,user_3572,6207.39,89,7266,True,BLOCKED,FRAUD
txn_c7f608d2,user_4810,46461.79,74,376,False,BLOCKED,LEGITIMATE
txn_49bf4a06,user_5470,7882.31,60,248,True,BLOCKED,LEGITIMATE
txn_3af75caa,user_8872,1346.04,95,4720,True,BLOCKED,FRAUD
txn_266b2a19,user_6858,14231.34,68,92,True,BLOCKED,LEGITIMATE
txn_0f0d2321,user_8427,8515.8,89,3716,True,BLOCKED,FRAUD
txn_f4644c1d,user_1444,12263.63,90,3474,True,BLOCKED,FRAUD
txn_8cd1d0ab,user_4927,22553.84,91,7096,True,BLOCKED,FRAUD
txn_f2588dc3,user_3832,30369.04,91,9395,True,BLOCKED,FRAUD
txn_8a060aa3,user_5541,32451.31,61,422,False,BLOCKED,LEGITIMATE
txn_4e6aaf6c,user_1182,20922.92,65,401,False,BLOCKED,LEGITIMATE
txn_a1701344,user_7417,31730.01,73,329,True,BLOCKED,LEGITIMATE
txn_bf05c56b,user_9834,15067.74,98,2988,True,BLOCKED,FRAUD
txn_75b688e5,user_4026,18562.12,61,283,True,BLOCKED,LEGITIMATE
txn_d865915f,user_5210,30280.35,90,1931,True,BLOCKED,FRAUD
txn_233c2839,user_5548,26158.82,93,5247,True,BLOCKED,FRAUD
txn_310b0272,user_6603,45218.32,96,1531,True,BLOCKED,FRAUD
txn_8e48bef3,user_5155,33970.49,96,6681,True,BLOCKED,FRAUD
txn_0541cd8a,user_3615,46644.14,63,192,True,BLOCKED,LEGITIMATE
txn_fb84d06e,user_6226,18938.3,92,9008,True,BLOCKED,FRAUD
txn_df5c921d,user_3318,33959.83,91,7244,True,BLOCKED,FRAUD
txn_2fbdaf30,user_6586,25662.67,96,4970,True,BLOCKED,FRAUD
txn_88559edc,user_4260,20554.07,78,439,True,BLOCKED,LEGITIMATE
txn_468e9075,user_3068,31708.87,85,5285,True,BLOCKED,FRAUD
txn_6adc153c,user_6655,19891.42,87,7620,True,BLOCKED,FRAUD
txn_711bbdc7,user_5386,33860.95,92,3358,True,BLOCKED,FRAUD
txn_ce526fcc,user_7799,12527.61,89,4850,True,BLOCKED,FRAUD
txn_b3513160,user_3068,43649.14,95,6225,True,BLOCKED,FRAUD
txn_71b1a67a,user_6944,38876.61,99,7463,True,BLOCKED,FRAUD
txn_86a5c821,user_1314,1852.5,96,8260,True,BLOCKED,FRAUD
txn_d48eed02,user_9907,13475.96,85,4288,True,BLOCKED,FRAUD
txn_4256c8a2,user_7878,17076.33,95,3234,True,BLOCKED,FRAUD
txn_4bbbdb68,user_6835,3080.76,98,2867,True,BLOCKED,FRAUD
txn_098a22fb,user_2328,14955.6,95,4216,True,BLOCKED,FRAUD
txn_62fc6e73,user_3960,43602.49,90,6592,True,BLOCKED,FRAUD
txn_96eb6cd5,user_5829,34061.83,95,8541,True,BLOCKED,FRAUD
txn_cea08b3e,user_3391,5849.51,86,9847,True,BLOCKED,FRAUD
txn_310a0b9e,user_7063,16115.8,85,5370,True,BLOCKED,FRAUD
txn_7de7b76a,user_1899,49002.5,91,1640,True,BLOCKED,FRAUD
txn_f88a1a2f,user_6057,34479.9,71,227,False,BLOCKED,LEGITIMATE
txn_6b3d1a65,user_3388,13651.02,95,2544,True,BLOCKED,FRAUD
txn_35ee9642,user_8596,35749.51,94,1975,True,BLOCKED,FRAUD
txn_4bf80fee,user_3650,37639.65,92,5512,True,BLOCKED,FRAUD
txn_d21e8748,user_5148,44453.75,93,8115,True,BLOCKED,FRAUD
txn_90e94a46,user_5229,10553.15,76,343,False,BLOCKED,LEGITIMATE
txn_bff9994a,user_5000,48203.84,92,8145,True,BLOCKED,FRAUD
txn_c3ba3ea7,user_1569,45387.3,92,4668,True,BLOCKED,FRAUD
txn_b47e1f27,user_4912,6631.03,75,266,False,BLOCKED,LEGITIMATE
txn_bfe31b03,user_6203,2472.1,95,6119,True,BLOCKED,FRAUD
txn_7460c82b,user_1276,40247.33,97,8027,True,BLOCKED,FRAUD
txn_838069b9,user_8594,25319.12,96,8578,True,BLOCKED,FRAUD
txn_222d54ba,user_1628,28474.47,96,1638,True,BLOCKED,FRAUD
txn_54eb5adc,user_5784,29411.29,92,5643,True,BLOCKED,FRAUD
txn_e70fb192,user_9274,29496.98,95,9943,True,BLOCKED,FRAUD
txn_f067c77e,user_8392,43554.45,91,2614,True,BLOCKED,FRAUD
txn_f7620a22,user_1713,42135.07,72,177,True,BLOCKED,LEGITIMATE
txn_90e18ca2,user_7319,14154.69,98,7941,True,BLOCKED,FRAUD
txn_071f16df,user_5885,49307.06,99,2581,True,BLOCKED,FRAUD
txn_1c4b5834,user_6342,17216.94,84,456,False,BLOCKED,LEGITIMATE
txn_471f45aa,user_9499,37003.91,92,5818,True,BLOCKED,FRAUD
txn_2999a92c,user_6593,47662.19,99,5112,True,BLOCKED,FRAUD
txn_c35b4b8f,user_5202,5704.94,90,2589,True,BLOCKED,FRAUD
txn_5d5e7319,user_8482,10587.88,90,3029,True,BLOCKED,FRAUD
txn_9da61e26,user_4071,3174.94,86,7983,True,BLOCKED,FRAUD
txn_291f9467,user_3402,43541.85,85,4228,True,BLOCKED,FRAUD
txn_50e94734,user_5388,19971.53,70,162,True,BLOCKED,LEGITIMATE
txn_64d8ebf3,user_7919,21820.76,86,1648,True,BLOCKED,FRAUD
txn_5c86d86b,user_7367,46156.5,91,1261,True,BLOCKED,FRAUD
txn_40d0c9a4,user_3602,44429.61,70,377,True,BLOCKED,LEGITIMATE
txn_cf7f9c54,user_4716,18782.06,96,6379,True,BLOCKED,FRAUD
txn_c173b745,user_2232,20399.52,61,417,True,BLOCKED,LEGITIMATE
txn_8c99aa4c,user_8319,4102.23,91,5568,True,BLOCKED,FRAUD
txn_a6013337,user_9679,3733.57,97,7277,True,BLOCKED,FRAUD
txn_da628b11,user_8376,3010.14,88,8223,True,BLOCKED,FRAUD
txn_4b97ad37,user_1648,6154.79,66,363,True,BLOCKED,LEGITIMATE
txn_b95b0df9,user_3061,3062.08,85,2839,True,BLOCKED,FRAUD
txn_a0c16307,user_5375,6579.56,86,1467,True,BLOCKED,FRAUD
txn_5540cd31,user_2740,35827.78,91,9900,True,BLOCKED,FRAUD
txn_70a25e31,user_1099,39214.82,62,178,True,BLOCKED,LEGITIMATE
txn_9bfa2201,user_2710,28030.68,96,2926,True,BLOCKED,FRAUD
txn_6ae5c7f7,user_8006,15684.24,94,7766,True,BLOCKED,FRAUD
txn_73a74f17,user_8515,30403.08,89,6568,True,BLOCKED,FRAUD
txn_54d596fb,user_9611,29475.44,94,2570,True,BLOCKED,FRAUD
txn_9badc778,user_6038,47697.54,94,4750,True,BLOCKED,FRAUD
txn_225dda9f,user_3734,40860.93,79,418,True,BLOCKED,LEGITIMATE
txn_d05d1ca4,user_5643,20762.93,69,232,False,BLOCKED,LEGITIMATE
txn_5855036d,user_3592,44917.5,89,5239,True,BLOCKED,FRAUD
txn_8771bb44,user_1381,18306.11,99,7617,True,BLOCKED,FRAUD
txn_1968a510,user_2868,49042.57,79,479,False,BLOCKED,LEGITIMATE
txn_55efee59,user_3469,9565.6,95,2793,True,BLOCKED,FRAUD
txn_f3f633c2,user_7864,14622.57,60,203,True,BLOCKED,LEGITIMATE
txn_cac14cb8,user_5409,11472.03,92,1004,True,BLOCKED,FRAUD
txn_3a472aec,user_6565,25973.71,99,3342,True,BLOCKED,FRAUD
txn_33aa94d1,user_9893,40533.12,92,7859,True,BLOCKED,FRAUD
txn_748e90ba,user_3398,44597.58,60,320,False,BLOCKED,LEGITIMATE
txn_24443b58,user_2619,48792.96,85,1730,True,BLOCKED,FRAUD
txn_fe86abb6,user_9158,20815.21,87,2797,True,BLOCKED,FRAUD
txn_b9fd4140,user_3605,37665.06,87,7882,True,BLOCKED,FRAUD
txn_56ae8b7d,user_6293,39694.98,93,2475,True,BLOCKED,FRAUD
txn_0a56b0b0,user_7132,25270.11,97,9803,True,BLOCKED,FRAUD
txn_3de025c6,user_4321,12670.24,90,9887,True,BLOCKED,FRAUD
txn_c46ba4fc,user_4360,46692.94,89,4019,True,BLOCKED,FRAUD
txn_1586a9fc,user_6007,22133.71,89,2300,True,BLOCKED,FRAUD
txn_dc3deabd,user_9492,15980.29,83,311,True,BLOCKED,LEGITIMATE
txn_a85b0172,user_1076,7497.77,70,260,True,BLOCKED,LEGITIMATE
txn_0faea049,user_8825,5352.02,88,1654,True,BLOCKED,FRAUD
txn_d1145d52,user_8086,7520.78,89,6136,True,BLOCKED,FRAUD
txn_9ae23741,user_9508,45526.61,99,4488,True,BLOCKED,FRAUD
txn_fd051fd0,user_9740,35787.42,97,8726,True,BLOCKED,FRAUD
txn_83c52cb5,user_1303,9725.35,80,60,True,BLOCKED,LEGITIMATE
txn_2285c492,user_7975,30855.41,89,9789,True,BLOCKED,FRAUD
txn_975e1493,user_8929,21144.81,85,2345,True,BLOCKED,FRAUD
txn_de493403,user_1942,12473.6,69,166,True,BLOCKED,LEGITIMATE
txn_3c722748,user_8279,24500.26,69,251,True,BLOCKED,LEGITIMATE
txn_29c4032f,user_4894,45157.16,74,340,False,BLOCKED,LEGITIMATE
txn_9fe8f243,user_8233,16730.03,60,439,True,BLOCKED,LEGITIMATE
txn_b3966ca5,user_6146,20888.26,86,5277,True,BLOCKED,FRAUD
txn_b2854b58,user_3884,19608.58,90,5604,True,BLOCKED,FRAUD
txn_72b94921,user_5837,31761.8,91,8758,True,BLOCKED,FRAUD
txn_0469d68b,user_5590,17306.65,85,359,True,BLOCKED,LEGITIMATE
txn_0fc480b1,user_3921,31963.68,94,5787,True,BLOCKED,FRAUD
txn_b08173ca,user_6951,42714.28,71,61,False,BLOCKED,LEGITIMATE
txn_c97b0149,user_5990,12321.21,85,6810,True,BLOCKED,FRAUD
txn_f4b78c95,user_7269,10777.31,85,9241,True,BLOCKED,FRAUD
txn_d07ba8b4,user_2471,22338.41,88,3197,True,BLOCKED,FRAUD
txn_f3925d99,user_6102,18177.12,75,298,True,BLOCKED,LEGITIMATE
txn_24788cdf,user_6495,34307.54,95,3428,True,BLOCKED,FRAUD
txn_dfc22e9a,user_4501,23418.84,97,1309,True,BLOCKED,FRAUD
txn_809c6304,user_2280,22362.36,63,369,True,BLOCKED,LEGITIMATE
txn_37ba835f,user_2050,49697.14,99,2230,True,BLOCKED,FRAUD
txn_37d953e6,user_6319,5136.0,94,5314,True,BLOCKED,FRAUD
txn_9fd53a5a,user_1095,37160.35,99,3667,True,BLOCKED,FRAUD
txn_dbae860e,user_4963,30507.93,85,388,False,BLOCKED,LEGITIMATE
txn_6c0de1f2,user_3169,13402.66,87,5098,True,BLOCKED,FRAUD
txn_a44aeec6,user_4565,18278.61,90,2821,True,BLOCKED,FRAUD
txn_74ad6c74,user_2552,28423.82,87,4637,True,BLOCKED,FRAUD
txn_d351e8ce,user_6575,12163.59,98,9347,True,BLOCKED,FRAUD
txn_9dee4442,user_9566,14695.18,92,2341,True,BLOCKED,FRAUD
txn_67ae6df8,user_7950,28396.35,76,378,True,BLOCKED,LEGITIMATE
txn_ca9a79e5,user_5918,28693.49,93,2151,True,BLOCKED,FRAUD
txn_64b5ed96,user_2403,8584.04,86,3231,True,BLOCKED,FRAUD
txn_4494d974,user_5218,44520.09,93,7017,True,BLOCKED,FRAUD
txn_1148b4d9,user_4573,31360.34,99,8798,True,BLOCKED,FRAUD
txn_cb1fa1c4,user_6541,43356.28,89,7403,True,BLOCKED,FRAUD
txn_78e3cab4,user_8956,38871.64,91,6453,True,BLOCKED,FRAUD
txn_968f9b6f,user_6212,13346.02,84,495,True,BLOCKED,LEGITIMATE
txn_fbe9fd5d,user_9631,41625.58,91,8443,True,BLOCKED,FRAUD
txn_8e8f7dd3,user_3474,28664.44,91,2973,True,BLOCKED,FRAUD
txn_a5820dce,user_2499,49786.2,88,9671,True,BLOCKED,FRAUD
txn_c2e248a7,user_2992,16900.09,96,9026,True,BLOCKED,FRAUD
txn_000ccb86,user_1044,7572.67,87,1435,True,BLOCKED,FRAUD
txn_d98f68e1,user_3002,17646.73,66,443,True,BLOCKED,LEGITIMATE
txn_4d061f95,user_1972,35190.34,90,3244,True,BLOCKED,FRAUD
txn_1d37739d,user_6372,26541.58,87,1031,True,BLOCKED,FRAUD
txn_202f3912,user_5569,22862.65,97,4916,True,BLOCKED,FRAUD
txn_e70e0d71,user_8242,6251.13,88,1562,True,BLOCKED,FRAUD
txn_0e6bafb3,user_3853,20494.58,88,4282,True,BLOCKED,FRAUD
txn_fd883aa2,user_6458,24033.98,93,5426,True,BLOCKED,FRAUD
txn_321c6a56,user_8606,14669.59,80,387,False,BLOCKED,LEGITIMATE
txn_9d23ebd0,user_9379,1701.44,97,6478,True,BLOCKED,FRAUD
txn_4f360394,user_5242,30397.92,94,5936,True,BLOCKED,FRAUD
txn_b62ac8cb,user_7623,23270.48,99,4293,True,BLOCKED,FRAUD
txn_7ead6864,user_2973,34516.88,71,188,False,BLOCKED,LEGITIMATE
txn_4df0c58b,user_2249,43028.41,89,6924,True,BLOCKED,FRAUD
txn_32737e70,user_9132,38054.05,93,2639,True,BLOCKED,FRAUD
txn_50d1461b,user_7671,39326.31,85,87,False,BLOCKED,LEGITIMATE
txn_75aa8a58,user_4845,7612.34,66,231,False,BLOCKED,LEGITIMATE
txn_bd49258d,user_1581,45895.17,94,6912,True,BLOCKED,FRAUD
txn_2f744089,user_7121,9457.2,89,1007,True,BLOCKED,FRAUD
txn_efd652c9,user_5317,36673.66,90,2080,True,BLOCKED,FRAUD
txn_c8617861,user_1640,45231.86,85,239,True,BLOCKED,LEGITIMATE
txn_01a68d9c,user_3771,47492.87,87,1988,True,BLOCKED,FRAUD
txn_65949a6b,user_6178,23117.36,67,245,False,BLOCKED,LEGITIMATE
txn_f307ea08,user_4421,34386.15,71,258,True,BLOCKED,LEGITIMATE
txn_9a035c66,user_6046,702.89,86,8296,True,BLOCKED,FRAUD
txn_e21e686f,user_3467,17151.64,94,2143,True,BLOCKED,FRAUD
txn_b14600f0,user_8099,14130.88,90,3894,True,BLOCKED,FRAUD
txn_9a0cde7c,user_9147,1092.57,89,2190,True,BLOCKED,FRAUD
txn_1b09b605,user_1937,23800.91,61,264,False,BLOCKED,LEGITIMATE
txn_a0b74e17,user_7422,25238.94,98,9107,True,BLOCKED,FRAUD
txn_d1b5b285,user_4436,36441.39,93,7700,True,BLOCKED,FRAUD
txn_70dde7c6,user_4370,1157.93,95,6462,True,BLOCKED,FRAUD
txn_3d7f38b9,user_7508,32297.14,93,7735,True,BLOCKED,FRAUD
txn_968cf069,user_6429,13522.27,85,1979,True,BLOCKED,FRAUD
txn_1b9f052d,user_5532,39038.86,69,289,True,BLOCKED,LEGITIMATE
txn_b745837c,user_5796,20542.26,72,114,True,BLOCKED,LEGITIMATE
txn_eb0a99a3,user_1067,42555.45,86,7778,True,BLOCKED,FRAUD
txn_dd2ea7a2,user_5626,25331.02,72,362,True,BLOCKED,LEGITIMATE
txn_00fddcae,user_2409,14863.5,90,5346,True,BLOCKED,FRAUD
txn_8d2ba18f,user_7808,43671.8,93,2427,True,BLOCKED,FRAUD
txn_6d208af8,user_8415,20454.27,93,5829,True,BLOCKED,FRAUD
txn_6ce15437,user_4636,48187.4,92,7550,True,BLOCKED,FRAUD
txn_1b6262b6,user_2816,34304.0,88,2395,True,BLOCKED,FRAUD
txn_9df9002d,user_1065,1494.01,91,2266,True,BLOCKED,FRAUD
txn_d2667789,user_3751,18260.55,91,2603,True,BLOCKED,FRAUD
txn_4b5b03d3,user_6571,21252.9,93,9066,True,BLOCKED,FRAUD
txn_eea35298,user_9479,40551.56,96,3549,True,BLOCKED,FRAUD
txn_a9096c14,user_1949,32144.23,68,484,False,BLOCKED,LEGITIMATE
txn_53eb80d9,user_3522,30885.22,85,1608,True,BLOCKED,FRAUD
txn_04f2b676,user_6610,44791.29,90,6018,True,BLOCKED,FRAUD
txn_25063375,user_6996,2158.49,85,117,False,BLOCKED,LEGITIMATE
txn_497b604e,user_1899,32569.8,99,1380,True,BLOCKED,FRAUD
txn_50d66595,user_9764,21628.86,88,3961,True,BLOCKED,FRAUD
txn_5a4856fd,user_5850,45141.39,92,6952,True,BLOCKED,FRAUD
txn_72d58a08,user_1066,15787.58,86,5427,True,BLOCKED,FRAUD
txn_88abf729,user_3104,35218.08,91,4270,True,BLOCKED,FRAUD
txn_3c61224e,user_9883,4201.14,85,1367,True,BLOCKED,FRAUD
txn_14563916,user_4050,47928.97,92,9156,True,BLOCKED,FRAUD
txn_920e50ef,user_6555,33969.53,94,5210,True,BLOCKED,FRAUD
txn_d9961e5d,user_7922,27297.77,90,3853,True,BLOCKED,FRAUD
txn_9de51788,user_2128,36001.89,68,366,False,BLOCKED,LEGITIMATE
txn_e42b99e3,user_1427,41096.24,93,3923,True,BLOCKED,FRAUD
txn_a1242546,user_8368,38401.63,91,7059,True,BLOCKED,FRAUD
txn_efdf0510,user_8482,29170.14,99,4235,True,BLOCKED,FRAUD
txn_8c299b84,user_2660,24965.02,96,5707,True,BLOCKED,FRAUD
txn_2b859737,user_7995,10991.06,76,413,False,BLOCKED,LEGITIMATE
txn_f025883b,user_8614,34316.94,88,9526,True,BLOCKED,FRAUD
txn_87c25a68,user_9843,38706.9,85,447,True,BLOCKED,LEGITIMATE
txn_b9262add,user_4975,8110.73,98,1167,True,BLOCKED,FRAUD
txn_98be377f,user_7483,27129.33,66,456,True,BLOCKED,LEGITIMATE
txn_daa4b15d,user_7665,32921.64,91,7393,True,BLOCKED,FRAUD
txn_eb0b7842,user_7689,43997.92,73,409,True,BLOCKED,LEGITIMATE
txn_4855ca6a,user_2216,13579.07,91,3715,True,BLOCKED,FRAUD
txn_89824903,user_2295,44809.44,92,9220,True,BLOCKED,FRAUD
txn_1df32467,user_4215,32664.64,77,399,False,BLOCKED,LEGITIMATE
txn_3baaae09,user_3521,49179.56,84,437,False,BLOCKED,LEGITIMATE
txn_a7762750,user_9324,47569.05,93,4897,True,BLOCKED,FRAUD
txn_c0d9ca0e,user_5805,22634.95,79,446,False,BLOCKED,LEGITIMATE
txn_cd8c952c,user_1704,46855.82,83,375,False,BLOCKED,LEGITIMATE
txn_7907ae6d,user_3567,16925.01,81,499,True,BLOCKED,LEGITIMATE
txn_cacff12c,user_5048,29520.83,72,312,True,BLOCKED,LEGITIMATE
txn_022ee6c5,user_6109,45427.66,96,8668,True,BLOCKED,FRAUD
txn_12ca607a,user_1897,37416.48,87,2750,True,BLOCKED,FRAUD
txn_dfc59871,user_3392,1977.8,93,9189,True,BLOCKED,FRAUD
txn_261752ec,user_2957,14770.49,93,3853,True,BLOCKED,FRAUD
txn_6491cf8a,user_3078,41651.58,95,6793,True,BLOCKED,FRAUD
txn_c36d2503,user_9806,42214.64,72,186,True,BLOCKED,LEGITIMATE
txn_dff1eb6e,user_8264,44688.73,62,166,False,BLOCKED,LEGITIMATE
txn_086fb12b,user_7625,43723.07,86,8484,True,BLOCKED,FRAUD
txn_8351aef5,user_3673,38048.78,81,129,False,BLOCKED,LEGITIMATE
txn_abde1106,user_1807,42482.83,85,5155,True,BLOCKED,FRAUD
txn_a6a87fda,user_5732,39339.12,98,6336,True,BLOCKED,FRAUD
txn_bc647313,user_7111,19642.38,69,110,True,BLOCKED,LEGITIMATE
txn_71e5bfe4,user_2390,30977.33,98,4450,True,BLOCKED,FRAUD
txn_948662c8,user_6493,45828.74,88,5335,True,BLOCKED,FRAUD
txn_2ffb4161,user_6002,39842.52,99,5567,True,BLOCKED,FRAUD
txn_e6cd85fe,user_2292,45285.57,76,83,True,BLOCKED,LEGITIMATE
txn_f43b22dd,user_5813,37538.85,90,6965,True,BLOCKED,FRAUD
txn_5b45e818,user_5239,29008.86,64,137,False,BLOCKED,LEGITIMATE
txn_e1c16dba,user_6777,42313.35,98,9095,True,BLOCKED,FRAUD
txn_761958af,user_7841,36983.6,99,2834,True,BLOCKED,FRAUD
txn_95923a90,user_6863,6050.57,94,2746,True,BLOCKED,FRAUD
txn_978110db,user_5433,30781.14,96,7479,True,BLOCKED,FRAUD
txn_07eac02a,user_5416,37465.63,66,171,False,BLOCKED,LEGITIMATE
txn_299313bb,user_5820,13847.95,94,2842,True,BLOCKED,FRAUD
txn_e990805b,user_9900,31833.42,92,1603,True,BLOCKED,FRAUD
txn_82903163,user_4769,23649.94,97,8543,True,BLOCKED,FRAUD
txn_c05b079e,user_4814,2388.4,92,5265,True,BLOCKED,FRAUD
txn_a81f2a04,user_4951,14365.15,90,3260,True,BLOCKED,FRAUD
txn_04075087,user_8611,18887.87,94,9168,True,BLOCKED,FRAUD
txn_93a57081,user_5167,1421.34,95,8057,True,BLOCKED,FRAUD
txn_01ab74d2,user_9277,6815.99,99,6466,True,BLOCKED,FRAUD
txn_c8a3628e,user_6653,19968.34,99,9729,True,BLOCKED,FRAUD
txn_c10c62b3,user_4772,31462.5,68,332,False,BLOCKED,LEGITIMATE
txn_04ef47e5,user_8987,44871.2,96,5113,True,BLOCKED,FRAUD
txn_8e0b29ed,user_8350,8489.03,90,9622,True,BLOCKED,FRAUD
txn_d08d1bcd,user_3747,25587.03,90,4873,True,BLOCKED,FRAUD
txn_76f1c564,user_1722,37786.13,89,8982,True,BLOCKED,FRAUD
txn_a1a1b010,user_5610,21055.2,87,2205,True,BLOCKED,FRAUD
txn_12c8f94b,user_1649,6908.5,76,202,True,BLOCKED,LEGITIMATE
txn_a2a34d58,user_4605,12146.0,89,8306,True,BLOCKED,FRAUD
txn_97fe8581,user_9682,6345.73,99,4973,True,BLOCKED,FRAUD
txn_d2be1163,user_5525,20234.64,95,6300,True,BLOCKED,FRAUD
txn_49f7e46e,user_5042,21423.48,95,2609,True,BLOCKED,FRAUD
txn_577d9580,user_6176,37497.37,96,6381,True,BLOCKED,FRAUD
txn_bc614931,user_8258,11571.01,96,4839,True,BLOCKED,FRAUD
txn_5e6ad4e3,user_7318,9188.73,93,4865,True,BLOCKED,FRAUD
txn_7b49db63,user_8370,2261.16,85,6727,True,BLOCKED,FRAUD
txn_73eca14b,user_9156,46399.4,88,7233,True,BLOCKED,FRAUD
txn_ec52bf96,user_5596,14467.08,86,3743,True,BLOCKED,FRAUD
txn_34d07503,user_1822,38707.87,90,1357,True,BLOCKED,FRAUD
txn_df0e9455,user_9808,26209.45,72,147,False,BLOCKED,LEGITIMATE
txn_3495982b,user_8144,47800.14,97,3040,True,BLOCKED,FRAUD
txn_4bb2ac25,user_2794,22727.0,84,70,True,BLOCKED,LEGITIMATE
txn_55d25869,user_8111,12442.65,78,75,True,BLOCKED,LEGITIMATE
txn_0d173ebb,user_4340,26632.95,83,333,True,BLOCKED,LEGITIMATE
txn_b9b8e0b9,user_1858,26400.18,88,4853,True,BLOCKED,FRAUD
txn_2897490f,user_2359,3879.35,88,5210,True,BLOCKED,FRAUD
txn_a3fc56f8,user_4212,28955.84,71,246,True,BLOCKED,LEGITIMATE
txn_93ceba65,user_3085,9509.08,90,9268,True,BLOCKED,FRAUD
txn_57cbcbec,user_2116,3590.79,94,8296,True,BLOCKED,FRAUD
txn_53963748,user_3795,36794.42,86,3633,True,BLOCKED,FRAUD
txn_a877614c,user_8553,12775.14,72,108,True,BLOCKED,LEGITIMATE
txn_ee32c6f9,user_9817,42805.99,94,6371,True,BLOCKED,FRAUD
txn_8336c672,user_7630,33219.84,95,7036,True,BLOCKED,FRAUD
txn_608c773c,user_9296,19481.68,97,1335,True,BLOCKED,FRAUD
txn_3e07d635,user_1990,4768.29,81,169,True,BLOCKED,LEGITIMATE
txn_45b7df3b,user_1131,39420.44,80,330,False,BLOCKED,LEGITIMATE
txn_27c659c4,user_9602,18385.0,79,295,True,BLOCKED,LEGITIMATE
txn_71c74298,user_2318,47063.04,95,4957,True,BLOCKED,FRAUD
txn_6fb14ca8,user_5851,18566.97,94,7534,True,BLOCKED,FRAUD
txn_13ab85c0,user_4324,39701.78,63,106,True,BLOCKED,LEGITIMATE
txn_51c05d9c,user_8095,38083.95,89,8283,True,BLOCKED,FRAUD
txn_e46d7220,user_4388,8614.87,85,1681,True,BLOCKED,FRAUD
txn_117b7e6c,user_7026,23223.34,93,3382,True,BLOCKED,FRAUD
txn_e74a2430,user_2772,32104.61,90,6133,True,BLOCKED,FRAUD
txn_be93913b,user_8426,19386.02,74,238,False,BLOCKED,LEGITIMATE
txn_20317c93,user_8623,34652.75,90,8225,True,BLOCKED,FRAUD
txn_8530227a,user_1493,18804.26,97,6917,True,BLOCKED,FRAUD
txn_ba7bb4a2,user_7379,27738.13,98,6842,True,BLOCKED,FRAUD
txn_63556f9e,user_5609,19309.19,86,4415,True,BLOCKED,FRAUD
txn_9116fc0b,user_9585,23927.86,92,4223,True,BLOCKED,FRAUD
txn_c1bb00c6,user_9240,1527.39,90,3897,True,BLOCKED,FRAUD
txn_999999ed,user_8739,37406.17,89,5984,True,BLOCKED,FRAUD
txn_e61e7ade,user_4845,7162.88,85,4394,True,BLOCKED,FRAUD
txn_066dc42b,user_4405,48901.65,98,1414,True,BLOCKED,FRAUD
txn_39a338f8,user_4281,4189.52,93,5941,True,BLOCKED,FRAUD
txn_7ded017d,user_2646,24264.97,93,9856,True,BLOCKED,FRAUD
txn_fead254c,user_7433,5977.75,77,108,False,BLOCKED,LEGITIMATE
txn_e9815f86,user_8196,25699.96,92,3709,True,BLOCKED,FRAUD
txn_9693a72e,user_4622,11685.52,93,8619,True,BLOCKED,FRAUD
txn_79a31c3f,user_8260,32090.65,92,1914,True,BLOCKED,FRAUD
txn_2dd24c04,user_5537,28983.01,72,257,False,BLOCKED,LEGITIMATE
txn_8fd5178c,user_7924,43614.75,85,2913,True,BLOCKED,FRAUD
txn_c566ac84,user_1714,10196.78,88,5001,True,BLOCKED,FRAUD
txn_6cc1c517,user_7921,39823.47,92,3213,True,BLOCKED,FRAUD
txn_b4505b31,user_6163,41195.97,97,7313,True,BLOCKED,FRAUD
txn_7e798399,user_4867,18564.13,82,209,False,BLOCKED,LEGITIMATE
txn_842ff1ac,user_4515,12840.82,75,487,True,BLOCKED,LEGITIMATE
txn_350d08fd,user_8901,1433.74,77,363,True,BLOCKED,LEGITIMATE
txn_5e9ea744,user_4705,10590.72,67,248,True,BLOCKED,LEGITIMATE
txn_f9e08626,user_3009,12209.02,99,6019,True,BLOCKED,FRAUD
txn_62e24753,user_6852,13341.37,92,8454,True,BLOCKED,FRAUD
txn_089f3ae7,user_7081,48612.42,90,2515,True,BLOCKED,FRAUD
txn_e1c9dc02,user_1281,30216.4,94,4990,True,BLOCKED,FRAUD
txn_8d755a60,user_1565,32137.82,86,8365,True,BLOCKED,FRAUD
txn_6931858d,user_9190,42951.31,86,7922,True,BLOCKED,FRAUD
txn_347f0b3b,user_4753,16236.48,93,4489,True,BLOCKED,FRAUD
txn_d10f34f2,user_7827,45115.16,96,5383,True,BLOCKED,FRAUD
txn_7633e36b,user_9744,6882.31,83,251,True,BLOCKED,LEGITIMATE
txn_d0b003eb,user_6438,6673.99,80,273,False,BLOCKED,LEGITIMATE
txn_cfee753d,user_1752,5706.4,60,319,False,BLOCKED,LEGITIMATE
txn_89cf25f6,user_4417,39153.34,99,8568,True,BLOCKED,FRAUD
txn_8fda5233,user_8731,20819.77,79,117,False,BLOCKED,LEGITIMATE
txn_72446d08,user_3074,45622.29,64,143,False,BLOCKED,LEGITIMATE
txn_43e7b712,user_2042,19686.38,83,271,True,BLOCKED,LEGITIMATE
txn_6b6971f8,user_3272,44749.86,77,223,True,BLOCKED,LEGITIMATE
txn_1e81d45c,user_9183,41282.31,64,478,False,BLOCKED,LEGITIMATE
txn_e6216bd0,user_9850,27107.89,95,3998,True,BLOCKED,FRAUD
txn_1ee715e7,user_7047,1928.15,79,203,False,BLOCKED,LEGITIMATE
txn_9b573508,user_2136,22683.04,79,333,False,BLOCKED,LEGITIMATE
txn_ecc6eb39,user_7925,43497.92,98,2572,True,BLOCKED,FRAUD
txn_2e2f5341,user_2427,9521.88,91,5703,True,BLOCKED,FRAUD
txn_e3348ae2,user_3684,16674.41,93,2458,True,BLOCKED,FRAUD
txn_c0bf3773,user_1362,8829.55,73,332,False,BLOCKED,LEGITIMATE
txn_41d4bd09,user_7739,34178.91,71,241,False,BLOCKED,LEGITIMATE
txn_c8c33733,user_7908,3517.88,96,9022,True,BLOCKED,FRAUD
txn_c2f3b01f,user_2708,47362.65,85,9184,True,BLOCKED,FRAUD
txn_c2ab99a4,user_4310,17228.41,99,8988,True,BLOCKED,FRAUD
txn_6c73b6be,user_7434,19969.74,96,8024,True,BLOCKED,FRAUD
txn_4e81393e,user_3612,14483.08,99,6993,True,BLOCKED,FRAUD
txn_4a8c5b22,user_2952,35222.06,96,2371,True,BLOCKED,FRAUD
txn_05504bd9,user_4504,28926.17,95,7042,True,BLOCKED,FRAUD
txn_6d6656b4,user_3379,49910.17,92,7738,True,BLOCKED,FRAUD
txn_3ae5a0d1,user_5038,46360.59,93,4056,True,BLOCKED,FRAUD
txn_17ab1380,user_3199,6858.03,85,4517,True,BLOCKED,FRAUD
txn_a1aa3db0,user_8452,16282.31,78,139,False,BLOCKED,LEGITIMATE
txn_91b61f3a,user_9947,43445.57,87,8333,True,BLOCKED,FRAUD
txn_ab4274b7,user_3736,24950.62,91,5448,True,BLOCKED,FRAUD
txn_65531f3c,user_3157,16332.77,97,9837,True,BLOCKED,FRAUD
txn_cd9d7b0a,user_7149,7124.09,94,3837,True,BLOCKED,FRAUD
txn_620db2dd,user_6917,38117.93,95,2145,True,BLOCKED,FRAUD
txn_fa950b03,user_7655,33561.87,92,4215,True,BLOCKED,FRAUD
txn_1e1fb31c,user_7326,1580.84,74,385,False,BLOCKED,LEGITIMATE
txn_ef8ad17d,user_8983,37080.35,95,2150,True,BLOCKED,FRAUD
txn_4e986c9f,user_3217,32878.04,97,4958,True,BLOCKED,FRAUD
txn_486acd29,user_4570,33010.99,89,9456,True,BLOCKED,FRAUD
txn_d216e799,user_5412,22986.04,98,6739,True,BLOCKED,FRAUD
txn_fae3b94c,user_2428,18859.3,66,399,False,BLOCKED,LEGITIMATE
txn_21ecba19,user_1961,39157.98,95,8945,True,BLOCKED,FRAUD
txn_b6d2eb6a,user_6546,15913.23,97,5659,True,BLOCKED,FRAUD
txn_6a748306,user_3624,21316.91,96,5830,True,BLOCKED,FRAUD
txn_848137c7,user_7964,15870.67,62,91,True,BLOCKED,LEGITIMATE
txn_f1447e84,user_2771,17471.86,82,191,True,BLOCKED,LEGITIMATE
txn_528c879a,user_9407,44496.5,99,3444,True,BLOCKED,FRAUD
txn_93a8c561,user_1442,13715.81,99,3613,True,BLOCKED,FRAUD
txn_b42a1ac6,user_8934,47481.0,90,8223,True,BLOCKED,FRAUD
txn_19b853a3,user_9594,25377.69,96,3317,True,BLOCKED,FRAUD
txn_dd8f5183,user_9939,34263.04,92,6000,True,BLOCKED,FRAUD
txn_04494ad2,user_4778,11272.95,94,1195,True,BLOCKED,FRAUD
txn_e7ea5d6a,user_4862,8831.64,89,6968,True,BLOCKED,FRAUD
txn_1789f1ac,user_8255,48963.41,62,292,True,BLOCKED,LEGITIMATE
txn_68b50a8d,user_1777,12281.19,92,9089,True,BLOCKED,FRAUD
txn_c01cf895,user_6334,28202.73,74,463,False,BLOCKED,LEGITIMATE
txn_9eebacb9,user_3259,48705.36,82,457,False,BLOCKED,LEGITIMATE
txn_f3ae2233,user_1284,20080.44,92,3478,True,BLOCKED,FRAUD
txn_51f32fa9,user_5159,6727.24,93,7651,True,BLOCKED,FRAUD
txn_75a78d65,user_2095,17188.42,73,235,False,BLOCKED,LEGITIMATE
txn_9cb7ed83,user_2068,42045.78,93,3558,True,BLOCKED,FRAUD
txn_cfb7f81a,user_7512,13285.19,60,89,False,BLOCKED,LEGITIMATE
txn_bde5f308,user_4350,41508.03,99,2227,True,BLOCKED,FRAUD
txn_f048ab58,user_8198,3905.78,98,8623,True,BLOCKED,FRAUD
txn_ccb908f1,user_6618,28693.73,95,1527,True,BLOCKED,FRAUD
txn_9b0bf03b,user_7151,6899.38,99,3850,True,BLOCKED,FRAUD
txn_73d8ecaf,user_7807,47261.1,63,322,True,BLOCKED,LEGITIMATE
txn_91331d66,user_2363,4065.1,80,280,False,BLOCKED,LEGITIMATE
txn_78dc757d,user_8122,38204.72,99,3919,True,BLOCKED,FRAUD
txn_8a6d80fe,user_6104,38557.71,85,8863,True,BLOCKED,FRAUD
txn_02cfabed,user_2659,40457.59,68,366,True,BLOCKED,LEGITIMATE
txn_8c3759a4,user_9556,36252.49,91,3097,True,BLOCKED,FRAUD
txn_90c4482c,user_6630,8524.28,65,354,False,BLOCKED,LEGITIMATE
txn_40959fc7,user_6798,26115.6,66,232,True,BLOCKED,LEGITIMATE
txn_20c8ba50,user_5423,34740.91,69,203,False,BLOCKED,LEGITIMATE
txn_5f79a58d,user_7403,1140.86,88,1470,True,BLOCKED,FRAUD
txn_4bfb1c00,user_4366,6151.94,87,6629,True,BLOCKED,FRAUD
txn_f303312c,user_8248,40071.75,92,9554,True,BLOCKED,FRAUD
txn_b0793df8,user_2566,22868.69,87,1773,True,BLOCKED,FRAUD
txn_fe6312a6,user_8327,44186.77,75,157,False,BLOCKED,LEGITIMATE
txn_383c0222,user_7187,29048.0,89,3233,True,BLOCKED,FRAUD
txn_56f38737,user_3021,29267.65,97,1908,True,BLOCKED,FRAUD
txn_cd745cc9,user_6166,17223.14,95,2076,True,BLOCKED,FRAUD
txn_d40ce56e,user_5844,43004.9,72,448,False,BLOCKED,LEGITIMATE
txn_ee8d255f,user_2120,35245.37,93,5461,True,BLOCKED,FRAUD
txn_5d99d797,user_5793,8675.77,99,7510,True,BLOCKED,FRAUD
txn_91d72a21,user_9908,42482.76,99,4032,True,BLOCKED,FRAUD
txn_4f57c358,user_4179,41983.49,84,435,False,BLOCKED,LEGITIMATE
txn_32690659,user_6071,5289.36,81,374,True,BLOCKED,LEGITIMATE
txn_086ab5d7,user_8035,12929.44,89,9991,True,BLOCKED,FRAUD
txn_1fbafe72,user_2334,865.27,96,8519,True,BLOCKED,FRAUD
txn_c8c78aa6,user_8831,32145.84,88,2090,True,BLOCKED,FRAUD
txn_dafc412f,user_3021,23917.85,92,5879,True,BLOCKED,FRAUD
txn_b3a87162,user_8370,41640.66,99,2236,True,BLOCKED,FRAUD
txn_43086783,user_7910,11129.4,96,2324,True,BLOCKED,FRAUD
txn_44f92082,user_7346,9956.03,89,1140,True,BLOCKED,FRAUD
txn_6f415a93,user_3621,42589.28,87,2107,True,BLOCKED,FRAUD
txn_0eb01a0d,user_9222,36277.42,98,8405,True,BLOCKED,FRAUD
txn_16575366,user_3513,39162.75,85,1615,True,BLOCKED,FRAUD
txn_046df03c,user_6727,5219.79,81,320,True,BLOCKED,LEGITIMATE
txn_66262ee6,user_5850,39554.55,70,265,False,BLOCKED,LEGITIMATE
txn_c7c54639,user_6371,10546.54,96,6373,True,BLOCKED,FRAUD
txn_60992218,user_4213,15733.91,91,6771,True,BLOCKED,FRAUD
txn_19823524,user_2723,23690.4,60,207,True,BLOCKED,LEGITIMATE
txn_af4f610d,user_1495,8870.71,87,3922,True,BLOCKED,FRAUD
txn_1d7989b0,user_7383,30757.17,98,4180,True,BLOCKED,FRAUD
txn_086d9e5a,user_5120,33287.59,91,3464,True,BLOCKED,FRAUD
txn_dbcbe58f,user_2829,19434.83,66,88,True,BLOCKED,LEGITIMATE
txn_d0198461,user_9680,39129.43,92,3095,True,BLOCKED,FRAUD
txn_a19f7520,user_2881,2883.49,99,2369,True,BLOCKED,FRAUD
txn_1821c958,user_8526,44176.23,64,205,False,BLOCKED,LEGITIMATE
txn_d19c900d,user_1489,28791.58,87,6822,True,BLOCKED,FRAUD
txn_4616e346,user_5634,37671.52,81,371,False,BLOCKED,LEGITIMATE
txn_f894b0aa,user_5500,46059.58,97,4197,True,BLOCKED,FRAUD
txn_df819bad,user_2478,22983.64,64,410,False,BLOCKED,LEGITIMATE
txn_d0da3f22,user_7623,43294.59,85,91,False,BLOCKED,LEGITIMATE
txn_6949dc15,user_4193,29659.85,85,3181,True,BLOCKED,FRAUD
txn_07c4db88,user_7908,20669.24,97,8746,True,BLOCKED,FRAUD
txn_a656314c,user_3340,42862.96,90,2003,True,BLOCKED,FRAUD
txn_63759b33,user_7600,8346.6,70,282,False,BLOCKED,LEGITIMATE
txn_3a6c7a8b,user_6388,33349.37,99,4676,True,BLOCKED,FRAUD
txn_0095faf0,user_3961,43306.5,93,4554,True,BLOCKED,FRAUD
txn_742687c5,user_2282,40110.46,92,6224,True,BLOCKED,FRAUD
txn_2fb6a6cd,user_7022,27187.32,76,207,True,BLOCKED,LEGITIMATE
txn_33c02c82,user_6797,32413.94,82,50,False,BLOCKED,LEGITIMATE
txn_1eb967dd,user_6739,3225.52,97,9430,True,BLOCKED,FRAUD
txn_b5553967,user_8101,29278.68,91,6905,True,BLOCKED,FRAUD
txn_aabe13c2,user_2920,41387.12,63,242,True,BLOCKED,LEGITIMATE
txn_01cb3b6b,user_1847,6682.48,91,4849,True,BLOCKED,FRAUD
txn_3f39c6e0,user_9146,10400.41,63,152,True,BLOCKED,LEGITIMATE
txn_3c9e2b8f,user_5535,3991.12,97,3054,True,BLOCKED,FRAUD
txn_a63c0956,user_3419,11060.0,62,418,False,BLOCKED,LEGITIMATE
txn_bce8ea42,user_4363,41764.55,80,494,False,BLOCKED,LEGITIMATE
txn_5b81000f,user_4581,5590.36,93,1534,True,BLOCKED,FRAUD
txn_e281af15,user_4655,24337.53,89,8928,True,BLOCKED,FRAUD
txn_ee113684,user_3182,5034.17,70,294,True,BLOCKED,LEGITIMATE
txn_54229ba1,user_4184,36898.01,69,363,True,BLOCKED,LEGITIMATE
txn_6d496186,user_6618,47835.99,87,6263,True,BLOCKED,FRAUD
txn_21047038,user_7707,29281.13,92,8716,True,BLOCKED,FRAUD
txn_5bea23ee,user_9519,17770.98,78,137,False,BLOCKED,LEGITIMATE
txn_61523815,user_2387,4973.22,89,7541,True,BLOCKED,FRAUD
txn_5ca6a92b,user_4268,23843.52,91,9241,True,BLOCKED,FRAUD
txn_584f1173,user_1121,11791.84,81,280,False,BLOCKED,LEGITIMATE
txn_bf840789,user_8996,34799.12,92,9519,True,BLOCKED,FRAUD
txn_ab3c5faf,user_5791,25552.12,99,4521,True,BLOCKED,FRAUD
txn_9112feee,user_5892,44971.91,68,478,False,BLOCKED,LEGITIMATE
txn_ac66d935,user_6613,28909.03,65,55,True,BLOCKED,LEGITIMATE
txn_6b5f3d00,user_2907,3201.02,98,2898,True,BLOCKED,FRAUD
txn_9ed53dd4,user_5025,18154.61,84,455,True,BLOCKED,LEGITIMATE
txn_27804b33,user_9401,44361.74,97,3811,True,BLOCKED,FRAUD
txn_d6564b79,user_8449,42088.14,69,109,False,BLOCKED,LEGITIMATE
txn_82833812,user_5995,45741.98,87,7712,True,BLOCKED,FRAUD
txn_c9d597e7,user_5290,48107.76,92,4090,True,BLOCKED,FRAUD
txn_dc51004f,user_9956,16817.15,65,398,True,BLOCKED,LEGITIMATE
txn_78069357,user_2261,34215.23,89,1291,True,BLOCKED,FRAUD
txn_5c400f04,user_8376,41457.58,91,8875,True,BLOCKED,FRAUD
txn_84136660,user_4501,48273.8,93,4455,True,BLOCKED,FRAUD
txn_063d1951,user_5206,25525.02,87,8240,True,BLOCKED,FRAUD
txn_de2c2134,user_2529,36256.29,91,5175,True,BLOCKED,FRAUD
txn_806250d9,user_1883,20171.8,92,2212,True,BLOCKED,FRAUD
txn_b74c111e,user_4303,33950.46,96,5677,True,BLOCKED,FRAUD
txn_e9d553ca,user_4989,31869.22,93,4329,True,BLOCKED,FRAUD
txn_bb7119da,user_2702,5089.49,94,6802,True,BLOCKED,FRAUD
txn_34a74184,user_8922,45764.93,94,3350,True,BLOCKED,FRAUD
txn_632ec181,user_2832,22791.16,96,7773,True,BLOCKED,FRAUD
txn_58a0e128,user_5469,37681.99,66,95,False,BLOCKED,LEGITIMATE
txn_7218a56d,user_5093,28401.7,93,6120,True,BLOCKED,FRAUD
txn_55c56a44,user_5354,20009.03,97,1685,True,BLOCKED,FRAUD
txn_7e6b9af9,user_1854,1118.95,85,318,True,BLOCKED,LEGITIMATE
txn_819729e8,user_2554,29942.07,95,7207,True,BLOCKED,FRAUD
txn_fa0a5f72,user_1295,27707.67,94,3772,True,BLOCKED,FRAUD
txn_91dbdfb5,user_7306,37208.2,93,5535,True,BLOCKED,FRAUD
txn_8696baac,user_3996,33239.84,91,6896,True,BLOCKED,FRAUD
txn_b709b5ea,user_6475,21249.86,65,493,True,BLOCKED,LEGITIMATE
txn_20268e95,user_8284,25024.6,90,4875,True,BLOCKED,FRAUD
txn_b399f76d,user_4711,47681.41,88,2504,True,BLOCKED,FRAUD
txn_8c390c93,user_7549,17816.65,96,3502,True,BLOCKED,FRAUD
txn_e87aebf7,user_3406,8301.07,64,480,True,BLOCKED,LEGITIMATE
txn_9049623c,user_7877,44352.75,93,9203,True,BLOCKED,FRAUD
txn_afb9fbf1,user_4957,32123.48,60,307,False,BLOCKED,LEGITIMATE
txn_c1b0f29c,user_6473,39320.48,75,207,True,BLOCKED,LEGITIMATE
txn_892d3061,user_7246,37664.41,96,3281,True,BLOCKED,FRAUD
txn_7492b1fb,user_3085,47686.22,98,8413,True,BLOCKED,FRAUD
txn_a983fe6f,user_3064,43832.79,66,398,True,BLOCKED,LEGITIMATE
txn_da7aadac,user_5726,22225.01,92,7558,True,BLOCKED,FRAUD
txn_bdfd681b,user_1503,12476.1,94,9553,True,BLOCKED,FRAUD
txn_e00338d2,user_5523,17836.68,82,168,False,BLOCKED,LEGITIMATE
txn_30d8b87e,user_2138,43588.83,90,9725,True,BLOCKED,FRAUD
txn_b8ce9cf8,user_2786,35217.94,94,2420,True,BLOCKED,FRAUD
txn_8bd27514,user_5483,22778.4,89,7471,True,BLOCKED,FRAUD
txn_a9017334,user_7847,23064.22,70,262,True,BLOCKED,LEGITIMATE
txn_91732111,user_5652,31748.18,89,7937,True,BLOCKED,FRAUD
txn_67b6c90b,user_2565,26781.75,97,9353,True,BLOCKED,FRAUD
txn_7353ae5d,user_5704,46698.35,88,1321,True,BLOCKED,FRAUD
txn_0037e4d4,user_1509,19561.72,91,3733,True,BLOCKED,FRAUD
txn_ce5555eb,user_6541,16170.71,96,6268,True,BLOCKED,FRAUD
txn_0b7fb592,user_1551,38253.43,89,6781,True,BLOCKED,FRAUD
txn_06e0d190,user_7429,18797.57,86,7518,True,BLOCKED,FRAUD
txn_b17097bf,user_7765,31604.38,81,274,True,BLOCKED,LEGITIMATE
txn_028c0787,user_2734,13854.64,99,2414,True,BLOCKED,FRAUD
txn_6a60bf30,user_8071,32884.27,89,4440,True,BLOCKED,FRAUD
txn_d7d8645c,user_2639,30511.38,69,115,False,BLOCKED,LEGITIMATE
txn_d4175074,user_1697,30639.34,89,3226,True,BLOCKED,FRAUD
txn_4ab04565,user_4187,22547.6,90,9355,True,BLOCKED,FRAUD
txn_004e7b9a,user_5118,11078.32,78,383,True,BLOCKED,LEGITIMATE
txn_fcdf0a7a,user_1872,36440.54,86,4295,True,BLOCKED,FRAUD
txn_f51b305b,user_3846,25695.99,98,1401,True,BLOCKED,FRAUD
txn_f103a3ac,user_5860,6439.75,96,1979,True,BLOCKED,FRAUD
txn_d88a9451,user_9424,12847.24,60,432,False,BLOCKED,LEGITIMATE
txn_53ef9141,user_2530,13198.7,92,5593,True,BLOCKED,FRAUD
txn_f9b56c28,user_5305,18969.23,98,7926,True,BLOCKED,FRAUD
txn_0f0e8ed0,user_5179,24577.48,90,7313,True,BLOCKED,FRAUD
txn_f6cc0dce,user_3397,44650.14,95,4580,True,BLOCKED,FRAUD
txn_c4d18135,user_8624,42979.06,69,268,True,BLOCKED,LEGITIMATE
txn_43513687,user_2802,46332.79,92,4374,True,BLOCKED,FRAUD
txn_08e0877d,user_7983,5755.75,98,8511,True,BLOCKED,FRAUD
txn_865010ce,user_3025,5286.6,93,4119,True,BLOCKED,FRAUD
txn_1459a8de,user_4999,6439.18,95,8553,True,BLOCKED,FRAUD
txn_c34150f5,user_6984,14319.58,63,247,True,BLOCKED,LEGITIMATE
txn_cdf757f7,user_3490,23520.58,90,5234,True,BLOCKED,FRAUD
txn_6b7c25a6,user_7749,12557.86,96,9258,True,BLOCKED,FRAUD
txn_6e21a9dc,user_5500,4007.37,85,9154,True,BLOCKED,FRAUD
txn_b465471e,user_3808,35870.42,97,9365,True,BLOCKED,FRAUD
txn_62bdc3ca,user_7905,18161.13,66,143,False,BLOCKED,LEGITIMATE
txn_cde0c4ad,user_8667,8772.29,96,1713,True,BLOCKED,FRAUD
txn_7483525a,user_2104,4266.54,91,1193,True,BLOCKED,FRAUD
txn_c76e90b3,user_6583,46864.9,87,8918,True,BLOCKED,FRAUD
txn_ebe6c855,user_5211,42837.28,87,2134,True,BLOCKED,FRAUD
txn_5e84283e,user_8638,8993.46,99,3854,True,BLOCKED,FRAUD
txn_ac609ad4,user_5028,49133.05,80,364,True,BLOCKED,LEGITIMATE
txn_6235e500,user_4559,11307.57,73,491,False,BLOCKED,LEGITIMATE
txn_e309c343,user_3089,26806.93,86,3575,True,BLOCKED,FRAUD
txn_9379655d,user_7678,24593.73,92,5841,True,BLOCKED,FRAUD
txn_6f0bf119,user_4564,35193.0,93,5759,True,BLOCKED,FRAUD
txn_5a8861f0,user_9462,8421.99,91,5012,True,BLOCKED,FRAUD
txn_ca462320,user_2249,21584.33,93,1616,True,BLOCKED,FRAUD
txn_f8d0bc07,user_3882,9869.58,92,3180,True,BLOCKED,FRAUD
txn_82085c12,user_3702,35359.22,87,8918,True,BLOCKED,FRAUD
txn_b7f6bc98,user_7038,5792.51,98,2205,True,BLOCKED,FRAUD
txn_6ebd970f,user_6976,43635.11,96,2689,True,BLOCKED,FRAUD
txn_af0908d1,user_9844,32536.59,86,2536,True,BLOCKED,FRAUD
txn_345c592f,user_7714,27358.49,60,59,False,BLOCKED,LEGITIMATE
txn_4108e3a0,user_9759,25643.06,91,5769,True,BLOCKED,FRAUD
txn_95acf0d7,user_4608,26010.66,85,6601,True,BLOCKED,FRAUD
txn_bc0b4b6e,user_5239,26619.56,67,108,False,BLOCKED,LEGITIMATE
txn_4e0026b1,user_9173,36065.45,88,8160,True,BLOCKED,FRAUD
txn_681ab643,user_7944,49412.59,98,5783,True,BLOCKED,FRAUD
txn_facc008a,user_5508,10144.67,67,99,True,BLOCKED,LEGITIMATE
txn_e33fa07f,user_8175,33088.91,86,4885,True,BLOCKED,FRAUD
txn_6b48d9ba,user_4529,20793.56,67,387,False,BLOCKED,LEGITIMATE
txn_b70503be,user_7223,37400.8,89,6859,True,BLOCKED,FRAUD
txn_44757b6b,user_5957,8531.32,94,5696,True,BLOCKED,FRAUD
txn_19c501b4,user_4532,1814.57,78,129,True,BLOCKED,LEGITIMATE
txn_6d68b2e7,user_8944,6384.05,97,6961,True,BLOCKED,FRAUD
txn_6fe9bd85,user_2706,17894.0,75,114,True,BLOCKED,LEGITIMATE
txn_b91128b8,user_6941,48925.53,86,5287,True,BLOCKED,FRAUD
txn_e54f6182,user_3496,1004.08,85,7823,True,BLOCKED,FRAUD
txn_9f1baa0d,user_9395,44592.95,93,9318,True,BLOCKED,FRAUD
txn_7633e593,user_5452,29570.64,89,4289,True,BLOCKED,FRAUD
txn_bb563daf,user_7288,4012.39,89,2559,True,BLOCKED,FRAUD
txn_9983ab73,user_1359,44611.78,71,300,True,BLOCKED,LEGITIMATE
txn_e0bc7913,user_8128,25240.49,86,9044,True,BLOCKED,FRAUD
txn_6f167caa,user_4903,43714.13,86,8104,True,BLOCKED,FRAUD
txn_4c93c10a,user_5699,17389.05,64,371,True,BLOCKED,LEGITIMATE
txn_0d708d23,user_8048,13176.85,92,4497,True,BLOCKED,FRAUD
txn_dd909ff4,user_3518,18305.91,87,8996,True,BLOCKED,FRAUD
txn_46c4d88b,user_6011,36782.85,97,6159,True,BLOCKED,FRAUD
txn_cc9fe9cf,user_1022,16226.92,98,6369,True,BLOCKED,FRAUD
txn_08d4d4ed,user_9084,32340.26,85,2473,True,BLOCKED,FRAUD
txn_6da4f74a,user_5692,45539.17,85,3800,True,BLOCKED,FRAUD
txn_a0793b7d,user_6373,17029.79,85,2352,True,BLOCKED,FRAUD
txn_e085e778,user_4531,14024.03,92,9975,True,BLOCKED,FRAUD
txn_6aa629e6,user_5169,19788.17,77,468,False,BLOCKED,LEGITIMATE
txn_bff05aa4,user_6259,37775.67,92,8942,True,BLOCKED,FRAUD
txn_127baa1e,user_8727,22314.47,90,5555,True,BLOCKED,FRAUD
txn_2037cb8f,user_6908,39280.6,92,1795,True,BLOCKED,FRAUD
txn_ca6d4d17,user_1333,20904.03,97,8928,True,BLOCKED,FRAUD
txn_2de6a736,user_9058,23885.69,89,9203,True,BLOCKED,FRAUD
txn_24dbe6cd,user_8836,41316.49,66,71,False,BLOCKED,LEGITIMATE
txn_11b4d6e9,user_1556,32432.52,87,2830,True,BLOCKED,FRAUD
txn_90bb6761,user_1258,12943.38,72,204,False,BLOCKED,LEGITIMATE
txn_3ebde255,user_7349,34224.76,90,6486,True,BLOCKED,FRAUD
txn_15a4e681,user_7470,37220.15,71,307,False,BLOCKED,LEGITIMATE
txn_a2a05122,user_6494,40331.31,69,213,True,BLOCKED,LEGITIMATE
txn_f32adbd1,user_4947,30446.98,95,5269,True,BLOCKED,FRAUD
txn_d60441a5,user_1581,43950.97,88,6375,True,BLOCKED,FRAUD
txn_1202cce5,user_9910,39293.85,83,492,True,BLOCKED,LEGITIMATE
txn_e64a3bd4,user_8144,25220.52,93,2117,True,BLOCKED,FRAUD
txn_5326613a,user_9076,17028.31,97,1302,True,BLOCKED,FRAUD
txn_2d795ee0,user_8090,37363.88,72,417,True,BLOCKED,LEGITIMATE
txn_bc9e4757,user_6474,37502.31,99,9720,True,BLOCKED,FRAUD
txn_70ff634b,user_8288,21227.99,76,499,True,BLOCKED,LEGITIMATE
txn_ec4648f3,user_1559,42965.91,98,3829,True,BLOCKED,FRAUD
txn_be2b1eb3,user_9654,26883.42,67,144,True,BLOCKED,LEGITIMATE
txn_916f209c,user_4360,3456.59,87,8112,True,BLOCKED,FRAUD
txn_04cd531e,user_8769,15944.38,94,2810,True,BLOCKED,FRAUD
txn_5ff84356,user_3137,42994.82,78,336,False,BLOCKED,LEGITIMATE
txn_9f8a52c4,user_8309,24942.49,92,5185,True,BLOCKED,FRAUD
txn_bb5964db,user_5031,4412.77,97,1626,True,BLOCKED,FRAUD
txn_8939e0cf,user_7624,19571.89,99,8256,True,BLOCKED,FRAUD
txn_0d430b44,user_6413,8793.16,65,140,True,BLOCKED,LEGITIMATE
txn_63a4e441,user_4588,37712.09,93,1567,True,BLOCKED,FRAUD
txn_3efd4813,user_9259,40767.19,89,8161,True,BLOCKED,FRAUD
txn_d492818c,user_6501,35127.62,95,3335,True,BLOCKED,FRAUD
txn_5f76dc9f,user_2109,8844.81,65,471,True,BLOCKED,LEGITIMATE
txn_8ab88ce7,user_2172,41805.17,91,5996,True,BLOCKED,FRAUD
txn_78cb7bcd,user_1535,44098.43,88,8784,True,BLOCKED,FRAUD
txn_bc72a09d,user_2500,28407.27,99,9147,True,BLOCKED,FRAUD
txn_4a4f863a,user_1510,16297.85,99,1144,True,BLOCKED,FRAUD
txn_ab49ff3a,user_5514,10777.23,61,99,False,BLOCKED,LEGITIMATE
txn_d57efc5b,user_4448,3613.64,68,137,False,BLOCKED,LEGITIMATE
txn_6da323e2,user_8480,37294.36,85,2152,True,BLOCKED,FRAUD
txn_67cca547,user_6867,9634.63,96,1542,True,BLOCKED,FRAUD
txn_de1185f7,user_2486,13802.96,68,176,True,BLOCKED,LEGITIMATE
txn_4d41de07,user_2590,15723.77,91,6029,True,BLOCKED,FRAUD
txn_547af872,user_3135,35596.86,96,4654,True,BLOCKED,FRAUD
txn_c2b912e9,user_8309,24770.06,95,1855,True,BLOCKED,FRAUD
txn_2283d790,user_3007,7209.72,92,6862,True,BLOCKED,FRAUD
txn_cf502b8f,user_8140,48750.47,77,396,False,BLOCKED,LEGITIMATE
txn_04f9448e,user_7957,35954.21,97,7515,True,BLOCKED,FRAUD
txn_5bc10e05,user_5034,26423.98,85,3116,True,BLOCKED,FRAUD
txn_24dd9dc1,user_6786,19607.18,94,6403,True,BLOCKED,FRAUD
txn_2daf2faa,user_4620,24375.12,86,3363,True,BLOCKED,FRAUD
txn_6bcc191d,user_7349,12667.86,99,8602,True,BLOCKED,FRAUD
txn_186ca8f5,user_3483,3182.42,85,5998,True,BLOCKED,FRAUD
txn_3678da28,user_9492,27267.64,98,5505,True,BLOCKED,FRAUD
txn_d0a1efd1,user_3398,40079.23,97,5548,True,BLOCKED,FRAUD
txn_b748af3d,user_3017,40318.43,95,6215,True,BLOCKED,FRAUD
txn_5fa5508a,user_1674,33984.59,96,1529,True,BLOCKED,FRAUD
txn_5a0e6e30,user_8208,38289.41,86,5094,True,BLOCKED,FRAUD
txn_6dc6d453,user_9648,47329.23,95,4790,True,BLOCKED,FRAUD
txn_7da1a6b5,user_4846,36186.82,62,82,False,BLOCKED,LEGITIMATE
txn_ccdb95e3,user_2641,9102.11,95,3948,True,BLOCKED,FRAUD
txn_7d3a9b1d,user_1516,9114.25,96,5641,True,BLOCKED,FRAUD
txn_93aebdb9,user_2064,18214.55,72,146,False,BLOCKED,LEGITIMATE
txn_5581d3dc,user_1237,35011.32,86,2586,True,BLOCKED,FRAUD
txn_df19adf9,user_3968,35169.42,90,4856,True,BLOCKED,FRAUD
txn_360ca632,user_1761,23339.77,91,4426,True,BLOCKED,FRAUD
txn_eb45569c,user_7798,42078.13,93,9376,True,BLOCKED,FRAUD
txn_d2d5a4d2,user_5624,7475.65,94,7911,True,BLOCKED,FRAUD
txn_2ebcadc0,user_5661,3311.35,80,405,True,BLOCKED,LEGITIMATE
txn_dbfddcf2,user_1567,29563.83,94,3653,True,BLOCKED,FRAUD
txn_5876c91d,user_1712,2637.27,87,3348,True,BLOCKED,FRAUD
txn_cc4649ad,user_3196,24157.1,82,385,False,BLOCKED,LEGITIMATE
txn_d416ff4d,user_8509,21859.61,60,263,True,BLOCKED,LEGITIMATE
txn_c73caf07,user_5504,22310.1,84,116,True,BLOCKED,LEGITIMATE
txn_27681dfd,user_9383,40577.58,75,161,False,BLOCKED,LEGITIMATE
txn_95e47621,user_6499,28610.98,71,69,False,BLOCKED,LEGITIMATE
txn_c890a660,user_7401,6786.05,99,5053,True,BLOCKED,FRAUD
txn_a0586ef8,user_1586,23838.35,85,409,False,BLOCKED,LEGITIMATE
txn_3dd3ad73,user_2954,11999.79,68,83,False,BLOCKED,LEGITIMATE
txn_3c29aaf1,user_8441,34222.8,93,9295,True,BLOCKED,FRAUD
txn_ee031764,user_3781,49866.49,94,8174,True,BLOCKED,FRAUD
txn_0785aa4f,user_5250,35553.79,97,3730,True,BLOCKED,FRAUD
txn_3c54bf45,user_9902,6567.79,72,71,False,BLOCKED,LEGITIMATE
txn_6f656f5f,user_1336,29846.13,64,265,True,BLOCKED,LEGITIMATE
txn_a9e350ea,user_9644,15782.78,94,9002,True,BLOCKED,FRAUD
txn_fcf11a79,user_1781,35308.22,92,3468,True,BLOCKED,FRAUD
txn_0a84d5f2,user_5977,10275.25,91,3912,True,BLOCKED,FRAUD
txn_ab0be314,user_8926,10658.29,86,6674,True,BLOCKED,FRAUD
txn_6bc15e04,user_2523,2327.86,92,9605,True,BLOCKED,FRAUD
txn_3172aaf0,user_6289,923.41,93,7081,True,BLOCKED,FRAUD
txn_15bc7acd,user_8376,21612.61,82,351,False,BLOCKED,LEGITIMATE
txn_8e7b1a1d,user_3383,5365.48,99,4764,True,BLOCKED,FRAUD
txn_654ee50f,user_6995,29576.88,93,8489,True,BLOCKED,FRAUD
txn_3308852d,user_5089,35125.37,89,7610,True,BLOCKED,FRAUD
txn_c9976cf2,user_1209,36176.68,99,2360,True,BLOCKED,FRAUD
txn_8bb6d3e9,user_5899,27555.46,82,262,False,BLOCKED,LEGITIMATE
txn_072ef020,user_5010,38296.17,80,365,False,BLOCKED,LEGITIMATE
txn_1fe2badf,user_5159,8786.13,86,4418,True,BLOCKED,FRAUD
txn_d1b64cd8,user_2899,36947.95,98,9170,True,BLOCKED,FRAUD
txn_87b7b752,user_3739,9154.11,95,2612,True,BLOCKED,FRAUD
txn_2bd38b06,user_1599,25144.36,90,8593,True,BLOCKED,FRAUD
txn_4b847af6,user_8868,45543.92,97,2580,True,BLOCKED,FRAUD
txn_19273a34,user_4051,46167.46,88,4984,True,BLOCKED,FRAUD
txn_d2086c40,user_7277,49497.46,84,247,True,BLOCKED,LEGITIMATE
txn_3aac7397,user_5061,20875.61,95,7794,True,BLOCKED,FRAUD
txn_9d7d77bb,user_9040,25778.55,99,1840,True,BLOCKED,FRAUD
txn_b4096bb3,user_6501,25016.22,63,380,False,BLOCKED,LEGITIMATE
txn_49bb3cd3,user_8234,32054.18,89,4619,True,BLOCKED,FRAUD
txn_23daef07,user_4205,9636.2,99,2786,True,BLOCKED,FRAUD
txn_cba8bd94,user_4877,38497.5,78,391,True,BLOCKED,LEGITIMATE
txn_ff273578,user_3290,35418.63,89,3338,True,BLOCKED,FRAUD
txn_6e5d0214,user_8285,7510.81,90,9807,True,BLOCKED,FRAUD
txn_2689e2f9,user_4213,15920.11,91,3835,True,BLOCKED,FRAUD
txn_c624793a,user_4352,9901.85,62,107,True,BLOCKED,LEGITIMATE
txn_61a8d12a,user_8749,23596.99,81,497,True,BLOCKED,LEGITIMATE
txn_62566ef1,user_2281,38664.7,98,7552,True,BLOCKED,FRAUD
txn_2f2b80d7,user_6931,24706.12,88,7348,True,BLOCKED,FRAUD
txn_4bb003df,user_2840,21945.44,94,1585,True,BLOCKED,FRAUD
txn_5d69cc9a,user_6379,11085.52,73,441,False,BLOCKED,LEGITIMATE
txn_c2b69b5b,user_2009,39874.85,93,7072,True,BLOCKED,FRAUD
txn_a575e5fb,user_2085,8704.44,87,6782,True,BLOCKED,FRAUD
txn_161bfcf1,user_5191,1774.51,72,475,True,BLOCKED,LEGITIMATE
txn_b497a27d,user_7131,42830.28,64,312,True,BLOCKED,LEGITIMATE
txn_022748de,user_3529,3505.63,67,76,False,BLOCKED,LEGITIMATE
txn_a81b68ab,user_5263,41794.01,97,9208,True,BLOCKED,FRAUD
txn_a0f1d205,user_8033,24829.3,72,81,True,BLOCKED,LEGITIMATE
txn_eea87fb4,user_3072,25748.27,96,9884,True,BLOCKED,FRAUD
txn_ed53cc91,user_7996,28552.3,94,7387,True,BLOCKED,FRAUD
txn_16e92ab4,user_8568,44484.05,93,9309,True,BLOCKED,FRAUD
txn_4cd9c601,user_1899,6258.48,87,8442,True,BLOCKED,FRAUD
txn_47ea8a0e,user_9560,3775.81,85,2928,True,BLOCKED,FRAUD
txn_df032f73,user_4336,38026.12,68,494,True,BLOCKED,LEGITIMATE
txn_0392e1f8,user_5477,20123.14,62,365,False,BLOCKED,LEGITIMATE
txn_4e8f274b,user_8721,17449.42,91,2499,True,BLOCKED,FRAUD
txn_bcc42cd4,user_5375,45854.42,90,9230,True,BLOCKED,FRAUD
txn_feb292f7,user_4663,36034.98,91,9080,True,BLOCKED,FRAUD
txn_e7080a0f,user_8373,30828.07,60,308,True,BLOCKED,LEGITIMATE
txn_8f08f393,user_4020,33034.35,90,4011,True,BLOCKED,FRAUD
txn_e552ed02,user_2362,48064.4,97,4491,True,BLOCKED,FRAUD
txn_25d357c2,user_8529,11052.14,91,3233,True,BLOCKED,FRAUD
txn_0c64299f,user_6563,41486.65,95,7795,True,BLOCKED,FRAUD
txn_38a0c77d,user_9149,46914.21,97,6235,True,BLOCKED,FRAUD
txn_f5b133b0,user_8580,10367.86,98,7158,True,BLOCKED,FRAUD
txn_f68f1298,user_6802,33788.91,96,2744,True,BLOCKED,FRAUD
txn_5aaa6c76,user_8616,44043.07,94,5505,True,BLOCKED,FRAUD
txn_9884d033,user_8891,34144.55,97,5517,True,BLOCKED,FRAUD
txn_0703b470,user_3959,46239.58,86,9512,True,BLOCKED,FRAUD
txn_28aa31cf,user_7746,2795.8,64,81,False,BLOCKED,LEGITIMATE
txn_298ad913,user_3194,24965.91,89,4306,True,BLOCKED,FRAUD
txn_94720c3b,user_6361,2906.73,93,3650,True,BLOCKED,FRAUD
txn_6a990444,user_5192,24599.39,88,2852,True,BLOCKED,FRAUD
txn_fb8c1e93,user_9176,46826.4,91,7111,True,BLOCKED,FRAUD
txn_de0cf7a4,user_6572,13457.02,60,89,True,BLOCKED,LEGITIMATE
txn_e2a52f2a,user_4921,15115.96,92,7885,True,BLOCKED,FRAUD
txn_ddefe0a3,user_6024,35247.2,93,8513,True,BLOCKED,FRAUD
txn_a60417f3,user_5276,48887.77,80,326,False,BLOCKED,LEGITIMATE
txn_a42c0689,user_2601,44147.8,93,3630,True,BLOCKED,FRAUD
txn_d3b2b020,user_6487,26282.06,91,6633,True,BLOCKED,FRAUD
txn_15691ac7,user_4008,10080.71,64,421,False,BLOCKED,LEGITIMATE
txn_10f159d9,user_3592,4632.0,75,443,True,BLOCKED,LEGITIMATE
txn_0f3e2589,user_9806,5645.9,99,1986,True,BLOCKED,FRAUD
txn_1f53188e,user_5870,37842.23,87,3507,True,BLOCKED,FRAUD
txn_22ec7fe4,user_5623,17001.89,85,8176,True,BLOCKED,FRAUD
txn_641c6839,user_4582,42798.08,95,4488,True,BLOCKED,FRAUD
txn_ea4bc63e,user_8327,7835.68,66,96,True,BLOCKED,LEGITIMATE
txn_0e07b2a4,user_5242,16994.62,87,1043,True,BLOCKED,FRAUD
txn_c06aeb38,user_9919,43735.27,93,3332,True,BLOCKED,FRAUD
txn_b215e1d4,user_9693,39443.08,94,7949,True,BLOCKED,FRAUD
txn_6fa851ab,user_9441,30018.77,81,288,True,BLOCKED,LEGITIMATE
txn_62584234,user_1690,5814.36,79,406,True,BLOCKED,LEGITIMATE
txn_a67b05dd,user_5322,15260.05,94,5862,True,BLOCKED,FRAUD
txn_f29ffb69,user_3391,15698.78,81,433,False,BLOCKED,LEGITIMATE
txn_22265495,user_8454,2199.45,98,7294,True,BLOCKED,FRAUD
txn_094fd36f,user_4831,36882.9,89,6615,True,BLOCKED,FRAUD
txn_59a7ae61,user_2621,47024.66,80,165,False,BLOCKED,LEGITIMATE
txn_a27c90f6,user_8984,49506.54,86,9617,True,BLOCKED,FRAUD
txn_98df15b2,user_2914,15606.11,64,198,False,BLOCKED,LEGITIMATE
txn_5431c181,user_9847,38020.39,94,3035,True,BLOCKED,FRAUD
txn_16d0b328,user_6837,7309.06,89,6778,True,BLOCKED,FRAUD
txn_dd56c990,user_8387,40258.47,67,181,True,BLOCKED,LEGITIMATE
txn_f5cb0184,user_2682,25671.78,99,1879,True,BLOCKED,FRAUD
txn_0b710880,user_2261,46393.13,89,1890,True,BLOCKED,FRAUD
txn_ba2f0cd5,user_5106,24293.26,90,4505,True,BLOCKED,FRAUD
txn_6eb81641,user_3755,25834.69,70,470,True,BLOCKED,LEGITIMATE
txn_29e0ff63,user_8956,17762.24,66,306,True,BLOCKED,LEGITIMATE
txn_897eb9a1,user_6496,11315.82,97,8363,True,BLOCKED,FRAUD
txn_a201e881,user_1452,13683.56,85,4256,True,BLOCKED,FRAUD
txn_9750c6fa,user_9290,8304.21,90,2799,True,BLOCKED,FRAUD
txn_db6e8dcb,user_6140,19036.61,93,6456,True,BLOCKED,FRAUD
txn_5c50590a,user_8967,41200.33,87,3687,True,BLOCKED,FRAUD
txn_c534e198,user_9277,7078.32,91,8642,True,BLOCKED,FRAUD
txn_d47e96b9,user_1981,36123.35,94,5561,True,BLOCKED,FRAUD
txn_50286e3b,user_7256,40293.93,87,5310,True,BLOCKED,FRAUD
txn_927f3d4e,user_8567,45240.25,71,340,True,BLOCKED,LEGITIMATE
txn_b3b7c62b,user_2649,24629.42,61,145,True,BLOCKED,LEGITIMATE
txn_762f1bfd,user_5056,14351.44,92,6551,True,BLOCKED,FRAUD
txn_860d4482,user_8187,19005.8,85,8955,True,BLOCKED,FRAUD
txn_01e632ea,user_5531,45148.37,94,5253,True,BLOCKED,FRAUD
txn_b6d390ea,user_6864,9486.63,65,280,False,BLOCKED,LEGITIMATE
txn_2c0246e0,user_5635,11857.23,99,4333,True,BLOCKED,FRAUD
txn_970ce95b,user_2501,18335.75,73,122,False,BLOCKED,LEGITIMATE
txn_50c27451,user_1024,11042.77,86,8221,True,BLOCKED,FRAUD
txn_2e0a9f85,user_8400,8438.54,94,1340,True,BLOCKED,FRAUD
txn_1a5ab0b6,user_5048,37453.27,97,9174,True,BLOCKED,FRAUD
txn_a8d655ff,user_4404,25683.87,88,4337,True,BLOCKED,FRAUD
txn_76b2dc0a,user_7667,38348.95,90,8255,True,BLOCKED,FRAUD
txn_501bc1ab,user_9009,19027.42,70,455,True,BLOCKED,LEGITIMATE
txn_e05a1b41,user_3188,28153.71,91,6590,True,BLOCKED,FRAUD
txn_455c4ddf,user_9475,17528.82,95,5476,True,BLOCKED,FRAUD
txn_bbb542cd,user_9303,23942.51,95,1590,True,BLOCKED,FRAUD
txn_14a16916,user_3682,36309.02,94,2042,True,BLOCKED,FRAUD
txn_58777476,user_9787,42519.41,99,1110,True,BLOCKED,FRAUD
txn_c8a66c7d,user_7073,34943.79,78,387,True,BLOCKED,LEGITIMATE
txn_4a72debf,user_2829,24284.07,87,9024,True,BLOCKED,FRAUD
txn_dff17337,user_6958,37154.82,98,6247,True,BLOCKED,FRAUD
txn_d58e5781,user_7280,26313.06,83,452,True,BLOCKED,LEGITIMATE
txn_489b6ab4,user_1538,3879.99,80,77,True,BLOCKED,LEGITIMATE
txn_d96d8993,user_9246,2506.0,97,4401,True,BLOCKED,FRAUD
txn_2992af23,user_9527,1153.7,68,159,False,BLOCKED,LEGITIMATE
txn_43a0bf63,user_2045,23955.16,88,3672,True,BLOCKED,FRAUD
txn_e5bc4c14,user_1962,41555.05,97,7980,True,BLOCKED,FRAUD
txn_71031cbc,user_2640,12705.12,80,102,True,BLOCKED,LEGITIMATE
txn_272aedac,user_2865,5677.93,76,121,False,BLOCKED,LEGITIMATE
txn_8883648b,user_8024,42199.81,94,8718,True,BLOCKED,FRAUD
txn_2740535f,user_3953,10241.46,91,9513,True,BLOCKED,FRAUD
txn_589e1387,user_9550,28812.69,92,2966,True,BLOCKED,FRAUD
txn_8fb34813,user_2871,32368.14,86,9195,True,BLOCKED,FRAUD
txn_4009826e,user_5968,33881.64,99,5629,True,BLOCKED,FRAUD
txn_b5f1d0ef,user_3901,14200.2,85,5644,True,BLOCKED,FRAUD
txn_7ec3721c,user_7337,18014.77,99,9956,True,BLOCKED,FRAUD
txn_ded5af3e,user_8127,10126.94,94,1108,True,BLOCKED,FRAUD
txn_a9a32bcd,user_2582,42367.96,91,4319,True,BLOCKED,FRAUD
txn_06b6f479,user_7249,38145.87,89,7588,True,BLOCKED,FRAUD
txn_b6d0b69c,user_2618,37392.64,80,351,True,BLOCKED,LEGITIMATE
txn_87bb1a2b,user_1446,26646.55,90,4368,True,BLOCKED,FRAUD
txn_4272b6f9,user_2176,10454.39,76,125,True,BLOCKED,LEGITIMATE
txn_4f11806f,user_7525,30922.9,88,8172,True,BLOCKED,FRAUD
txn_e9f1273f,user_8695,23557.43,99,7555,True,BLOCKED,FRAUD
txn_c3ab2aaf,user_5283,7024.63,71,472,False,BLOCKED,LEGITIMATE
txn_3558e212,user_2846,28202.65,76,192,False,BLOCKED,LEGITIMATE
txn_6ed5a306,user_4358,1193.57,92,1710,True,BLOCKED,FRAUD
txn_a589ac93,user_5519,41860.84,84,261,True,BLOCKED,LEGITIMATE
txn_0a1b8578,user_4223,22500.32,90,5474,True,BLOCKED,FRAUD
txn_b02c422f,user_2695,5179.87,86,8893,True,BLOCKED,FRAUD
txn_aa4b4486,user_3032,5751.45,87,1041,True,BLOCKED,FRAUD
txn_84c1beb2,user_2441,26360.57,73,394,True,BLOCKED,LEGITIMATE
txn_89d01094,user_7364,5536.12,61,129,True,BLOCKED,LEGITIMATE
txn_fb45e995,user_4885,21307.83,94,5518,True,BLOCKED,FRAUD
txn_75f35463,user_9855,8031.42,72,251,True,BLOCKED,LEGITIMATE
txn_61f37136,user_9270,6235.19,95,3825,True,BLOCKED,FRAUD
txn_2246509c,user_9292,10653.96,96,7900,True,BLOCKED,FRAUD
txn_9cfdec4e,user_4925,9331.92,67,283,False,BLOCKED,LEGITIMATE
txn_fd0e1969,user_9084,32750.52,72,338,True,BLOCKED,LEGITIMATE
txn_aae875b7,user_6811,31199.66,98,7656,True,BLOCKED,FRAUD
txn_4ee49542,user_8208,25251.32,93,2216,True,BLOCKED,FRAUD
txn_8755a4af,user_6027,48235.93,86,5088,True,BLOCKED,FRAUD
txn_17eb5f49,user_7184,1338.63,92,3487,True,BLOCKED,FRAUD
txn_aa566ff2,user_8604,823.79,96,4427,True,BLOCKED,FRAUD
txn_7f9fd7ce,user_6530,1148.38,88,9007,True,BLOCKED,FRAUD
txn_025a837c,user_9575,769.48,68,425,False,BLOCKED,LEGITIMATE
txn_5015399f,user_7176,27932.11,90,8079,True,BLOCKED,FRAUD
txn_266d36d8,user_6203,5301.27,91,8413,True,BLOCKED,FRAUD
txn_83de0d4c,user_7804,4761.43,83,362,False,BLOCKED,LEGITIMATE
txn_21ba601c,user_1293,27016.4,81,124,False,BLOCKED,LEGITIMATE
txn_ab285b94,user_9541,39648.51,90,2321,True,BLOCKED,FRAUD
txn_b8d49840,user_8195,21997.05,80,322,False,BLOCKED,LEGITIMATE
txn_29f5d4f6,user_7736,33872.3,94,8478,True,BLOCKED,FRAUD
txn_259151a6,user_1710,30212.84,94,8821,True,BLOCKED,FRAUD
txn_22b24102,user_8831,44411.1,74,62,True,BLOCKED,LEGITIMATE
txn_6e67f173,user_4871,47857.72,68,361,False,BLOCKED,LEGITIMATE
txn_7fc5e5ca,user_5022,45515.77,99,5336,True,BLOCKED,FRAUD
txn_dd8dc7af,user_8049,1874.32,74,285,False,BLOCKED,LEGITIMATE
txn_dd6eb835,user_8801,16366.96,91,7757,True,BLOCKED,FRAUD
txn_0b3449a1,user_9694,4261.43,96,8542,True,BLOCKED,FRAUD
txn_21eb902f,user_4068,41357.91,63,102,True,BLOCKED,LEGITIMATE
txn_b9b8864d,user_1647,18424.71,85,293,True,BLOCKED,LEGITIMATE
txn_c3373109,user_8777,503.05,68,370,True,BLOCKED,LEGITIMATE
txn_a268aca7,user_5747,9408.53,65,498,False,BLOCKED,LEGITIMATE
txn_a4765e6c,user_2190,3364.27,94,7078,True,BLOCKED,FRAUD
txn_d29a417c,user_8211,8764.39,91,2532,True,BLOCKED,FRAUD
txn_cc19f39b,user_7234,14506.89,96,4652,True,BLOCKED,FRAUD
txn_478266df,user_4459,9842.87,67,199,True,BLOCKED,LEGITIMATE
txn_590d748a,user_4337,3459.51,60,97,True,BLOCKED,LEGITIMATE
txn_13cdd4aa,user_8622,29752.55,96,3496,True,BLOCKED,FRAUD
txn_72656c9f,user_2926,18531.79,89,3691,True,BLOCKED,FRAUD
txn_8b1c2b42,user_6403,27869.73,92,4133,True,BLOCKED,FRAUD
